path,category,change,before_sha256,after_sha256,baseline_coverage,after_evidence
app/build.gradle,configuration,modified,4064963332539a7723651a10903bb173a90ecd7bec9aa1ce5e0a79fc02e6264c,e89425bcdd393199880fa9f68df1516cdb50bda103ef5d1722d03ce9b604b875,enumerated,"changed input bound to software receipt; specific deep/behavior/device evidence in issue ledger, not blanket branch coverage"
app/src/androidTest/assets/web-state-fixture.html,test-or-gate,unchanged,89646d1144cc80a477514d3a9cbd252fd02f3623ea296c30bd6d1cd112d9dfc9,89646d1144cc80a477514d3a9cbd252fd02f3623ea296c30bd6d1cd112d9dfc9,enumerated,baseline classification retained
app/src/androidTest/java/com/deepseekharness/app/BackupInstrumentation.java,test-or-gate,unchanged,e42d193a4da27eaaaa0d92fa546c41e6b71450385d38ea07a012cd9d6227939c,e42d193a4da27eaaaa0d92fa546c41e6b71450385d38ea07a012cd9d6227939c,static-scan,baseline classification retained
app/src/androidTest/java/com/deepseekharness/app/Rc13Instrumentation.java,test-or-gate,unchanged,d12bd2755bf96a3e315851685681bfd044da1d52c9d9d7b02750f87489761fa8,d12bd2755bf96a3e315851685681bfd044da1d52c9d9d7b02750f87489761fa8,static-scan,baseline classification retained
app/src/androidTest/java/com/deepseekharness/app/core/OptimizationInstrumentation.java,test-or-gate,unchanged,d1f6e14cba044d53a3ea2eabb211b731f58526dd9fc2fa03eaf97c3008a3b645,d1f6e14cba044d53a3ea2eabb211b731f58526dd9fc2fa03eaf97c3008a3b645,static-scan,baseline classification retained
app/src/androidTest/java/com/deepseekharness/app/core/PluginUiInstrumentation.java,test-or-gate,unchanged,21604638def9469e76849c18801c5e335902361ab005fd577cf225c7458aba58,21604638def9469e76849c18801c5e335902361ab005fd577cf225c7458aba58,static-scan,baseline classification retained
app/src/androidTest/java/com/deepseekharness/app/core/RecoveryInstrumentation.java,test-or-gate,unchanged,4573db45253b1203a70c169c6006c89c38a1d271f6110937f5243f500f06fd87,4573db45253b1203a70c169c6006c89c38a1d271f6110937f5243f500f06fd87,static-scan,baseline classification retained
app/src/androidTest/java/com/deepseekharness/app/core/UpdateFlowInstrumentation.java,test-or-gate,unchanged,a3430f0a4e98e5aabcf72ef090bda26183ad82f0d395b35e003911796a2bd3bf,a3430f0a4e98e5aabcf72ef090bda26183ad82f0d395b35e003911796a2bd3bf,static-scan,baseline classification retained
app/src/androidTest/java/com/deepseekharness/app/core/UpdateProcessInstrumentation.java,test-or-gate,unchanged,6fc2df6d91327d956f5d62472e55d3be13218cc94a88bddda3ce971cc175db3d,6fc2df6d91327d956f5d62472e55d3be13218cc94a88bddda3ce971cc175db3d,static-scan,baseline classification retained
app/src/androidTest/java/com/deepseekharness/app/ui/RealWebInstrumentation.java,test-or-gate,unchanged,3358cafa790d441dc61d9a51b1a2bc25e1ed46ab3b2612d90bdc8ea7018e6605,3358cafa790d441dc61d9a51b1a2bc25e1ed46ab3b2612d90bdc8ea7018e6605,static-scan,baseline classification retained
app/src/androidTest/java/com/deepseekharness/app/ui/ThemeInstrumentation.java,test-or-gate,unchanged,928434f970bced590264fa61160dd0b204107ac5e7c55205df27b0c479b794e2,928434f970bced590264fa61160dd0b204107ac5e7c55205df27b0c479b794e2,static-scan,baseline classification retained
app/src/androidTest/java/com/deepseekharness/app/ui/WebInstrumentation.java,test-or-gate,unchanged,c1d80bb7ad2935d3b1f9993166d1fb63f56de8b38620f601d2d593a57cffa926,c1d80bb7ad2935d3b1f9993166d1fb63f56de8b38620f601d2d593a57cffa926,static-scan,baseline classification retained
app/src/debug/AndroidManifest.xml,test-or-gate,unchanged,25d232d7dcc8417c8a36fa46bd5a0c7281b50534b0d4c1dadbeeb0a0492be969,25d232d7dcc8417c8a36fa46bd5a0c7281b50534b0d4c1dadbeeb0a0492be969,enumerated,baseline classification retained
app/src/debug/assets/web-state-fixture.html,test-or-gate,unchanged,52578517a4e0d3feb0b17f7021886a101000deffb09dda3b8b4d2162bfed07dd,52578517a4e0d3feb0b17f7021886a101000deffb09dda3b8b4d2162bfed07dd,enumerated,baseline classification retained
app/src/debug/java/com/deepseekharness/app/BridgeAuditInstrumentation.java,test-or-gate,unchanged,6992978339c4c0fab8fcadcaf3624f732f495cbe126557483e2fd5ee0e4d0b56,6992978339c4c0fab8fcadcaf3624f732f495cbe126557483e2fd5ee0e4d0b56,static-scan,baseline classification retained
app/src/debug/java/com/deepseekharness/app/DeviceCapabilityAudit.java,test-or-gate,unchanged,3ca672cd7257ad99bc47318fd723b93ed90ab01df7ed166c6753db323b35fc98,3ca672cd7257ad99bc47318fd723b93ed90ab01df7ed166c6753db323b35fc98,static-scan,baseline classification retained
app/src/debug/java/com/deepseekharness/app/DevicePolicyAudit.java,test-or-gate,unchanged,3f5ff2eb0a054ab68e899300df2a8dba6ead3d6661dcc0c120a176bd9fa6f828,3f5ff2eb0a054ab68e899300df2a8dba6ead3d6661dcc0c120a176bd9fa6f828,static-scan,baseline classification retained
app/src/debug/java/com/deepseekharness/app/DocumentsAudit.java,test-or-gate,unchanged,40c2d2833c9a982dd6dcc65f835019b4d785088ff2a13354b2b81ade60cde12d,40c2d2833c9a982dd6dcc65f835019b4d785088ff2a13354b2b81ade60cde12d,static-scan,baseline classification retained
app/src/debug/java/com/deepseekharness/app/DocumentsAuditProvider.java,test-or-gate,unchanged,3618253e69e54b50d9e26b0290ad8256bbbde4a180b9f40f8940bf5da430215c,3618253e69e54b50d9e26b0290ad8256bbbde4a180b9f40f8940bf5da430215c,static-scan,baseline classification retained
app/src/debug/java/com/deepseekharness/app/SmsGrantAudit.java,test-or-gate,unchanged,bf392d2c93a7c024d29d48529eba911976cf8ca65dc312e1eab7d90a2b15e19f,bf392d2c93a7c024d29d48529eba911976cf8ca65dc312e1eab7d90a2b15e19f,static-scan,baseline classification retained
app/src/debug/java/com/deepseekharness/app/core/Alpha2Audit.java,test-or-gate,unchanged,8ed69b8a082df1619e7c4addecdcab30069f670b923eb7ffec975a480e4eeef5,8ed69b8a082df1619e7c4addecdcab30069f670b923eb7ffec975a480e4eeef5,static-scan,baseline classification retained
app/src/debug/java/com/deepseekharness/app/core/MaintenanceFixtureInstrumentation.java,test-or-gate,unchanged,5f7039a339db83baa7d06c283cda5ab275a15bfa34c3a9846795b1e0739e61f6,5f7039a339db83baa7d06c283cda5ab275a15bfa34c3a9846795b1e0739e61f6,static-scan,baseline classification retained
app/src/debug/java/com/deepseekharness/app/core/Rc21AttachmentAudit.java,test-or-gate,unchanged,43f8c205a0151637ab079233f9d9f04c7473315062786f0d71b8b4d9b78b6f47,43f8c205a0151637ab079233f9d9f04c7473315062786f0d71b8b4d9b78b6f47,static-scan,baseline classification retained
app/src/debug/java/com/deepseekharness/app/core/Rc21RecoveryAudit.java,test-or-gate,unchanged,4f2851f2cae4f2c75571fe4720e60517b445ed6fc04e4771dda7bcbb9fb3c703,4f2851f2cae4f2c75571fe4720e60517b445ed6fc04e4771dda7bcbb9fb3c703,static-scan,baseline classification retained
app/src/debug/java/com/deepseekharness/app/core/RuntimeFallbackAudit.java,test-or-gate,unchanged,434be3daebbf83d53d03a5b25b0d94115ce3a8f160ef7851aac2705fab8569ee,434be3daebbf83d53d03a5b25b0d94115ce3a8f160ef7851aac2705fab8569ee,static-scan,baseline classification retained
app/src/debug/java/com/deepseekharness/app/core/StartupDiagnosticsAudit.java,test-or-gate,unchanged,cc2bc5c760311166600227f68a87f46b787602e2ab520c2657174d91aa22d0fc,cc2bc5c760311166600227f68a87f46b787602e2ab520c2657174d91aa22d0fc,static-scan,baseline classification retained
app/src/debug/java/com/deepseekharness/app/core/UpdateFlowAuditInstrumentation.java,test-or-gate,unchanged,3a008153cd7735df901016342a30d8c7b426e20e67c7f35f61f2a95bf31bbb2c,3a008153cd7735df901016342a30d8c7b426e20e67c7f35f61f2a95bf31bbb2c,static-scan,baseline classification retained
app/src/debug/java/com/deepseekharness/app/core/UpgradeDeviceAudit.java,test-or-gate,unchanged,1938c926bcbfdc3a9d2d7c4f3df384ad905cba059be37c62077e5855ce6a75e8,1938c926bcbfdc3a9d2d7c4f3df384ad905cba059be37c62077e5855ce6a75e8,static-scan,baseline classification retained
app/src/debug/java/com/deepseekharness/app/core/WebPortAudit.java,test-or-gate,unchanged,d4e2c1daf5fc546bda7f7e0798939a74317e3bbd7790dccb5498f03e19f5b00e,d4e2c1daf5fc546bda7f7e0798939a74317e3bbd7790dccb5498f03e19f5b00e,static-scan,baseline classification retained
app/src/debug/java/com/deepseekharness/app/runtime/PidMaintenanceAudit.java,test-or-gate,unchanged,d7054c7e282949ec83825b193c70fb9d8c72e8bfc366b660e384a8225fb28e55,d7054c7e282949ec83825b193c70fb9d8c72e8bfc366b660e384a8225fb28e55,static-scan,baseline classification retained
app/src/debug/java/com/deepseekharness/app/runtime/ProotCommandAuditInstrumentation.java,test-or-gate,unchanged,2325784df07a3b838b4e35509a10f9e6bf690d51f1915b60cc229c8b66f5f705,2325784df07a3b838b4e35509a10f9e6bf690d51f1915b60cc229c8b66f5f705,static-scan,baseline classification retained
app/src/debug/java/com/deepseekharness/app/runtime/RestartRaceAudit.java,test-or-gate,unchanged,418d0d12ab45512517404d7d999ef3127ed465fbfd08fdb709f9a1e29bb3a13c,418d0d12ab45512517404d7d999ef3127ed465fbfd08fdb709f9a1e29bb3a13c,static-scan,baseline classification retained
app/src/debug/java/com/deepseekharness/app/runtime/RuntimeStartupAudit.java,test-or-gate,unchanged,daa74ff983cb7eb51549d200f816199316a196dae2527a3065a6fd4f54244cd8,daa74ff983cb7eb51549d200f816199316a196dae2527a3065a6fd4f54244cd8,static-scan,baseline classification retained
app/src/debug/java/com/deepseekharness/app/runtime/TabletEnvironmentAudit.java,test-or-gate,unchanged,571ea622953a0e4902226bf700bfe850e946683527ea6d4465898ebc0da56c63,571ea622953a0e4902226bf700bfe850e946683527ea6d4465898ebc0da56c63,static-scan,baseline classification retained
app/src/debug/java/com/deepseekharness/app/ui/AdbFlowAudit.java,test-or-gate,unchanged,af6c27ab1d2c44d38446f92da67be269905c82f7037ef500b025e9dc047f2493,af6c27ab1d2c44d38446f92da67be269905c82f7037ef500b025e9dc047f2493,static-scan,baseline classification retained
app/src/debug/java/com/deepseekharness/app/ui/BrowserCompatibilityAudit.java,test-or-gate,unchanged,a1a840c9082ffe925ed23d94a20b7c3528ca97b298a5fe6260fd97b354bd3a5f,a1a840c9082ffe925ed23d94a20b7c3528ca97b298a5fe6260fd97b354bd3a5f,static-scan,baseline classification retained
app/src/debug/java/com/deepseekharness/app/ui/ConfigurationAuditInstrumentation.java,test-or-gate,unchanged,b78ae100015d9a024fc0b499c41c4e4b36de11d457f7f45a5312504e97e7602d,b78ae100015d9a024fc0b499c41c4e4b36de11d457f7f45a5312504e97e7602d,static-scan,baseline classification retained
app/src/debug/java/com/deepseekharness/app/ui/DiagnosticPtyAudit.java,test-or-gate,unchanged,727e89694a037f85ddbe81a9e5c07940aca91a633a65d4175e28818cd7db6da0,727e89694a037f85ddbe81a9e5c07940aca91a633a65d4175e28818cd7db6da0,static-scan,baseline classification retained
app/src/debug/java/com/deepseekharness/app/ui/FragmentEntrySelfTest.java,test-or-gate,unchanged,80ac9f9650b47acc321e28a5d16f74b2eb65347492fdde1907d627f427da0238,80ac9f9650b47acc321e28a5d16f74b2eb65347492fdde1907d627f427da0238,static-scan,baseline classification retained
app/src/debug/java/com/deepseekharness/app/ui/FragmentSessionInstrumentation.java,test-or-gate,unchanged,572ebee727ced3ea2fced46b503371c08d0b8e4011d31c9120450e73821ebeb2,572ebee727ced3ea2fced46b503371c08d0b8e4011d31c9120450e73821ebeb2,static-scan,baseline classification retained
app/src/debug/java/com/deepseekharness/app/ui/FragmentSessionTestActivity.java,test-or-gate,unchanged,3bc4e4924420e8859242cdbd222deb83d39e81c692cbc7b3f0d57a4430f6bb60,3bc4e4924420e8859242cdbd222deb83d39e81c692cbc7b3f0d57a4430f6bb60,static-scan,baseline classification retained
app/src/debug/java/com/deepseekharness/app/ui/FunctionalAuditInstrumentation.java,test-or-gate,unchanged,7273cd229462512a41cfb14e1f94ddb72ccea400b5f1fa2c10177c2fe9d3b96b,7273cd229462512a41cfb14e1f94ddb72ccea400b5f1fa2c10177c2fe9d3b96b,static-scan,baseline classification retained
app/src/debug/java/com/deepseekharness/app/ui/InputInsetsAudit.java,test-or-gate,unchanged,f35f9e835ce5345aaea0a2459b989b84578d075dab75d2a2c3234eb3a460d5c9,f35f9e835ce5345aaea0a2459b989b84578d075dab75d2a2c3234eb3a460d5c9,static-scan,baseline classification retained
app/src/debug/java/com/deepseekharness/app/ui/InstallAuditInstrumentation.java,test-or-gate,unchanged,afd306c71be36da733b98d9d669af931c0a1e67ea6a756579fb40dacb6127beb,afd306c71be36da733b98d9d669af931c0a1e67ea6a756579fb40dacb6127beb,static-scan,baseline classification retained
app/src/debug/java/com/deepseekharness/app/ui/InstallSettingsAudit.java,test-or-gate,unchanged,412daab1d95aa00f324bc2e91b0fbafaae96dadcecd4f6d180c6a1d1c9fac362,412daab1d95aa00f324bc2e91b0fbafaae96dadcecd4f6d180c6a1d1c9fac362,static-scan,baseline classification retained
app/src/debug/java/com/deepseekharness/app/ui/LanguageSettingsAudit.java,test-or-gate,unchanged,cf773297584e85d1b046aea68deeabbee3a8a7161bd9a0d3a9d446ea71bdb55b,cf773297584e85d1b046aea68deeabbee3a8a7161bd9a0d3a9d446ea71bdb55b,static-scan,baseline classification retained
app/src/debug/java/com/deepseekharness/app/ui/LaunchLogAudit.java,test-or-gate,unchanged,329ee5be6041b6b40f8c15a3d60e05c5e1a435ba9464e9fec21aef875a0584e8,329ee5be6041b6b40f8c15a3d60e05c5e1a435ba9464e9fec21aef875a0584e8,static-scan,baseline classification retained
app/src/debug/java/com/deepseekharness/app/ui/LayoutAuditInstrumentation.java,test-or-gate,unchanged,fcc11207b252c28b49847d918f2da8705641c5ca2d6b73d79be87593e9eb8a59,fcc11207b252c28b49847d918f2da8705641c5ca2d6b73d79be87593e9eb8a59,static-scan,baseline classification retained
app/src/debug/java/com/deepseekharness/app/ui/LayoutPreviewActivity.java,test-or-gate,unchanged,6f3d6bb4581237d42b9bce5042ff275c9e1bcc1b374d31e00d342c87e45889bb,6f3d6bb4581237d42b9bce5042ff275c9e1bcc1b374d31e00d342c87e45889bb,static-scan,baseline classification retained
app/src/debug/java/com/deepseekharness/app/ui/LogPanelAudit.java,test-or-gate,unchanged,25d6950431be525a8b0a0f079bd52e3b0caa61edf501aa3b8049a963f4a8c6d7,25d6950431be525a8b0a0f079bd52e3b0caa61edf501aa3b8049a963f4a8c6d7,static-scan,baseline classification retained
app/src/debug/java/com/deepseekharness/app/ui/MultiTerminalLanguageAudit.java,test-or-gate,unchanged,61d361cfd7a2046381ebc42d82f29fbc375238eb5bfcc90cab39e97c1ba01cc9,61d361cfd7a2046381ebc42d82f29fbc375238eb5bfcc90cab39e97c1ba01cc9,static-scan,baseline classification retained
app/src/debug/java/com/deepseekharness/app/ui/PluginListAudit.java,test-or-gate,unchanged,de462cd10b6e0e8c3760d2ba258ee1ad87a0bbe6fd1652cc73c688b50d103c4a,de462cd10b6e0e8c3760d2ba258ee1ad87a0bbe6fd1652cc73c688b50d103c4a,static-scan,baseline classification retained
app/src/debug/java/com/deepseekharness/app/ui/PluginSortAudit.java,test-or-gate,unchanged,c112c5db7f80f3421fb2176af8cbd7755ed3f50174eff859bc8e0d9c2e4df240,c112c5db7f80f3421fb2176af8cbd7755ed3f50174eff859bc8e0d9c2e4df240,static-scan,baseline classification retained
app/src/debug/java/com/deepseekharness/app/ui/RecoveryEntryAudit.java,test-or-gate,unchanged,4738882d38ea085d1c02a73fd49cd81c3e6bae66e9fb791479e32887137de0a2,4738882d38ea085d1c02a73fd49cd81c3e6bae66e9fb791479e32887137de0a2,static-scan,baseline classification retained
app/src/debug/java/com/deepseekharness/app/ui/StartupRecoveryAudit.java,test-or-gate,unchanged,3a4ff8857dcbe19f6c8ba0cd5084bc84d9f081f51a4eaa5dbc2c8113d7daaf7c,3a4ff8857dcbe19f6c8ba0cd5084bc84d9f081f51a4eaa5dbc2c8113d7daaf7c,static-scan,baseline classification retained
app/src/debug/java/com/deepseekharness/app/ui/TerminalSessionSelfTest.java,test-or-gate,unchanged,ef0fd7f99b09951ecd87808e4750a27d117b127913b4859aebd94f7df0b6838a,ef0fd7f99b09951ecd87808e4750a27d117b127913b4859aebd94f7df0b6838a,static-scan,baseline classification retained
app/src/debug/java/com/deepseekharness/app/ui/UiMotionAudit.java,test-or-gate,unchanged,b6470a4071f069ea9dc19606b91dd9e92d727ca09d4954b86c76f4c3e8f9d44c,b6470a4071f069ea9dc19606b91dd9e92d727ca09d4954b86c76f4c3e8f9d44c,static-scan,baseline classification retained
app/src/debug/java/com/deepseekharness/app/ui/UiPolishAudit.java,test-or-gate,unchanged,6c0471fbb0a43e2e857e08b6acf103207eaee9cad765f45186a52e5797054a65,6c0471fbb0a43e2e857e08b6acf103207eaee9cad765f45186a52e5797054a65,static-scan,baseline classification retained
app/src/debug/java/com/deepseekharness/app/ui/WebRegressionAudit.java,test-or-gate,unchanged,0d8e6bcc1c37f7e994979cf59d82a855055bb25b94b09c8967ab8681bc6a723b,0d8e6bcc1c37f7e994979cf59d82a855055bb25b94b09c8967ab8681bc6a723b,static-scan,baseline classification retained
app/src/deviceAudit/AndroidManifest.xml,source,unchanged,245fb39a8f005e9adf7ac913521df0df9772e203a2ef5ec987e8ccdd720fae7e,245fb39a8f005e9adf7ac913521df0df9772e203a2ef5ec987e8ccdd720fae7e,enumerated,baseline classification retained
app/src/deviceAudit/java/com/deepseekharness/app/DeviceAuditActivity.java,source,unchanged,c63bd74cc3d7a8c0572e11cb64c315f9809b3b7ee6c6f0157aa8f457b70f4689,c63bd74cc3d7a8c0572e11cb64c315f9809b3b7ee6c6f0157aa8f457b70f4689,static-scan,baseline classification retained
app/src/deviceAudit/java/com/deepseekharness/app/DeviceAuditSupport.java,source,unchanged,e564ac750f6fbbc26c410d1bca04f11946de1e3bcade5effa6cfa0a8d1736065,e564ac750f6fbbc26c410d1bca04f11946de1e3bcade5effa6cfa0a8d1736065,static-scan,baseline classification retained
app/src/deviceAudit/java/com/deepseekharness/app/LocalBridgeDeviceAudit.java,source,unchanged,8b2423e336de0b28c65eeb4b6c51f1afcaf4780825f6690aafd55f2a522ae41c,8b2423e336de0b28c65eeb4b6c51f1afcaf4780825f6690aafd55f2a522ae41c,static-scan,baseline classification retained
app/src/deviceAudit/java/com/deepseekharness/app/NetworkDeviceAudit.java,source,unchanged,d6a41b83c5459349d6881adab195e9d1dc6c14520b94a81810397cd9ff5b47cf,d6a41b83c5459349d6881adab195e9d1dc6c14520b94a81810397cd9ff5b47cf,static-scan,baseline classification retained
app/src/deviceAudit/java/com/deepseekharness/app/PluginScriptsDeviceAudit.java,source,unchanged,2fff7b26142f7748613646ee611611f52be472225318fefe3a1f9a3085bb8358,2fff7b26142f7748613646ee611611f52be472225318fefe3a1f9a3085bb8358,static-scan,baseline classification retained
app/src/deviceAudit/java/com/deepseekharness/app/backup/AuditDocumentProvider.java,source,unchanged,0a6ea343fdd2f6b37a7339e1e697ba95e9a830cb2a350a8963bdc6ce51cab5f4,0a6ea343fdd2f6b37a7339e1e697ba95e9a830cb2a350a8963bdc6ce51cab5f4,static-scan,baseline classification retained
app/src/deviceAudit/java/com/deepseekharness/app/backup/AuditOperationsScope.java,source,unchanged,0035840008094f75aa618ae833134837d6d66e0b106d2e375729625f4edf42f0,0035840008094f75aa618ae833134837d6d66e0b106d2e375729625f4edf42f0,static-scan,baseline classification retained
app/src/deviceAudit/java/com/deepseekharness/app/backup/BackupCrashService.java,source,unchanged,2115d1dd26c13277bb9c49d46d9c74796cdc8a866035c6e2bf356a8616182246,2115d1dd26c13277bb9c49d46d9c74796cdc8a866035c6e2bf356a8616182246,static-scan,baseline classification retained
app/src/deviceAudit/java/com/deepseekharness/app/backup/BackupDeviceAudit.java,source,unchanged,cb8497004638babbd2ff8a2cf47b7fd84bf8b2ccead553b9ef513fe618c77a9d,cb8497004638babbd2ff8a2cf47b7fd84bf8b2ccead553b9ef513fe618c77a9d,static-scan,baseline classification retained
app/src/deviceAudit/java/com/deepseekharness/app/backup/BackupWorkflowDeviceAudit.java,source,unchanged,d31801b49bda193bc2c6d90f8dde38a5b87c52b7f5daeac37405c2c6d2283a03,d31801b49bda193bc2c6d90f8dde38a5b87c52b7f5daeac37405c2c6d2283a03,static-scan,baseline classification retained
app/src/deviceAudit/java/com/deepseekharness/app/backup/DocumentIoDeviceAudit.java,source,unchanged,9e9ea5d603390c651657e1334affefeded4b94b71f482805247b5e2c70186086,9e9ea5d603390c651657e1334affefeded4b94b71f482805247b5e2c70186086,static-scan,baseline classification retained
app/src/deviceAudit/java/com/deepseekharness/app/backup/PluginRecoveryDeviceAudit.java,source,unchanged,5f04992beeb16d8c595f34dc2aa7e806e0bd552c8a9fe372e9063ebba5473994,5f04992beeb16d8c595f34dc2aa7e806e0bd552c8a9fe372e9063ebba5473994,static-scan,baseline classification retained
app/src/deviceAudit/java/com/deepseekharness/app/backup/PluginWorkflowDeviceAudit.java,source,unchanged,eda7e283daaa4c9ef1574b6a621d9d3ee30b9e926b5b3e27071feb337b76fb7c,eda7e283daaa4c9ef1574b6a621d9d3ee30b9e926b5b3e27071feb337b76fb7c,static-scan,baseline classification retained
app/src/deviceAudit/java/com/deepseekharness/app/backup/ReexportDeviceAudit.java,source,unchanged,89f7db3865477393f1bd72a03b695cc36c7fcb975a851b238d69f1aafd98d0e9,89f7db3865477393f1bd72a03b695cc36c7fcb975a851b238d69f1aafd98d0e9,static-scan,baseline classification retained
app/src/deviceAudit/java/com/deepseekharness/app/backup/RetainedWorkflowDeviceAudit.java,source,unchanged,f06d249890762d1d5481725e6e662baabc72d89d7b72c619469cd2a0c707bfbe,f06d249890762d1d5481725e6e662baabc72d89d7b72c619469cd2a0c707bfbe,static-scan,baseline classification retained
app/src/deviceAudit/java/com/deepseekharness/app/core/AttachmentDeviceAudit.java,source,unchanged,132cbe5d82af342bb093dd164453d67dbd5ed4573af511e6c8def0b99beb6e62,132cbe5d82af342bb093dd164453d67dbd5ed4573af511e6c8def0b99beb6e62,static-scan,baseline classification retained
app/src/deviceAudit/java/com/deepseekharness/app/core/ConfigurationResetDeviceAudit.java,source,unchanged,a069e9fdc39067dc499b2178021fc3249b1a6cfa82ecd1d818a2844563a9bc7a,a069e9fdc39067dc499b2178021fc3249b1a6cfa82ecd1d818a2844563a9bc7a,static-scan,baseline classification retained
app/src/deviceAudit/java/com/deepseekharness/app/core/Issue67DeviceAudit.java,source,unchanged,b78803f1b54e5b4e15341c43290b553e671f47d28129aac745e8980b7e6987d6,b78803f1b54e5b4e15341c43290b553e671f47d28129aac745e8980b7e6987d6,static-scan,baseline classification retained
app/src/deviceAudit/java/com/deepseekharness/app/core/RuntimeDeviceAudit.java,source,unchanged,543bba4cba68e6b1128c398de7ce10e62147bc6e7956162ee85fdc8fd59d9e99,543bba4cba68e6b1128c398de7ce10e62147bc6e7956162ee85fdc8fd59d9e99,static-scan,baseline classification retained
app/src/deviceAudit/java/com/deepseekharness/app/data/CredentialDeviceAudit.java,source,unchanged,5ca45d598b0b45d2f25f31ec07cf0ed5b4040c1e7d647bc6e36de52bac4f1256,5ca45d598b0b45d2f25f31ec07cf0ed5b4040c1e7d647bc6e36de52bac4f1256,static-scan,baseline classification retained
app/src/deviceAudit/java/com/deepseekharness/app/ui/NativeDataUiAudit.java,source,unchanged,f1abd9e8bf5546517404c2be88c38a32012748059b713bd2a4ac6fb123ae0916,f1abd9e8bf5546517404c2be88c38a32012748059b713bd2a4ac6fb123ae0916,static-scan,baseline classification retained
app/src/low/AndroidManifest.xml,source,unchanged,3e91f5b2ab9d5592cbbb6b61533172b9ec10b8a7f652cd84b6f1e9a185d737d4,3e91f5b2ab9d5592cbbb6b61533172b9ec10b8a7f652cd84b6f1e9a185d737d4,enumerated,baseline classification retained
app/src/low/assets/licenses/proot-COPYING.txt,documentation,unchanged,0ffa6454acbe7e410ac6f0007df83b9b3161fe55484c1f4b87487c0f2d228a6d,0ffa6454acbe7e410ac6f0007df83b9b3161fe55484c1f4b87487c0f2d228a6d,enumerated,baseline classification retained
app/src/low/java/com/deepseekharness/app/ui/GeckoMicrophoneDelegate.java,source,unchanged,fb7cb5a87e80985f32f69234da178c5e01fdfea0262d5f8f8167a1211155d3a2,fb7cb5a87e80985f32f69234da178c5e01fdfea0262d5f8f8167a1211155d3a2,static-scan,baseline classification retained
app/src/low/java/com/deepseekharness/app/ui/GeckoPreviewActivity.java,source,modified,ed1c2f8fe5771fcd8879cd7d21ba1e78f08da4c3a2d39c9752cce798af27b20e,fe8d1be20193ef2c76e9e5026ce945d1bedb92ea87967224b7e1c9217928bb6a,static-scan,"changed input bound to software receipt; specific deep/behavior/device evidence in issue ledger, not blanket branch coverage"
app/src/low/java/com/deepseekharness/app/ui/GeckoRuntimeProbe.java,source,unchanged,e2d1e6dded94e1135648d711de0bbe4cf4c83666f0234a4726f99d345ad93604,e2d1e6dded94e1135648d711de0bbe4cf4c83666f0234a4726f99d345ad93604,static-scan,baseline classification retained
app/src/low/java/com/deepseekharness/app/ui/PreviewFallback.java,source,unchanged,922bf64e1d4797065697f0e79902cd5fae9cea6a0c1426e17d3a5e26b17c608e,922bf64e1d4797065697f0e79902cd5fae9cea6a0c1426e17d3a5e26b17c608e,static-scan,baseline classification retained
app/src/low/java/com/deepseekharness/app/ui/RecoveryBrowserFactory.java,source,unchanged,8d5238f15db216f151006dae1533d2b95eaa4510551836904f7f77a33bc07e56,8d5238f15db216f151006dae1533d2b95eaa4510551836904f7f77a33bc07e56,static-scan,baseline classification retained
app/src/low/java/com/deepseekharness/app/ui/RecoveryGeckoSurface.java,source,modified,fe4435a054b035b991d07c174154e89dd8c7368c52eaa3d79c6bd1cd1af3686a,3fd16fe2798f546e7e5cefa181f9702bb881484611701c6eadb3e484260927b2,static-scan,"changed input bound to software receipt; specific deep/behavior/device evidence in issue ledger, not blanket branch coverage"
app/src/low/jniLibs/arm64-v8a/libproot_legacy.so,binary-or-resource,unchanged,c4cec36906b973c5923023e3492b2b221a739a4a5fa1f6dc5bc834ac9a05e9db,c4cec36906b973c5923023e3492b2b221a739a4a5fa1f6dc5bc834ac9a05e9db,enumerated,baseline classification retained
app/src/low/jniLibs/arm64-v8a/libprootloader_legacy.so,binary-or-resource,unchanged,e2d450b84960cf5e897a36549e86801b8010f440b6355983acce93c339bba610,e2d450b84960cf5e897a36549e86801b8010f440b6355983acce93c339bba610,enumerated,baseline classification retained
app/src/low/res/values-en/edition.xml,resource,unchanged,96e73c80d5330fd8ab0fdc828ebf9a93d477f1fa0ecfd1fd2add33117742af78,96e73c80d5330fd8ab0fdc828ebf9a93d477f1fa0ecfd1fd2add33117742af78,enumerated,baseline classification retained
app/src/low/res/values/edition.xml,resource,unchanged,420885af456b0f260d634b22d60140d3b7ac5a815971815c93a858fbf467bd12,420885af456b0f260d634b22d60140d3b7ac5a815971815c93a858fbf467bd12,enumerated,baseline classification retained
app/src/main/AndroidManifest.xml,source,unchanged,399cd9aaab8b65ab32dddd165d3e34b237b4b5fce49b8999aa2d1348b6901fd2,399cd9aaab8b65ab32dddd165d3e34b237b4b5fce49b8999aa2d1348b6901fd2,enumerated,baseline classification retained
app/src/main/aidl/com/deepseekharness/app/IShellService.aidl,source,unchanged,e00dc17eb592022771097804c7fe2751036e312353c3551660dbc2bdcc5024dd,e00dc17eb592022771097804c7fe2751036e312353c3551660dbc2bdcc5024dd,enumerated,baseline classification retained
app/src/main/assets/adb-pair.py,source,modified,88a8f71c61e8403002377d629cb53978d85c60d2fcaa052101a3451b6ca2e746,ef3804825426415a2f13f750c603d033f83ab2aa948ff774c06a1d83e1e82043,static-scan,"changed input bound to software receipt; specific deep/behavior/device evidence in issue ledger, not blanket branch coverage"
app/src/main/assets/adb-setup.sh,source,modified,29e498b76af4b902e55cd70f7fdc2d69edad49f135a3ad3974c96711a73a4c3a,4b4656f384b2940ef3cfb3d67a5990f5ee22c03f51c9dd450eb177918e4da79a,static-scan,"changed input bound to software receipt; specific deep/behavior/device evidence in issue ledger, not blanket branch coverage"
app/src/main/assets/adb-shell.py,source,modified,1c919ab4d00d3d9633d3325711efcd6d6a84eb6cec5dbcb01112d99be719bc15,de41b0a3cf103cc4f6d99084f55ade2b59d7d5780dea07b03d63819acaccdbc0,static-scan,"changed input bound to software receipt; specific deep/behavior/device evidence in issue ledger, not blanket branch coverage"
app/src/main/assets/adb-wheels.tar.gz,binary-or-resource,unchanged,173000bd60f8d58f90f988320b9b675540806139da9eae64ea78a0e6ecf5d9d4,173000bd60f8d58f90f988320b9b675540806139da9eae64ea78a0e6ecf5d9d4,enumerated,baseline classification retained
app/src/main/assets/agent-preset-patch.json,configuration,unchanged,98025f90d8039cd4e329906a86c24ca9e9c805635c19a28d1eb359dad6ac2c08,98025f90d8039cd4e329906a86c24ca9e9c805635c19a28d1eb359dad6ac2c08,enumerated,baseline classification retained
app/src/main/assets/app-integration/activity.js,source,unchanged,8c33bfd8dbdf6b6ebc46825071a11d16b2f596cab26dca425e6d1f4bf000181f,8c33bfd8dbdf6b6ebc46825071a11d16b2f596cab26dca425e6d1f4bf000181f,static-scan,baseline classification retained
app/src/main/assets/app-integration/client.js,source,unchanged,6721fa70ff15b708abf8f560e400f07893e97dd32c294885d70e9dc394652de4,6721fa70ff15b708abf8f560e400f07893e97dd32c294885d70e9dc394652de4,static-scan,baseline classification retained
app/src/main/assets/app-integration/cordis.patch.yml,configuration,unchanged,9ebf20f8521b2bf357dc568b8998d0d505be0dd7c0e941d74941ae9690300f09,9ebf20f8521b2bf357dc568b8998d0d505be0dd7c0e941d74941ae9690300f09,enumerated,baseline classification retained
app/src/main/assets/app-integration/index.js,source,unchanged,24bc24fa4f6b1128f6f66a6f57e0aa7148d0712484027a37d26b5afd8932270c,24bc24fa4f6b1128f6f66a6f57e0aa7148d0712484027a37d26b5afd8932270c,static-scan,baseline classification retained
app/src/main/assets/app-integration/package.json,configuration,unchanged,1fdfc1489ea51599a4910096937ca981068c15250958a779bec6eaf57d2e4c01,1fdfc1489ea51599a4910096937ca981068c15250958a779bec6eaf57d2e4c01,enumerated,baseline classification retained
app/src/main/assets/app-integration/runtime-plugins.js,source,unchanged,0ec4632cd54a3868f5c37f3de19ca338f0630cfb18afe6e07f5d01bcbb3653aa,0ec4632cd54a3868f5c37f3de19ca338f0630cfb18afe6e07f5d01bcbb3653aa,static-scan,baseline classification retained
app/src/main/assets/backup-engine.py,source,unchanged,3c7a5e1299eac636085bd86796443b6f3d73dda9daac4e992351f0769ada1b81,3c7a5e1299eac636085bd86796443b6f3d73dda9daac4e992351f0769ada1b81,static-scan,baseline classification retained
app/src/main/assets/backup-plugin-graph.py,source,unchanged,2014545c9491327ce0095bb3d2735a76ca8ccae3ef1256d9f558718784e2bb63,2014545c9491327ce0095bb3d2735a76ca8ccae3ef1256d9f558718784e2bb63,static-scan,baseline classification retained
app/src/main/assets/backup-prepare.py,source,unchanged,8fd9bc95f12d0e26d281349eca94e5a0a96da1aeaf6d9cc5528435070ae8bee2,8fd9bc95f12d0e26d281349eca94e5a0a96da1aeaf6d9cc5528435070ae8bee2,static-scan,baseline classification retained
app/src/main/assets/builtin-plugins/dsh-auto-review/cordis.patch.yml,upstream-managed,unchanged,21d456d0053b3d52ca8ad4ceef60e4cd5618e8c850ab8fe9e6377dfcdcb3bc2a,21d456d0053b3d52ca8ad4ceef60e4cd5618e8c850ab8fe9e6377dfcdcb3bc2a,enumerated,baseline classification retained
app/src/main/assets/builtin-plugins/dsh-auto-review/lib/index.js,upstream-managed,unchanged,6d1fe2b721dbbbb8b35057e2192a6efa58297718fd7f7d2c34b1dc131219f49e,6d1fe2b721dbbbb8b35057e2192a6efa58297718fd7f7d2c34b1dc131219f49e,static-scan,baseline classification retained
app/src/main/assets/builtin-plugins/dsh-auto-review/package.json,upstream-managed,unchanged,163a623a777acbc578e61c92743146e375a81f3b72691143680bab117c2bbd44,163a623a777acbc578e61c92743146e375a81f3b72691143680bab117c2bbd44,enumerated,baseline classification retained
app/src/main/assets/builtin-plugins/dsh-computer-use-android/cordis.patch.yml,upstream-managed,unchanged,b0c36d7d6f7a162addbbfc4d31fcca3c8256140925f6aa99316e62506ee05dff,b0c36d7d6f7a162addbbfc4d31fcca3c8256140925f6aa99316e62506ee05dff,enumerated,baseline classification retained
app/src/main/assets/builtin-plugins/dsh-computer-use-android/lib/index.js,upstream-managed,unchanged,a6886c4585d30f44ca4b2b8209225b11f938e5ad1b7467b505fae12865f3a0f4,a6886c4585d30f44ca4b2b8209225b11f938e5ad1b7467b505fae12865f3a0f4,static-scan,baseline classification retained
app/src/main/assets/builtin-plugins/dsh-computer-use-android/lib/server.cjs,upstream-managed,unchanged,27b637239e192a3c5afa35ccf774b5a1d5cfc25c09a1454f545d5e9f5c765773,27b637239e192a3c5afa35ccf774b5a1d5cfc25c09a1454f545d5e9f5c765773,static-scan,baseline classification retained
app/src/main/assets/builtin-plugins/dsh-computer-use-android/package.json,upstream-managed,unchanged,1ad1db26b43f333b025c77dca48e4a358aa66269579cdbdd6319d4ff7aa24138,1ad1db26b43f333b025c77dca48e4a358aa66269579cdbdd6319d4ff7aa24138,enumerated,baseline classification retained
app/src/main/assets/builtin-plugins/dsh-device-shell-guide/cordis.patch.yml,upstream-managed,unchanged,7210a96bb4e908adcd4b7736c32b8fd30fe65bce6f6deadc7a7b3032ed967c70,7210a96bb4e908adcd4b7736c32b8fd30fe65bce6f6deadc7a7b3032ed967c70,enumerated,baseline classification retained
app/src/main/assets/builtin-plugins/dsh-device-shell-guide/lib/index.js,upstream-managed,unchanged,c78108281a3ec0a4bbba405b55aefea62e235ee8541d018d25852de956008660,c78108281a3ec0a4bbba405b55aefea62e235ee8541d018d25852de956008660,static-scan,baseline classification retained
app/src/main/assets/builtin-plugins/dsh-device-shell-guide/package.json,upstream-managed,unchanged,a7de3537f41ab3ec0a60b6f0e46185ff425da13223a19150b42a584a09e66d96,a7de3537f41ab3ec0a60b6f0e46185ff425da13223a19150b42a584a09e66d96,enumerated,baseline classification retained
app/src/main/assets/builtin-plugins/dsh-status-overlay/cordis.patch.yml,upstream-managed,unchanged,b5bffe96400a2164f313f8c86b071840387015976796fdce1e3e476f233490bd,b5bffe96400a2164f313f8c86b071840387015976796fdce1e3e476f233490bd,enumerated,baseline classification retained
app/src/main/assets/builtin-plugins/dsh-status-overlay/lib/index.js,upstream-managed,unchanged,bc7ef479f93d21becf508e0775d568418973dc85ff7576669b041d5713f7766c,bc7ef479f93d21becf508e0775d568418973dc85ff7576669b041d5713f7766c,static-scan,baseline classification retained
app/src/main/assets/builtin-plugins/dsh-status-overlay/package.json,upstream-managed,unchanged,ad01cc4dd6a34a5a5592ca404ba60f95fdafce57f0ba065b64dea5060623c43c,ad01cc4dd6a34a5a5592ca404ba60f95fdafce57f0ba065b64dea5060623c43c,enumerated,baseline classification retained
app/src/main/assets/builtin-plugins/dsh-task-notifier/cordis.patch.yml,upstream-managed,unchanged,bdfd53321389b451a91a077aa12c07533a983f0534dccb63ff48979d8f07ee92,bdfd53321389b451a91a077aa12c07533a983f0534dccb63ff48979d8f07ee92,enumerated,baseline classification retained
app/src/main/assets/builtin-plugins/dsh-task-notifier/lib/index.js,upstream-managed,unchanged,c469c3bd7696524f64b2dd10fa760a5d4f4999108fc4cbe078e9e2c01a780444,c469c3bd7696524f64b2dd10fa760a5d4f4999108fc4cbe078e9e2c01a780444,static-scan,baseline classification retained
app/src/main/assets/builtin-plugins/dsh-task-notifier/package.json,upstream-managed,unchanged,da7a5a52b2d25a572a575acba3b5e48237b74cf4a5bacf8d30f57bb205dd5b4f,da7a5a52b2d25a572a575acba3b5e48237b74cf4a5bacf8d30f57bb205dd5b4f,enumerated,baseline classification retained
app/src/main/assets/builtin-plugins/dsh-tool-vscreen/cordis.patch.yml,upstream-managed,unchanged,37517e5f3dc66819f61f5a7bb8ace1921282415f10551d2defa5c3eb0985b570,37517e5f3dc66819f61f5a7bb8ace1921282415f10551d2defa5c3eb0985b570,enumerated,baseline classification retained
app/src/main/assets/builtin-plugins/dsh-tool-vscreen/lib/index.js,upstream-managed,unchanged,e35a0571b1e084abc0d8dd6046308957928b8d67c446a2b1f09b562b4dea3ae4,e35a0571b1e084abc0d8dd6046308957928b8d67c446a2b1f09b562b4dea3ae4,static-scan,baseline classification retained
app/src/main/assets/builtin-plugins/dsh-tool-vscreen/lib/server.cjs,upstream-managed,unchanged,90f6755016892e6b6c9e7068d7287bad127918cbae494e928eb1db99bdf0fe0f,90f6755016892e6b6c9e7068d7287bad127918cbae494e928eb1db99bdf0fe0f,static-scan,baseline classification retained
app/src/main/assets/builtin-plugins/dsh-tool-vscreen/package.json,upstream-managed,unchanged,2f9bc9eaebde7f8f12e2d10760ea283a2209a100cd216031f47f0867941041d4,2f9bc9eaebde7f8f12e2d10760ea283a2209a100cd216031f47f0867941041d4,enumerated,baseline classification retained
app/src/main/assets/builtin-plugins/dsh-web-mobile/LICENSE,upstream-managed,unchanged,ba4c736e11f45710d75a9d1094a6e72cb43ec1cebda3d38d0522fe003dacfec6,ba4c736e11f45710d75a9d1094a6e72cb43ec1cebda3d38d0522fe003dacfec6,enumerated,baseline classification retained
app/src/main/assets/builtin-plugins/dsh-web-mobile/README.md,upstream-managed,unchanged,501156dd4339da7a1ac0f44b098aab2d45011a606f52955d4c845ca55bf1edc0,501156dd4339da7a1ac0f44b098aab2d45011a606f52955d4c845ca55bf1edc0,enumerated,baseline classification retained
app/src/main/assets/builtin-plugins/dsh-web-mobile/cordis.patch.yml,upstream-managed,unchanged,ebe9dacdd1ea6a4cc8432038146133e3966942c5f1e3a663f5ded0537f0ed382,ebe9dacdd1ea6a4cc8432038146133e3966942c5f1e3a663f5ded0537f0ed382,enumerated,baseline classification retained
app/src/main/assets/builtin-plugins/dsh-web-mobile/lib/client.js,upstream-managed,unchanged,3e5568a4c41730df9b3a01261b7781678cb74866e1c96f45164204e5e9a6c5e7,3e5568a4c41730df9b3a01261b7781678cb74866e1c96f45164204e5e9a6c5e7,static-scan,baseline classification retained
app/src/main/assets/builtin-plugins/dsh-web-mobile/lib/compress.js,upstream-managed,unchanged,68ffd80fe0ff46ad4ce1d630388696a7dc21000a31932d268397132b2f6127b2,68ffd80fe0ff46ad4ce1d630388696a7dc21000a31932d268397132b2f6127b2,static-scan,baseline classification retained
app/src/main/assets/builtin-plugins/dsh-web-mobile/lib/compress.js.map,upstream-managed,unchanged,8232dd5c75ed7acb04349b6e8014f4d30685dc1dc115236842e809c7156067b8,8232dd5c75ed7acb04349b6e8014f4d30685dc1dc115236842e809c7156067b8,enumerated,baseline classification retained
app/src/main/assets/builtin-plugins/dsh-web-mobile/lib/delete-session.js,upstream-managed,unchanged,a52432b6bd2a9db67d4e4ddf82a3162a594f3719d932641ad3fa5e2e5165c11d,a52432b6bd2a9db67d4e4ddf82a3162a594f3719d932641ad3fa5e2e5165c11d,static-scan,baseline classification retained
app/src/main/assets/builtin-plugins/dsh-web-mobile/lib/delete-session.js.map,upstream-managed,unchanged,3b89e888a1d4bc5334f39a0eef53f0b17f71eb317a3c1f7473f2342152e662e2,3b89e888a1d4bc5334f39a0eef53f0b17f71eb317a3c1f7473f2342152e662e2,enumerated,baseline classification retained
app/src/main/assets/builtin-plugins/dsh-web-mobile/lib/index.js,upstream-managed,unchanged,2722a68a795515da906cb71f20e4ad837a2f85ef647b6402064fbcc5bf229cb4,2722a68a795515da906cb71f20e4ad837a2f85ef647b6402064fbcc5bf229cb4,static-scan,baseline classification retained
app/src/main/assets/builtin-plugins/dsh-web-mobile/lib/index.js.map,upstream-managed,unchanged,c6ad0d4bb629acac81187511a1774109f9085652144a468079c3aa9de63ea6e8,c6ad0d4bb629acac81187511a1774109f9085652144a468079c3aa9de63ea6e8,enumerated,baseline classification retained
app/src/main/assets/builtin-plugins/dsh-web-mobile/lib/types/client/components/ComposerFileButton.d.ts,upstream-managed,unchanged,8fa251413b07afed818b00dfc37622a8be39978adf3ef0f6f792d64ff8ae5272,8fa251413b07afed818b00dfc37622a8be39978adf3ef0f6f792d64ff8ae5272,enumerated,baseline classification retained
app/src/main/assets/builtin-plugins/dsh-web-mobile/lib/types/client/components/ComposerFileButton.d.ts.map,upstream-managed,unchanged,5e7d64d2a30f610e3400cfc221c578611c3927d4b06127035ba0168f451d62f1,5e7d64d2a30f610e3400cfc221c578611c3927d4b06127035ba0168f451d62f1,enumerated,baseline classification retained
app/src/main/assets/builtin-plugins/dsh-web-mobile/lib/types/client/components/MobileDrawerFooter.d.ts,upstream-managed,unchanged,591008640cc9cfbc9bc517957dfeac2c1b8e66a830c4a98d144d92a661832650,591008640cc9cfbc9bc517957dfeac2c1b8e66a830c4a98d144d92a661832650,enumerated,baseline classification retained
app/src/main/assets/builtin-plugins/dsh-web-mobile/lib/types/client/components/MobileDrawerFooter.d.ts.map,upstream-managed,unchanged,ccd3ff6bc40b5d484dfdde4e1b13ea81d2c507b4435cf490ddf58f3ae3f9ecc0,ccd3ff6bc40b5d484dfdde4e1b13ea81d2c507b4435cf490ddf58f3ae3f9ecc0,enumerated,baseline classification retained
app/src/main/assets/builtin-plugins/dsh-web-mobile/lib/types/client/components/MobileNavToggle.d.ts,upstream-managed,unchanged,e5297d02a734f761e1f5bb88e58bf1b8e943bbc426e1cc8a77c5948cdc972910,e5297d02a734f761e1f5bb88e58bf1b8e943bbc426e1cc8a77c5948cdc972910,enumerated,baseline classification retained
app/src/main/assets/builtin-plugins/dsh-web-mobile/lib/types/client/components/MobileNavToggle.d.ts.map,upstream-managed,unchanged,849baec73d8e1bedddbcd1543982bb49082a09188ada0bbd745b35f60a52057b,849baec73d8e1bedddbcd1543982bb49082a09188ada0bbd745b35f60a52057b,enumerated,baseline classification retained
app/src/main/assets/builtin-plugins/dsh-web-mobile/lib/types/client/components/open-files-panel.d.ts,upstream-managed,unchanged,0f5a8da6f2a3652cb8e54ac982aeac8b38cdef3a23c112c6006cc2d470d1efa7,0f5a8da6f2a3652cb8e54ac982aeac8b38cdef3a23c112c6006cc2d470d1efa7,enumerated,baseline classification retained
app/src/main/assets/builtin-plugins/dsh-web-mobile/lib/types/client/components/open-files-panel.d.ts.map,upstream-managed,unchanged,c3002442dc76c5a136a963645c7afdc62843ebc14b3c9a764b209cb540d82d5c,c3002442dc76c5a136a963645c7afdc62843ebc14b3c9a764b209cb540d82d5c,enumerated,baseline classification retained
app/src/main/assets/builtin-plugins/dsh-web-mobile/lib/types/client/core/css-rules.d.ts,upstream-managed,unchanged,4cdade56b485982cb9869acdd2e756439a75aace8d55104a5c1980c0765081a3,4cdade56b485982cb9869acdd2e756439a75aace8d55104a5c1980c0765081a3,enumerated,baseline classification retained
app/src/main/assets/builtin-plugins/dsh-web-mobile/lib/types/client/core/css-rules.d.ts.map,upstream-managed,unchanged,0988e2ef61ba92fec882d1db5e7c6b887f5006e3148cfbe1414160479376fdc7,0988e2ef61ba92fec882d1db5e7c6b887f5006e3148cfbe1414160479376fdc7,enumerated,baseline classification retained
app/src/main/assets/builtin-plugins/dsh-web-mobile/lib/types/client/core/icon-compat.d.ts,upstream-managed,unchanged,299db680e7e5c0ef2c2f50f9837fdae95cdde89b1b88bf7396d51e0b75c6ad01,299db680e7e5c0ef2c2f50f9837fdae95cdde89b1b88bf7396d51e0b75c6ad01,enumerated,baseline classification retained
app/src/main/assets/builtin-plugins/dsh-web-mobile/lib/types/client/core/icon-compat.d.ts.map,upstream-managed,unchanged,1e87249d21e731e9664af840ceb83b3fc45a328cf691252d2808a28b0ec50967,1e87249d21e731e9664af840ceb83b3fc45a328cf691252d2808a28b0ec50967,enumerated,baseline classification retained
app/src/main/assets/builtin-plugins/dsh-web-mobile/lib/types/client/core/layout-compat.d.ts,upstream-managed,unchanged,321248eb070fe06fbea69da56ea222b50f1efa21c0ed2ae5cfda687d0a41db57,321248eb070fe06fbea69da56ea222b50f1efa21c0ed2ae5cfda687d0a41db57,enumerated,baseline classification retained
app/src/main/assets/builtin-plugins/dsh-web-mobile/lib/types/client/core/layout-compat.d.ts.map,upstream-managed,unchanged,a4debe51acac29de05d9a71b22ee1240a93952baf0b2c0c3c20186c3905d3085,a4debe51acac29de05d9a71b22ee1240a93952baf0b2c0c3c20186c3905d3085,enumerated,baseline classification retained
app/src/main/assets/builtin-plugins/dsh-web-mobile/lib/types/client/core/raf-scheduler.d.ts,upstream-managed,unchanged,706ceabf30286c5ffe8ca1af37dd82a3200ab23316f950ccb716891397adefaa,706ceabf30286c5ffe8ca1af37dd82a3200ab23316f950ccb716891397adefaa,enumerated,baseline classification retained
app/src/main/assets/builtin-plugins/dsh-web-mobile/lib/types/client/core/raf-scheduler.d.ts.map,upstream-managed,unchanged,bcab0aabf6bb31ea3fd76faa26e9572a84b906023e105906715e8ebfb6b5c935,bcab0aabf6bb31ea3fd76faa26e9572a84b906023e105906715e8ebfb6b5c935,enumerated,baseline classification retained
app/src/main/assets/builtin-plugins/dsh-web-mobile/lib/types/client/core/reconciler-core.d.ts,upstream-managed,unchanged,0377d4b176b3ceaecf36cbdaef5a5f18028e1d5db8402e11db75626182924321,0377d4b176b3ceaecf36cbdaef5a5f18028e1d5db8402e11db75626182924321,enumerated,baseline classification retained
app/src/main/assets/builtin-plugins/dsh-web-mobile/lib/types/client/core/reconciler-core.d.ts.map,upstream-managed,unchanged,473d33f4ebb0507df28608882623a7c23520d9ccad2ceb9625642ed75e7b931f,473d33f4ebb0507df28608882623a7c23520d9ccad2ceb9625642ed75e7b931f,enumerated,baseline classification retained
app/src/main/assets/builtin-plugins/dsh-web-mobile/lib/types/client/core/sessions-compat.d.ts,upstream-managed,unchanged,d08f7401e77843027e7d6686efb3f4a24fad89781766514265e1ea9a1f81f8c9,d08f7401e77843027e7d6686efb3f4a24fad89781766514265e1ea9a1f81f8c9,enumerated,baseline classification retained
app/src/main/assets/builtin-plugins/dsh-web-mobile/lib/types/client/core/sessions-compat.d.ts.map,upstream-managed,unchanged,0288f8702d6266042ecc20d9c138716db3e9bed407fe58da39007b1f7da9aa77,0288f8702d6266042ecc20d9c138716db3e9bed407fe58da39007b1f7da9aa77,enumerated,baseline classification retained
app/src/main/assets/builtin-plugins/dsh-web-mobile/lib/types/client/debug.d.ts,upstream-managed,unchanged,b1e4fb739502d922f3529da9080017507c2d7b9437442bcebcd7f00e96efabcf,b1e4fb739502d922f3529da9080017507c2d7b9437442bcebcd7f00e96efabcf,enumerated,baseline classification retained
app/src/main/assets/builtin-plugins/dsh-web-mobile/lib/types/client/debug.d.ts.map,upstream-managed,unchanged,30c2d7a6b6bf58c31f4ce765e2c095741a87946a7cae3a5f425c6d57cb3f94af,30c2d7a6b6bf58c31f4ce765e2c095741a87946a7cae3a5f425c6d57cb3f94af,enumerated,baseline classification retained
app/src/main/assets/builtin-plugins/dsh-web-mobile/lib/types/client/effects/aionui-compat.d.ts,upstream-managed,unchanged,a5a30154617099476411584a182ee7b375ee48a59ce02dca6e48ad8fa890d714,a5a30154617099476411584a182ee7b375ee48a59ce02dca6e48ad8fa890d714,enumerated,baseline classification retained
app/src/main/assets/builtin-plugins/dsh-web-mobile/lib/types/client/effects/aionui-compat.d.ts.map,upstream-managed,unchanged,97e2222ee9188c20efc5328196f044ca3fcdd24ac116a684b19d2f50f02e36c0,97e2222ee9188c20efc5328196f044ca3fcdd24ac116a684b19d2f50f02e36c0,enumerated,baseline classification retained
app/src/main/assets/builtin-plugins/dsh-web-mobile/lib/types/client/effects/composer-keyboard-guard.d.ts,upstream-managed,unchanged,75987b9e3a2c5bbc1d7376fb0c7c1ad8ac38117225924f2a5be0fb9f176b5259,75987b9e3a2c5bbc1d7376fb0c7c1ad8ac38117225924f2a5be0fb9f176b5259,enumerated,baseline classification retained
app/src/main/assets/builtin-plugins/dsh-web-mobile/lib/types/client/effects/composer-keyboard-guard.d.ts.map,upstream-managed,unchanged,a9ee760d2b062356797f7088fcad98f4c88b6939e6b15098e7a24e8effdd69d7,a9ee760d2b062356797f7088fcad98f4c88b6939e6b15098e7a24e8effdd69d7,enumerated,baseline classification retained
app/src/main/assets/builtin-plugins/dsh-web-mobile/lib/types/client/effects/composer-plus-toggle.d.ts,upstream-managed,unchanged,ff6617d63ba5e5b1163e1d34b4545633e46fa89ff008f1caa350b67703b01028,ff6617d63ba5e5b1163e1d34b4545633e46fa89ff008f1caa350b67703b01028,enumerated,baseline classification retained
app/src/main/assets/builtin-plugins/dsh-web-mobile/lib/types/client/effects/composer-plus-toggle.d.ts.map,upstream-managed,unchanged,341c4094ac6214f484e1687498afbef9e2d8e93e378724098517bd8ff8d9edeb,341c4094ac6214f484e1687498afbef9e2d8e93e378724098517bd8ff8d9edeb,enumerated,baseline classification retained
app/src/main/assets/builtin-plugins/dsh-web-mobile/lib/types/client/effects/file-viewer-compat.d.ts,upstream-managed,unchanged,84f65db30a90025cd0b0f0ff1fb8cc864fe9851fda5a1ec82021c66edee7314d,84f65db30a90025cd0b0f0ff1fb8cc864fe9851fda5a1ec82021c66edee7314d,enumerated,baseline classification retained
app/src/main/assets/builtin-plugins/dsh-web-mobile/lib/types/client/effects/file-viewer-compat.d.ts.map,upstream-managed,unchanged,36d87260166201163730514120449cf61540c24050bf7df10e4134665eaf9871,36d87260166201163730514120449cf61540c24050bf7df10e4134665eaf9871,enumerated,baseline classification retained
app/src/main/assets/builtin-plugins/dsh-web-mobile/lib/types/client/effects/gesture-guard.d.ts,upstream-managed,unchanged,ff1c26e8cd7061b9d286293086be6302a2dd00d242a4c1b5f866718a0157f791,ff1c26e8cd7061b9d286293086be6302a2dd00d242a4c1b5f866718a0157f791,enumerated,baseline classification retained
app/src/main/assets/builtin-plugins/dsh-web-mobile/lib/types/client/effects/gesture-guard.d.ts.map,upstream-managed,unchanged,1eaa11dccaa7825c6546a5eff994b60b2636d520e401e9029272446096c2a9ba,1eaa11dccaa7825c6546a5eff994b60b2636d520e401e9029272446096c2a9ba,enumerated,baseline classification retained
app/src/main/assets/builtin-plugins/dsh-web-mobile/lib/types/client/effects/git-chip-reparent.d.ts,upstream-managed,unchanged,4ff09fd3a280eb53e557ac8a3cbf576b1a24a0625ae12dfb77f8af83cc313dda,4ff09fd3a280eb53e557ac8a3cbf576b1a24a0625ae12dfb77f8af83cc313dda,enumerated,baseline classification retained
app/src/main/assets/builtin-plugins/dsh-web-mobile/lib/types/client/effects/git-chip-reparent.d.ts.map,upstream-managed,unchanged,bd65b92f4a26dd5f447c9c53851d3d1234ae4ff04dc0ba3d3cd5ac395a0746d9,bd65b92f4a26dd5f447c9c53851d3d1234ae4ff04dc0ba3d3cd5ac395a0746d9,enumerated,baseline classification retained
app/src/main/assets/builtin-plugins/dsh-web-mobile/lib/types/client/effects/model-menu-anchor.d.ts,upstream-managed,unchanged,ba1438fb358ec61e746c4b76ce3e6d53e1bc9bc84a1ec93734f4b349ed02f12c,ba1438fb358ec61e746c4b76ce3e6d53e1bc9bc84a1ec93734f4b349ed02f12c,enumerated,baseline classification retained
app/src/main/assets/builtin-plugins/dsh-web-mobile/lib/types/client/effects/model-menu-anchor.d.ts.map,upstream-managed,unchanged,af34764334bc49d44ab05d205334ece1e0c78907d4d2f4ae10d54ec947e5d57e,af34764334bc49d44ab05d205334ece1e0c78907d4d2f4ae10d54ec947e5d57e,enumerated,baseline classification retained
app/src/main/assets/builtin-plugins/dsh-web-mobile/lib/types/client/effects/overlay-backdrop-fab.d.ts,upstream-managed,unchanged,b2c7728c67dfac613bbd846d838c52835cb494b55ccd08dc2c6ebf38528740b7,b2c7728c67dfac613bbd846d838c52835cb494b55ccd08dc2c6ebf38528740b7,enumerated,baseline classification retained
app/src/main/assets/builtin-plugins/dsh-web-mobile/lib/types/client/effects/overlay-backdrop-fab.d.ts.map,upstream-managed,unchanged,2da7f9666610e1b8dbd0710624e1dde7d114c6aba68051e6f9e1bdb34b73d516,2da7f9666610e1b8dbd0710624e1dde7d114c6aba68051e6f9e1bdb34b73d516,enumerated,baseline classification retained
app/src/main/assets/builtin-plugins/dsh-web-mobile/lib/types/client/effects/panel-exit.d.ts,upstream-managed,unchanged,df3f5237bdf6cf25934b1e32e6e91ddf4303cc175aa1a3060c82f58960fdb792,df3f5237bdf6cf25934b1e32e6e91ddf4303cc175aa1a3060c82f58960fdb792,enumerated,baseline classification retained
app/src/main/assets/builtin-plugins/dsh-web-mobile/lib/types/client/effects/panel-exit.d.ts.map,upstream-managed,unchanged,e42238179992ebad97dc26d2e2c36e4a027c549097a2d545edd68bd50a439b75,e42238179992ebad97dc26d2e2c36e4a027c549097a2d545edd68bd50a439b75,enumerated,baseline classification retained
app/src/main/assets/builtin-plugins/dsh-web-mobile/lib/types/client/effects/phone-chrome.d.ts,upstream-managed,unchanged,69ea9f8f1c4a478c6effd9a3a3a170559c4beca91c6f4bff105f40a217b3c8c4,69ea9f8f1c4a478c6effd9a3a3a170559c4beca91c6f4bff105f40a217b3c8c4,enumerated,baseline classification retained
app/src/main/assets/builtin-plugins/dsh-web-mobile/lib/types/client/effects/phone-chrome.d.ts.map,upstream-managed,unchanged,5a21adc93903f9da9c66acd94f8d34c459c39b72361480ed68f0215a4dbfbbfb,5a21adc93903f9da9c66acd94f8d34c459c39b72361480ed68f0215a4dbfbbfb,enumerated,baseline classification retained
app/src/main/assets/builtin-plugins/dsh-web-mobile/lib/types/client/effects/preview-fullscreen.d.ts,upstream-managed,unchanged,08a37da9a42e1ed1a684df5d573cd726663d27123b503649c398dd58ca19d61f,08a37da9a42e1ed1a684df5d573cd726663d27123b503649c398dd58ca19d61f,enumerated,baseline classification retained
app/src/main/assets/builtin-plugins/dsh-web-mobile/lib/types/client/effects/preview-fullscreen.d.ts.map,upstream-managed,unchanged,1b450684dd1bf1570b4dabf69a25a03bbc2509225a2a7b4aa477d9aaee7e2d3a,1b450684dd1bf1570b4dabf69a25a03bbc2509225a2a7b4aa477d9aaee7e2d3a,enumerated,baseline classification retained
app/src/main/assets/builtin-plugins/dsh-web-mobile/lib/types/client/effects/session-menu.d.ts,upstream-managed,unchanged,2de93bbdd5a36d02d3169bbc363b32a0035c62c99afd00982c6050cceb97f298,2de93bbdd5a36d02d3169bbc363b32a0035c62c99afd00982c6050cceb97f298,enumerated,baseline classification retained
app/src/main/assets/builtin-plugins/dsh-web-mobile/lib/types/client/effects/session-menu.d.ts.map,upstream-managed,unchanged,31496e1ff6cb00e177b9463d5d2205fffee617aefe8b442aa33973fb15e1e81d,31496e1ff6cb00e177b9463d5d2205fffee617aefe8b442aa33973fb15e1e81d,enumerated,baseline classification retained
app/src/main/assets/builtin-plugins/dsh-web-mobile/lib/types/client/effects/session-row-fiber.d.ts,upstream-managed,unchanged,c0a4b03b25fdf21ef286bd3128caa3bcde26db14c3a7dbb0c37d54ab359a2632,c0a4b03b25fdf21ef286bd3128caa3bcde26db14c3a7dbb0c37d54ab359a2632,enumerated,baseline classification retained
app/src/main/assets/builtin-plugins/dsh-web-mobile/lib/types/client/effects/session-row-fiber.d.ts.map,upstream-managed,unchanged,c53b242e19cdf330472002124d7875742c0cd7423b320426cf074b0a69e7ad50,c53b242e19cdf330472002124d7875742c0cd7423b320426cf074b0a69e7ad50,enumerated,baseline classification retained
app/src/main/assets/builtin-plugins/dsh-web-mobile/lib/types/client/effects/settings-toolbar-reparent.d.ts,upstream-managed,unchanged,b53a1958705a7a76e32d900463b46485c700c779dec7c5652c25ffddd1376747,b53a1958705a7a76e32d900463b46485c700c779dec7c5652c25ffddd1376747,enumerated,baseline classification retained
app/src/main/assets/builtin-plugins/dsh-web-mobile/lib/types/client/effects/settings-toolbar-reparent.d.ts.map,upstream-managed,unchanged,3c19a0fe5edb273b769086da77a84f17500a012bd8c3be27e8193e5cc0b181e4,3c19a0fe5edb273b769086da77a84f17500a012bd8c3be27e8193e5cc0b181e4,enumerated,baseline classification retained
app/src/main/assets/builtin-plugins/dsh-web-mobile/lib/types/client/effects/shortcut-modal-keyboard-guard.d.ts,upstream-managed,unchanged,ec4259af504b0fe2cf13a2d894d92689076ecd3e2289ed622197dd888d08b04e,ec4259af504b0fe2cf13a2d894d92689076ecd3e2289ed622197dd888d08b04e,enumerated,baseline classification retained
app/src/main/assets/builtin-plugins/dsh-web-mobile/lib/types/client/effects/shortcut-modal-keyboard-guard.d.ts.map,upstream-managed,unchanged,5b657e0ddbadc17591b4402ae94610c6ef9ff87c64dcb22d4d4834312e2e6dce,5b657e0ddbadc17591b4402ae94610c6ef9ff87c64dcb22d4d4834312e2e6dce,enumerated,baseline classification retained
app/src/main/assets/builtin-plugins/dsh-web-mobile/lib/types/client/effects/sidebar-swipe.d.ts,upstream-managed,unchanged,811dff016dbac41c97891a8d583f9eab4fab746d896ac66101b1676ef0de67bb,811dff016dbac41c97891a8d583f9eab4fab746d896ac66101b1676ef0de67bb,enumerated,baseline classification retained
app/src/main/assets/builtin-plugins/dsh-web-mobile/lib/types/client/effects/sidebar-swipe.d.ts.map,upstream-managed,unchanged,cbc9614a1c03331112f5ffb283a2615e6c1be9e845b750e7d9ec9c7081ddedf5,cbc9614a1c03331112f5ffb283a2615e6c1be9e845b750e7d9ec9c7081ddedf5,enumerated,baseline classification retained
app/src/main/assets/builtin-plugins/dsh-web-mobile/lib/types/client/effects/stats-line.d.ts,upstream-managed,unchanged,776a9ead2aadebb3a4d214fe0b5d53651656b6df2d2331d3ce1756823f4127c4,776a9ead2aadebb3a4d214fe0b5d53651656b6df2d2331d3ce1756823f4127c4,enumerated,baseline classification retained
app/src/main/assets/builtin-plugins/dsh-web-mobile/lib/types/client/effects/stats-line.d.ts.map,upstream-managed,unchanged,4cc9c6bee16665a0d0e17cf91414a8e1cb24ca5914ffe6b80f0655a759e7054f,4cc9c6bee16665a0d0e17cf91414a8e1cb24ca5914ffe6b80f0655a759e7054f,enumerated,baseline classification retained
app/src/main/assets/builtin-plugins/dsh-web-mobile/lib/types/client/effects/subagent-chip-touch.d.ts,upstream-managed,unchanged,887823f1737c070d7331dc15a134a3f8f18291ad581080f78be0c824ee918348,887823f1737c070d7331dc15a134a3f8f18291ad581080f78be0c824ee918348,enumerated,baseline classification retained
app/src/main/assets/builtin-plugins/dsh-web-mobile/lib/types/client/effects/subagent-chip-touch.d.ts.map,upstream-managed,unchanged,36b20b7763e91aac0c6cc0348718acddd05fe78a8d6d10dea7b207cbac683da4,36b20b7763e91aac0c6cc0348718acddd05fe78a8d6d10dea7b207cbac683da4,enumerated,baseline classification retained
app/src/main/assets/builtin-plugins/dsh-web-mobile/lib/types/client/effects/team-chip-toggle.d.ts,upstream-managed,unchanged,1fa4ef8c56171996dbb547dfda4a727e4254461c2b5e362bbaa6f235728f3d93,1fa4ef8c56171996dbb547dfda4a727e4254461c2b5e362bbaa6f235728f3d93,enumerated,baseline classification retained
app/src/main/assets/builtin-plugins/dsh-web-mobile/lib/types/client/effects/team-chip-toggle.d.ts.map,upstream-managed,unchanged,fe9e9915a82f5809e578d7920ae1dca91ed21d5fd0ea9721807afb96fa30d459,fe9e9915a82f5809e578d7920ae1dca91ed21d5fd0ea9721807afb96fa30d459,enumerated,baseline classification retained
app/src/main/assets/builtin-plugins/dsh-web-mobile/lib/types/client/effects/workspace-chip-toggle.d.ts,upstream-managed,unchanged,9e0a5f6cd6aef575272519646b302f2825275b34d6d03404f5db904eee3f2660,9e0a5f6cd6aef575272519646b302f2825275b34d6d03404f5db904eee3f2660,enumerated,baseline classification retained
app/src/main/assets/builtin-plugins/dsh-web-mobile/lib/types/client/effects/workspace-chip-toggle.d.ts.map,upstream-managed,unchanged,8026079a5899e4a44ae1fae630cbd583e3ef971c7ce0e7ce2acfcba476c42426,8026079a5899e4a44ae1fae630cbd583e3ef971c7ce0e7ce2acfcba476c42426,enumerated,baseline classification retained
app/src/main/assets/builtin-plugins/dsh-web-mobile/lib/types/client/i18n/locales.d.ts,upstream-managed,unchanged,6fcf5bf77aa34a70c5d9ec11cd6551d02a2e99b781b8650af389787a7c7b6d7b,6fcf5bf77aa34a70c5d9ec11cd6551d02a2e99b781b8650af389787a7c7b6d7b,enumerated,baseline classification retained
app/src/main/assets/builtin-plugins/dsh-web-mobile/lib/types/client/i18n/locales.d.ts.map,upstream-managed,unchanged,3fc716943c7d42e2abf7d47e41713052e2226cf4076023804f3fe766da08d2f7,3fc716943c7d42e2abf7d47e41713052e2226cf4076023804f3fe766da08d2f7,enumerated,baseline classification retained
app/src/main/assets/builtin-plugins/dsh-web-mobile/lib/types/client/index.d.ts,upstream-managed,unchanged,4fdfb369f694c1f030e854f46bf4f843212f8518b3a61728852fd48b6459a10d,4fdfb369f694c1f030e854f46bf4f843212f8518b3a61728852fd48b6459a10d,enumerated,baseline classification retained
app/src/main/assets/builtin-plugins/dsh-web-mobile/lib/types/client/index.d.ts.map,upstream-managed,unchanged,f9e0e37a690411b6a7315c7fd0a4e17eb4ba5d0fb0845a04005a41a4cc0ced0f,f9e0e37a690411b6a7315c7fd0a4e17eb4ba5d0fb0845a04005a41a4cc0ced0f,enumerated,baseline classification retained
app/src/main/assets/builtin-plugins/dsh-web-mobile/lib/types/client/styles/base.css.d.ts,upstream-managed,unchanged,8689f5618c98555845a93b73d9c39d91e8cdc4331e97b149c36022452a9e8665,8689f5618c98555845a93b73d9c39d91e8cdc4331e97b149c36022452a9e8665,enumerated,baseline classification retained
app/src/main/assets/builtin-plugins/dsh-web-mobile/lib/types/client/styles/base.css.d.ts.map,upstream-managed,unchanged,c4c2783a5a287b09d99da1f42943114f87b27cad820f6228a4ef3da9c493d103,c4c2783a5a287b09d99da1f42943114f87b27cad820f6228a4ef3da9c493d103,enumerated,baseline classification retained
app/src/main/assets/builtin-plugins/dsh-web-mobile/lib/types/client/styles/compat.css.d.ts,upstream-managed,unchanged,66d51c162597ae7107205f49e80a3cab8d69cf07041bb54ee3bd2c1110b114bb,66d51c162597ae7107205f49e80a3cab8d69cf07041bb54ee3bd2c1110b114bb,enumerated,baseline classification retained
app/src/main/assets/builtin-plugins/dsh-web-mobile/lib/types/client/styles/compat.css.d.ts.map,upstream-managed,unchanged,2dcc3ae3b6eea0648713b6e892cd39161340399efb0419ddb602baaf40010c6a,2dcc3ae3b6eea0648713b6e892cd39161340399efb0419ddb602baaf40010c6a,enumerated,baseline classification retained
app/src/main/assets/builtin-plugins/dsh-web-mobile/lib/types/client/styles/index.d.ts,upstream-managed,unchanged,931e04e6fd477a0d42f0aa8fcdf5ce9fa4519224e1175ea2768d9c89854a4e45,931e04e6fd477a0d42f0aa8fcdf5ce9fa4519224e1175ea2768d9c89854a4e45,enumerated,baseline classification retained
app/src/main/assets/builtin-plugins/dsh-web-mobile/lib/types/client/styles/index.d.ts.map,upstream-managed,unchanged,f0134cb1766f7e935bc4961fba9d5cf52db031a688fcf51d5cb5b0bffcac8d25,f0134cb1766f7e935bc4961fba9d5cf52db031a688fcf51d5cb5b0bffcac8d25,enumerated,baseline classification retained
app/src/main/assets/builtin-plugins/dsh-web-mobile/lib/types/client/styles/layout.css.d.ts,upstream-managed,unchanged,1b799099d37b51bcf6331f64a90d97002a8ee3aa4476d786496edc9d58c860e7,1b799099d37b51bcf6331f64a90d97002a8ee3aa4476d786496edc9d58c860e7,enumerated,baseline classification retained
app/src/main/assets/builtin-plugins/dsh-web-mobile/lib/types/client/styles/layout.css.d.ts.map,upstream-managed,unchanged,e401bbc9818ce8a94b71a64e70b12631c10583098ab4a362afc49580ce14e409,e401bbc9818ce8a94b71a64e70b12631c10583098ab4a362afc49580ce14e409,enumerated,baseline classification retained
app/src/main/assets/builtin-plugins/dsh-web-mobile/lib/types/client/styles/misc.css.d.ts,upstream-managed,unchanged,b9288c8a5c65784e36fd8b7829f4e443d48eec697cd9d67911f7e59d9267d231,b9288c8a5c65784e36fd8b7829f4e443d48eec697cd9d67911f7e59d9267d231,enumerated,baseline classification retained
app/src/main/assets/builtin-plugins/dsh-web-mobile/lib/types/client/styles/misc.css.d.ts.map,upstream-managed,unchanged,534f3d46b6d09e1070b0351a53467726563a9dda58e08efa958267f501b422dd,534f3d46b6d09e1070b0351a53467726563a9dda58e08efa958267f501b422dd,enumerated,baseline classification retained
app/src/main/assets/builtin-plugins/dsh-web-mobile/lib/types/compress.d.ts,upstream-managed,unchanged,d94cd5329fd2bd551ed7eabef9d7bd762db2adc74a0604a9a4aab713e5352dc4,d94cd5329fd2bd551ed7eabef9d7bd762db2adc74a0604a9a4aab713e5352dc4,enumerated,baseline classification retained
app/src/main/assets/builtin-plugins/dsh-web-mobile/lib/types/compress.d.ts.map,upstream-managed,unchanged,51eeb93dbab0d57ec7f136a8b1143d41a681ad82b302e6cb49f136049a940bc8,51eeb93dbab0d57ec7f136a8b1143d41a681ad82b302e6cb49f136049a940bc8,enumerated,baseline classification retained
app/src/main/assets/builtin-plugins/dsh-web-mobile/lib/types/delete-session.d.ts,upstream-managed,unchanged,a9378ffceab13081c202fd7f140d1a3cac2d8a9384981de74cc1953342614519,a9378ffceab13081c202fd7f140d1a3cac2d8a9384981de74cc1953342614519,enumerated,baseline classification retained
app/src/main/assets/builtin-plugins/dsh-web-mobile/lib/types/delete-session.d.ts.map,upstream-managed,unchanged,c4b3ad77613af706a39aabe7729290b590f86da086122b81e39b2aaf58d25a6f,c4b3ad77613af706a39aabe7729290b590f86da086122b81e39b2aaf58d25a6f,enumerated,baseline classification retained
app/src/main/assets/builtin-plugins/dsh-web-mobile/lib/types/index.d.ts,upstream-managed,unchanged,d053afebca0ab1c1cc7b2e917f1d1ac9e20e637c7da18775ff78783a7853e225,d053afebca0ab1c1cc7b2e917f1d1ac9e20e637c7da18775ff78783a7853e225,enumerated,baseline classification retained
app/src/main/assets/builtin-plugins/dsh-web-mobile/lib/types/index.d.ts.map,upstream-managed,unchanged,eb367b99d6646c688b205ffa9b7b4e5d11df652d9d745e9d2f44b5daa4c89457,eb367b99d6646c688b205ffa9b7b4e5d11df652d9d745e9d2f44b5daa4c89457,enumerated,baseline classification retained
app/src/main/assets/builtin-plugins/dsh-web-mobile/package.json,upstream-managed,unchanged,b75fd151c07e345e26ad0e0ff9177d5c51ee29d59340ef32323219bf180f508b,b75fd151c07e345e26ad0e0ff9177d5c51ee29d59340ef32323219bf180f508b,enumerated,baseline classification retained
app/src/main/assets/ca-certificates.crt,source,unchanged,9cc2a774b5198dcff14d9be1e66091f538975d867ce029a96bce15a55dfd730f,9cc2a774b5198dcff14d9be1e66091f538975d867ce029a96bce15a55dfd730f,enumerated,baseline classification retained
app/src/main/assets/client-combo-cache/index.js,source,unchanged,982c0cdce192d71274b679983ee19549d0089f88a22bdd6177857124ab6de0e7,982c0cdce192d71274b679983ee19549d0089f88a22bdd6177857124ab6de0e7,static-scan,baseline classification retained
app/src/main/assets/client-combo-cache/package.json,configuration,unchanged,63e67f4219562187f3ffd74e7af88ac77ae573f35c625973209a654b3ea76173,63e67f4219562187f3ffd74e7af88ac77ae573f35c625973209a654b3ea76173,enumerated,baseline classification retained
app/src/main/assets/client-combo-patch.json,configuration,unchanged,d244bcf4ce35303d2336bbba478c7f09174755754fb477c6cd1959cd9e90c2c8,d244bcf4ce35303d2336bbba478c7f09174755754fb477c6cd1959cd9e90c2c8,enumerated,baseline classification retained
app/src/main/assets/composer-enter-patch.json,configuration,unchanged,36ac6aae5a2ea0821669fd697638b04abed031199a9cb5201ea4a8dbba0e040e,36ac6aae5a2ea0821669fd697638b04abed031199a9cb5201ea4a8dbba0e040e,enumerated,baseline classification retained
app/src/main/assets/conversation-materialized-patch.json,configuration,unchanged,6986aee62534314253b64e2058e8b2836d092d8980f085528bbc10d97b966558,6986aee62534314253b64e2058e8b2836d092d8980f085528bbc10d97b966558,enumerated,baseline classification retained
app/src/main/assets/deepseek-messages-compat-patch.json,configuration,unchanged,881fc3c2a37aef0bb495d48d262dcf4b055cac76debd918592e7743e8baf521f,881fc3c2a37aef0bb495d48d262dcf4b055cac76debd918592e7743e8baf521f,enumerated,baseline classification retained
app/src/main/assets/device-shell-policy.py,source,unchanged,4554c9d6edb5b3a8c5a2681b324336a36060b46b56cde86a8241ef52c2ec5843,4554c9d6edb5b3a8c5a2681b324336a36060b46b56cde86a8241ef52c2ec5843,static-scan,baseline classification retained
app/src/main/assets/dns-compat.cjs,source,unchanged,7f52122fb87a5f97604069e6938bec15f4e660d8e13c7ae655a29df5a50fb07a,7f52122fb87a5f97604069e6938bec15f4e660d8e13c7ae655a29df5a50fb07a,static-scan,baseline classification retained
app/src/main/assets/dsh-deps-heal.sh,source,unchanged,6c8f4c44387c9c9a3f3bae2aefdb9d77fb8f58b2ec86d5afb86c268a5e3b5993,6c8f4c44387c9c9a3f3bae2aefdb9d77fb8f58b2ec86d5afb86c268a5e3b5993,static-scan,baseline classification retained
app/src/main/assets/dsh-runtime.bin,added source/test/input; see issue ledger,new,,18ca9a502d3784cf907b2848a434c12139251bce97c4d7a24adeece75b975c3a,not in baseline,"changed input bound to software receipt; specific deep/behavior/device evidence in issue ledger, not blanket branch coverage"
app/src/main/assets/dsha-builtin.txt,documentation,unchanged,930f126dd3b77e31cbd9eefbe3bfa9507855a2d1bd04e4c6927a6d6c1587ecc5,930f126dd3b77e31cbd9eefbe3bfa9507855a2d1bd04e4c6927a6d6c1587ecc5,enumerated,baseline classification retained
app/src/main/assets/dsha-deepseek-messages-compat.js,source,unchanged,ecaed254bff32b497112d524984aa5b58f3cdbf6fb9ee2b77876e1197f132f37,ecaed254bff32b497112d524984aa5b58f3cdbf6fb9ee2b77876e1197f132f37,static-scan,baseline classification retained
app/src/main/assets/dsha-device-shell.sh,source,modified,2b9beea89aa12747a57613ef96017caf6eee7ac8bf787736db1f97e8992d27af,064947be2f41b4e1a627d7541846c35ee5e18c152845c416d249f5580fd8ca2b,static-scan,"changed input bound to software receipt; specific deep/behavior/device evidence in issue ledger, not blanket branch coverage"
app/src/main/assets/dsha-plugin.sh,source,unchanged,ea2941594d35d903c7a007425b9d1b6ef8949c42cb049baec0cba34cdedd55a1,ea2941594d35d903c7a007425b9d1b6ef8949c42cb049baec0cba34cdedd55a1,static-scan,baseline classification retained
app/src/main/assets/dsha-runtime-env.sh,source,unchanged,16cc9a1bc7d26b8e83c050ec4ee0a6d2ba2520b9318b8d05ddc48ea3c762f52c,16cc9a1bc7d26b8e83c050ec4ee0a6d2ba2520b9318b8d05ddc48ea3c762f52c,static-scan,baseline classification retained
app/src/main/assets/environment-data.py,source,unchanged,157c142ff226fc53db1ae242e12d98f294e4b686bee39d103f235d9ba585299a,157c142ff226fc53db1ae242e12d98f294e4b686bee39d103f235d9ba585299a,static-scan,baseline classification retained
app/src/main/assets/fix-stale-bundles.sh,source,unchanged,d2f9d905040403f50a271f6cbbfabb5e778c6f5732faac47ff06eba818a4cf4e,d2f9d905040403f50a271f6cbbfabb5e778c6f5732faac47ff06eba818a4cf4e,static-scan,baseline classification retained
app/src/main/assets/flatten-l2s.py,source,unchanged,e64eb220981ae5a4d861a530fe2b6f6dc1a9ccb0a576bdb1feeff588eeeee714,e64eb220981ae5a4d861a530fe2b6f6dc1a9ccb0a576bdb1feeff588eeeee714,static-scan,baseline classification retained
app/src/main/assets/fs-write-patch.sh,source,unchanged,b9491cc67413b166cd419dfdff7f9a6fe47a0885281ba35c76c5ed665271e446,b9491cc67413b166cd419dfdff7f9a6fe47a0885281ba35c76c5ed665271e446,static-scan,baseline classification retained
app/src/main/assets/glibc-python.tar.gz,binary-or-resource,unchanged,d3f472848bf56dc856f23bc7a20d546703075b4851fd3de9cb07936b52feba9d,d3f472848bf56dc856f23bc7a20d546703075b4851fd3de9cb07936b52feba9d,enumerated,baseline classification retained
app/src/main/assets/heal-pnpm-shells.py,source,unchanged,e493fcabe2b3ebc07f495864507645cc28f19b215af2e1eb65aa96c0a11a3564,e493fcabe2b3ebc07f495864507645cc28f19b215af2e1eb65aa96c0a11a3564,static-scan,baseline classification retained
app/src/main/assets/heal-profile-boot.py,source,unchanged,e490ee61fc9dd5469c5c60ed0655eed31b092efbd0b53db66117b73d5706a1ef,e490ee61fc9dd5469c5c60ed0655eed31b092efbd0b53db66117b73d5706a1ef,static-scan,baseline classification retained
app/src/main/assets/heal-session.sh,source,unchanged,68f241a8196d2129b61f959e04524d3b110535ad927a610a23a69aaa3ba63137,68f241a8196d2129b61f959e04524d3b110535ad927a610a23a69aaa3ba63137,static-scan,baseline classification retained
app/src/main/assets/heal-sessions.py,source,unchanged,ab2a4c44f7585ac75e927acc6d344804164cbe5ee5c677696b0377d7deec86ab,ab2a4c44f7585ac75e927acc6d344804164cbe5ee5c677696b0377d7deec86ab,static-scan,baseline classification retained
app/src/main/assets/install-basic-tools.sh,source,unchanged,69e5fa10d3b8e9952b3fd794aa1080d80d57b6b517b47ec3e3652769c2370c8e,69e5fa10d3b8e9952b3fd794aa1080d80d57b6b517b47ec3e3652769c2370c8e,static-scan,baseline classification retained
app/src/main/assets/install-ubuntu-tools.sh,source,unchanged,c0bde7c0f96b8fd917256c862f32e350e754ef5a73e67b354767450568d8d124,c0bde7c0f96b8fd917256c862f32e350e754ef5a73e67b354767450568d8d124,static-scan,baseline classification retained
app/src/main/assets/language-patch.json,configuration,unchanged,9fba930e7decb1052c6bdc9481c84e6ff5f9f6ae8c52a08861683d94b1a5f21e,9fba930e7decb1052c6bdc9481c84e6ff5f9f6ae8c52a08861683d94b1a5f21e,enumerated,baseline classification retained
app/src/main/assets/lexical-claim-patch.json,configuration,unchanged,f846ea974700c7fe18577a22826a50a64c394a66265522462320d5f1f328e211,f846ea974700c7fe18577a22826a50a64c394a66265522462320d5f1f328e211,enumerated,baseline classification retained
app/src/main/assets/licenses/DSHA-MIT.txt,documentation,unchanged,e0ddc2f4a383d900a26e3148a19c256e9dbe06585a274307509e9714636be0b1,e0ddc2f4a383d900a26e3148a19c256e9dbe06585a274307509e9714636be0b1,enumerated,baseline classification retained
app/src/main/assets/licenses/bouncycastle-LICENSE.txt,documentation,unchanged,b3c0e23a6fd287e05c4849faa17632d0b31bdc31fccc409caeb7661caea9d967,b3c0e23a6fd287e05c4849faa17632d0b31bdc31fccc409caeb7661caea9d967,enumerated,baseline classification retained
app/src/main/assets/licenses/certifi-LICENSE.txt,documentation,unchanged,e93716da6b9c0d5a4a1df60fe695b370f0695603d21f6f83f053e42cfc10caf7,e93716da6b9c0d5a4a1df60fe695b370f0695603d21f6f83f053e42cfc10caf7,enumerated,baseline classification retained
app/src/main/assets/licenses/gson-LICENSE.txt,documentation,unchanged,cfc7749b96f63bd31c3c42b5c471bf756814053e847c10f3eb003417bc523d30,cfc7749b96f63bd31c3c42b5c471bf756814053e847c10f3eb003417bc523d30,enumerated,baseline classification retained
app/src/main/assets/managed-package-proofs.json,configuration,unchanged,1aaf5c5fc7bc5d63c9938727d03406330fe63a32a052542fc3d5ca306adfe634,1aaf5c5fc7bc5d63c9938727d03406330fe63a32a052542fc3d5ca306adfe634,enumerated,baseline classification retained
app/src/main/assets/managed-runtime-inputs.json,added source/test/input; see issue ledger,new,,052de8cdc4122c0f0fffc15f0d2163c448a419893138fd287f613083fb753fb1,not in baseline,"changed input bound to software receipt; specific deep/behavior/device evidence in issue ledger, not blanket branch coverage"
app/src/main/assets/migrate-public-data.sh,source,unchanged,8496644ec28fd6954d1d1b9eef20c66ef58214e540062b222d83d788ed67d417,8496644ec28fd6954d1d1b9eef20c66ef58214e540062b222d83d788ed67d417,static-scan,baseline classification retained
app/src/main/assets/models-navigation-patch.json,configuration,unchanged,d8d15c308c0c09a1a861d27a9e4b05bc4665ee6a57bcf153b6d8c4f4b80f4cc8,d8d15c308c0c09a1a861d27a9e4b05bc4665ee6a57bcf153b6d8c4f4b80f4cc8,enumerated,baseline classification retained
app/src/main/assets/office-fonts-patch.json,configuration,unchanged,639533cadea7a8afc03df74a58477419a752e0aeaad6c3141c4b575636c61656,639533cadea7a8afc03df74a58477419a752e0aeaad6c3141c4b575636c61656,enumerated,baseline classification retained
app/src/main/assets/offline-rootfs.bin,added source/test/input; see issue ledger,new,,0a680b5689b900a5313f53a8ae69c11cb76a12aeb47d75a071cdd7162747c00f,not in baseline,"changed input bound to software receipt; specific deep/behavior/device evidence in issue ledger, not blanket branch coverage"
app/src/main/assets/offline-rootfs.version,source,unchanged,917df3320d778ddbaa5c5c7742bc4046bf803c36ed2b050f30844ed206783469,917df3320d778ddbaa5c5c7742bc4046bf803c36ed2b050f30844ed206783469,enumerated,baseline classification retained
app/src/main/assets/pdf-compat-patch.json,configuration,unchanged,4efa11804e8e18a2cd1bd3998b67c18874e8974f9bc9333f76ab52a0766298a5,4efa11804e8e18a2cd1bd3998b67c18874e8974f9bc9333f76ab52a0766298a5,enumerated,baseline classification retained
app/src/main/assets/persona-compat-patch.json,configuration,unchanged,d1f1be9431e52eb71d5769a7cf89f0e21c2de0c9381754cf8e52e83e3e4ac467,d1f1be9431e52eb71d5769a7cf89f0e21c2de0c9381754cf8e52e83e3e4ac467,enumerated,baseline classification retained
app/src/main/assets/plugin-dependencies.py,source,unchanged,c289d2cde883594419b37dffb19745d928e0a1095e0eb53ebc5e18fdb07a2b3a,c289d2cde883594419b37dffb19745d928e0a1095e0eb53ebc5e18fdb07a2b3a,static-scan,baseline classification retained
app/src/main/assets/plugin-lifecycle.py,source,modified,946b762ce56ee122fd5578617596f040cc84f8a0b8f4fc8527d30edae6f1611a,8cdd55ff6eaf24bf60f5b2b0e9b205bd05175a169abbcd52e860dd0eadf84f46,static-scan,"changed input bound to software receipt; specific deep/behavior/device evidence in issue ledger, not blanket branch coverage"
app/src/main/assets/plugin-manager-navigation-patch.json,configuration,unchanged,559bab222badd092cd067042c416c222d1e0fae624c1411172ae014a5cd55697,559bab222badd092cd067042c416c222d1e0fae624c1411172ae014a5cd55697,enumerated,baseline classification retained
app/src/main/assets/plugin-manager-policy-patch.json,configuration,unchanged,c629cb66f679aff98a3fea4e2b8716ba7506f77d4b0c9f623c2293d243ee8554,c629cb66f679aff98a3fea4e2b8716ba7506f77d4b0c9f623c2293d243ee8554,enumerated,baseline classification retained
app/src/main/assets/plugin-manager.py,source,modified,95c738ff702d29b3cc8ad443c5160bce658397cff0cd350a4be6fb4db94ccb0f,fae00e278c9249d6267bc70c0f6c4c70a775aefb4234a989593158e68f5e1ac6,static-scan,"changed input bound to software receipt; specific deep/behavior/device evidence in issue ledger, not blanket branch coverage"
app/src/main/assets/plugin-semver.cjs,source,unchanged,e6502ec42bd53521237d5fa04c489d71bff203cb7c2ec5b4aef4cec7f91d88a5,e6502ec42bd53521237d5fa04c489d71bff203cb7c2ec5b4aef4cec7f91d88a5,static-scan,baseline classification retained
app/src/main/assets/plugin-transactions.py,source,modified,115cdd4e5e9dc6fdc31b907b95adf26f25460b76ae1503ce81edbff879d20ade,aa36d2acf5e07287b27b43b26e1d924485428986ce30e36574597d165db3c496,static-scan,"changed input bound to software receipt; specific deep/behavior/device evidence in issue ledger, not blanket branch coverage"
app/src/main/assets/pnpm-env-fix.sh,source,unchanged,61003026497d645efdbe66a61a6896cebceae73d1296f5d0c78f0983c4351350,61003026497d645efdbe66a61a6896cebceae73d1296f5d0c78f0983c4351350,static-scan,baseline classification retained
app/src/main/assets/pnpm-runtime.bin,binary-or-resource,unchanged,08873508c20e5a4af5ffb93a02509aac62a24b91826d8abce9f0d71e9453ce9d,08873508c20e5a4af5ffb93a02509aac62a24b91826d8abce9f0d71e9453ce9d,enumerated,baseline classification retained
app/src/main/assets/profile-settings-review.js,source,unchanged,c33cee1bd278ef9077e6ac7c165d742d3feb8e5aa0693fffa772a081b5a8edec,c33cee1bd278ef9077e6ac7c165d742d3feb8e5aa0693fffa772a081b5a8edec,static-scan,baseline classification retained
app/src/main/assets/python-support.bin,binary-or-resource,unchanged,9f8299ea3fa7a1cf84c23087ae80f584599a828585f3175f92da575955a63464,9f8299ea3fa7a1cf84c23087ae80f584599a828585f3175f92da575955a63464,enumerated,baseline classification retained
app/src/main/assets/rc1-migration.py,source,unchanged,02fcfdadeda1a7ebc884818784b0767b82e0cf4535a37f3721206b2d05013161,02fcfdadeda1a7ebc884818784b0767b82e0cf4535a37f3721206b2d05013161,static-scan,baseline classification retained
app/src/main/assets/rc1-settings-migration-patch.json,configuration,unchanged,a0ea9e3273304136177001a17d87affeee8a15ab09835bc2b552c37afcd2904b,a0ea9e3273304136177001a17d87affeee8a15ab09835bc2b552c37afcd2904b,enumerated,baseline classification retained
app/src/main/assets/rc1-settings-migration.cjs,source,unchanged,69012600e3cbd426f076172b1a1df655a8732c33c3d52aedbc1776e7981828fe,69012600e3cbd426f076172b1a1df655a8732c33c3d52aedbc1776e7981828fe,static-scan,baseline classification retained
app/src/main/assets/recovery-agent.js,source,unchanged,55f732485bd58ab6843324823933a401b3d531ae50c1acaf48695b19a98564f0,55f732485bd58ab6843324823933a401b3d531ae50c1acaf48695b19a98564f0,static-scan,baseline classification retained
app/src/main/assets/recovery-profile-package.json,configuration,unchanged,eac7c32dcfcf8eee051e425ea65b7ce2b25c77d9cd1c438add6a4c74fd99e97f,eac7c32dcfcf8eee051e425ea65b7ce2b25c77d9cd1c438add6a4c74fd99e97f,enumerated,baseline classification retained
app/src/main/assets/recovery-profile.patch.yml,configuration,unchanged,11deb6d463454e278faad4ef110152586d0cf836a478bdc4e2020fba132a25a3,11deb6d463454e278faad4ef110152586d0cf836a478bdc4e2020fba132a25a3,enumerated,baseline classification retained
app/src/main/assets/recovery-web-integration/locale-relay.js,source,modified,581ec2ab7deae2c221cf431fda81b1ef6a4f596d4c6c7cc009a859b2966f375c,d2c86522225521694a652c05a28907d20847ca42601c99096164739758df8dae,static-scan,"changed input bound to software receipt; specific deep/behavior/device evidence in issue ledger, not blanket branch coverage"
app/src/main/assets/recovery-web-integration/manifest.json,configuration,modified,ccac0427ea76c9e91d0748b9ee088abbe5611d54470cda3a156955a512ae341a,1614b3e7d6ed9f4b4ef84eaae2b54c52f1513088f7c8506ace82782110a3ef14,enumerated,"changed input bound to software receipt; specific deep/behavior/device evidence in issue ledger, not blanket branch coverage"
app/src/main/assets/register-builtin-plugins.py,source,unchanged,774a15b8cd7d2b5631224d0f3e9847224734bc9020c321a5c226e6528e2b258c,774a15b8cd7d2b5631224d0f3e9847224734bc9020c321a5c226e6528e2b258c,static-scan,baseline classification retained
app/src/main/assets/restore-merge.py,source,unchanged,0fe3d18a01fbe133c9c166aba52f38022fbcd60db6ddd3381e3c6961d185c4d7,0fe3d18a01fbe133c9c166aba52f38022fbcd60db6ddd3381e3c6961d185c4d7,static-scan,baseline classification retained
app/src/main/assets/rootfs-confirm-install.sh,source,unchanged,3b4a0c149fe871f812a7b0787edc3e36a709e299aed8dbb94345bea68932a0d0,3b4a0c149fe871f812a7b0787edc3e36a709e299aed8dbb94345bea68932a0d0,static-scan,baseline classification retained
app/src/main/assets/runtime-descriptor.json,configuration,modified,aeb0c7142ef6085c22b50c17b8ef8742c161e70baa230a7bb13098e43c82a305,57b49c07dcbcc3c7b83f2dcc001581e6f677d582f1e27994841847f6e09f88e2,enumerated,"changed input bound to software receipt; specific deep/behavior/device evidence in issue ledger, not blanket branch coverage"
app/src/main/assets/runtime-fs/index.js,source,unchanged,ea0880b3f6f3eea3427294476b931aa948a0c2efc780a37e802ed48fbf584473,ea0880b3f6f3eea3427294476b931aa948a0c2efc780a37e802ed48fbf584473,static-scan,baseline classification retained
app/src/main/assets/runtime-fs/package.json,configuration,unchanged,9b7081bc29038465263ec0084d1b35634cac7f700b6f36187a37fd1e3734d89c,9b7081bc29038465263ec0084d1b35634cac7f700b6f36187a37fd1e3734d89c,enumerated,baseline classification retained
app/src/main/assets/runtime-python/python3.14,source,unchanged,4f8d78ede7fc26e96e99342dd83ce42d32c9b4d0806bc9a99ff7151396269b25,4f8d78ede7fc26e96e99342dd83ce42d32c9b4d0806bc9a99ff7151396269b25,enumerated,baseline classification retained
app/src/main/assets/runtime-trial-page.js,source,unchanged,48d7ee3cd6ee2a20418e91cfcb3ed5a15511265d30b2f1f91a5c6fd3814e7308,48d7ee3cd6ee2a20418e91cfcb3ed5a15511265d30b2f1f91a5c6fd3814e7308,static-scan,baseline classification retained
app/src/main/assets/runtime-trial-plugin.js,source,unchanged,9a15d426e5bf2bab3a7e5b0b2a7a78981d68c8ac7975514c1c9db71be03591ff,9a15d426e5bf2bab3a7e5b0b2a7a78981d68c8ac7975514c1c9db71be03591ff,static-scan,baseline classification retained
app/src/main/assets/selftest.py,source,unchanged,e7bafe7566796e80ec37b74185e199b3c5e002c1187355f8080c23acd8e5dbaa,e7bafe7566796e80ec37b74185e199b3c5e002c1187355f8080c23acd8e5dbaa,static-scan,baseline classification retained
app/src/main/assets/session-compat/index.js,source,unchanged,0baae8496c8c40eb67cfbe6df06b415bb2919b9c25a790334fbb718d4d35c46c,0baae8496c8c40eb67cfbe6df06b415bb2919b9c25a790334fbb718d4d35c46c,static-scan,baseline classification retained
app/src/main/assets/session-compat/package.json,configuration,unchanged,7d415807c05506c6a4e426b362195f710715bce2d47dc8b6cc285809f29654ef,7d415807c05506c6a4e426b362195f710715bce2d47dc8b6cc285809f29654ef,enumerated,baseline classification retained
app/src/main/assets/session-interaction-patch.json,configuration,unchanged,bb75bebaa63b9a6d84520b38fe8201cbbe6ae22549169806d4f3c42d86da8ced,bb75bebaa63b9a6d84520b38fe8201cbbe6ae22549169806d4f3c42d86da8ced,enumerated,baseline classification retained
app/src/main/assets/startup-checkpoints.py,source,unchanged,3c96e772631d9bbfe12375261f16aa1dd7832365fee895e908b7da93ae4a9b1a,3c96e772631d9bbfe12375261f16aa1dd7832365fee895e908b7da93ae4a9b1a,static-scan,baseline classification retained
app/src/main/assets/startup-observer.cjs,source,unchanged,28fdc751e4b66c875d02931197d94e30140b305d5bc5292aeede180d4eb49243,28fdc751e4b66c875d02931197d94e30140b305d5bc5292aeede180d4eb49243,static-scan,baseline classification retained
app/src/main/assets/startup-recovery.py,source,unchanged,6c307f6ec62aecb1ddb31f57e1588baf9dc262d157185bc6f2f233461ba4d20e,6c307f6ec62aecb1ddb31f57e1588baf9dc262d157185bc6f2f233461ba4d20e,static-scan,baseline classification retained
app/src/main/assets/subagent-navigation-patch.json,configuration,unchanged,23e0cd950cf930722071d3945fd2e4a3fdc6550e89828efaa59d31c9a9ca97e3,23e0cd950cf930722071d3945fd2e4a3fdc6550e89828efaa59d31c9a9ca97e3,enumerated,baseline classification retained
app/src/main/assets/ubuntu-tools.bin,added source/test/input; see issue ledger,new,,d46af210f0efefd1326abc4f9e076eb9d556b1258915b5bbe4ae3fe20d10f716,not in baseline,"changed input bound to software receipt; specific deep/behavior/device evidence in issue ledger, not blanket branch coverage"
app/src/main/assets/web-integration/agent-preset-header.css,source,unchanged,92d91c666a61ce23267d05cdecbe98103f7c8e4d7ad79febf12bb9e18942bc6c,92d91c666a61ce23267d05cdecbe98103f7c8e4d7ad79febf12bb9e18942bc6c,enumerated,baseline classification retained
app/src/main/assets/web-integration/agent-preset-switch.js,source,unchanged,a25c160a0b4e0c4bf8060869589f18179ea4682504a697fea8b597a3d53db664,a25c160a0b4e0c4bf8060869589f18179ea4682504a697fea8b597a3d53db664,static-scan,baseline classification retained
app/src/main/assets/web-integration/blob.js,source,unchanged,96d4ebd7158ceba7c27f872534b381d95cd6d36400688b9e749191d4ded67ddf,96d4ebd7158ceba7c27f872534b381d95cd6d36400688b9e749191d4ded67ddf,static-scan,baseline classification retained
app/src/main/assets/web-integration/compat.js,source,unchanged,c0e53eb673fda76b8c889b71bcbbfb23f81f14a5898432642dce83f812fdade1,c0e53eb673fda76b8c889b71bcbbfb23f81f14a5898432642dce83f812fdade1,static-scan,baseline classification retained
app/src/main/assets/web-integration/content.js,source,unchanged,68eac6b58c30d11b30cedd8a5f5931295b9061e8ce2ef9c2c3cf04921849b0e6,68eac6b58c30d11b30cedd8a5f5931295b9061e8ce2ef9c2c3cf04921849b0e6,static-scan,baseline classification retained
app/src/main/assets/web-integration/core-js.LICENSE,source,unchanged,b87653fff2d44426ab5cd4723cee3b1364dc8d35a0acdf098c54689543123bf8,b87653fff2d44426ab5cd4723cee3b1364dc8d35a0acdf098c54689543123bf8,enumerated,baseline classification retained
app/src/main/assets/web-integration/es-compat.inputs.json,configuration,unchanged,7f9e2715c4872db787269cdc8bcb5e7feb2266c46cc5e18c1cb9a77f8d96344c,7f9e2715c4872db787269cdc8bcb5e7feb2266c46cc5e18c1cb9a77f8d96344c,enumerated,baseline classification retained
app/src/main/assets/web-integration/es-compat.js,source,unchanged,a17b4cce3260f37753902ca0214ff61c66ebbf7ce764612b8ddc92aa8a9f51cd,a17b4cce3260f37753902ca0214ff61c66ebbf7ce764612b8ddc92aa8a9f51cd,static-scan,baseline classification retained
app/src/main/assets/web-integration/language.js,source,unchanged,f3b611ef87fb97bcc96dba265f1ff8ed9992c2f46ab40768c7a35a68edaf841a,f3b611ef87fb97bcc96dba265f1ff8ed9992c2f46ab40768c7a35a68edaf841a,static-scan,baseline classification retained
app/src/main/assets/web-integration/manifest.json,configuration,unchanged,10ebeb472e0325854f9098ef05756a65b1ce3fe087c03cf544dc8aaf51c3dc52,10ebeb472e0325854f9098ef05756a65b1ce3fe087c03cf544dc8aaf51c3dc52,enumerated,baseline classification retained
app/src/main/assets/web-integration/native-plugin-policy.js,source,unchanged,badd50d66a154f35ea64a9b07c5ace3ca40be403523e4a4d357cef6fd6cf6416,badd50d66a154f35ea64a9b07c5ace3ca40be403523e4a4d357cef6fd6cf6416,static-scan,baseline classification retained
app/src/main/assets/web-integration/page.js,source,unchanged,7dc5abf13c7c22f4babd7267ba18aea788f5debdd168c4725f507cab50305afa,7dc5abf13c7c22f4babd7267ba18aea788f5debdd168c4725f507cab50305afa,static-scan,baseline classification retained
app/src/main/assets/web-integration/session-interaction.js,source,unchanged,a12d439355118c835c2e47361cc41dfcf4e5362252a16a3a3a73390da1deaee6,a12d439355118c835c2e47361cc41dfcf4e5362252a16a3a3a73390da1deaee6,static-scan,baseline classification retained
app/src/main/assets/web-integration/startup-relay.js,source,unchanged,83c9d95b75ddc4590c82939f4a4e2709726fa3c8230d553e4d6a2862cfae39fb,83c9d95b75ddc4590c82939f4a4e2709726fa3c8230d553e4d6a2862cfae39fb,static-scan,baseline classification retained
app/src/main/assets/web-integration/startup.js,source,unchanged,eb0d785c6eff5e7d5a615d90405694c8aa8aeee10ed29dfd77c8f996fc295df4,eb0d785c6eff5e7d5a615d90405694c8aa8aeee10ed29dfd77c8f996fc295df4,static-scan,baseline classification retained
app/src/main/assets/web-integration/tooltip-component.js,source,unchanged,fcf51105fab4358f1b249ccd55b47aed179d1e216e1fa3b80f0fe203b3b381fb,fcf51105fab4358f1b249ccd55b47aed179d1e216e1fa3b80f0fe203b3b381fb,static-scan,baseline classification retained
app/src/main/assets/web-integration/tooltip-interactions.js,source,unchanged,cdd4867c57be585e2b4074aa242e5e8e7c6a68e249f0329a5700337acd2dbb03,cdd4867c57be585e2b4074aa242e5e8e7c6a68e249f0329a5700337acd2dbb03,static-scan,baseline classification retained
app/src/main/assets/web-integration/tooltip-patch.json,configuration,unchanged,49fab8986400d0b4a177a8c1a93028796394bfcab573811af0114634cd31eeba,49fab8986400d0b4a177a8c1a93028796394bfcab573811af0114634cd31eeba,enumerated,baseline classification retained
app/src/main/assets/webserver-auth-patch.sh,source,unchanged,ddf9ace21ed833a7659ac90809b4b086b50c13fa7e6b5594b10f2de0ab59e5a2,ddf9ace21ed833a7659ac90809b4b086b50c13fa7e6b5594b10f2de0ab59e5a2,static-scan,baseline classification retained
app/src/main/assets/webui-degrade-patch.sh,source,unchanged,74ee435b97d51cfe1a4883df8a706dccb6e714fd3bb91de6c7396bc7abe050b5,74ee435b97d51cfe1a4883df8a706dccb6e714fd3bb91de6c7396bc7abe050b5,static-scan,baseline classification retained
app/src/main/assets/webui-origin-port-patch.sh,source,unchanged,4a461174557b5539ad2ca501faf6dbda8ff2d6e52b9ff2b272783f1f1de6f0a3,4a461174557b5539ad2ca501faf6dbda8ff2d6e52b9ff2b272783f1f1de6f0a3,static-scan,baseline classification retained
app/src/main/assets/webui-polyfill.sh,source,unchanged,436c6e9b430b57e5bc88fc05c6c3d687371f81a75a061e3f7c9c6ca8aa36750a,436c6e9b430b57e5bc88fc05c6c3d687371f81a75a061e3f7c9c6ca8aa36750a,static-scan,baseline classification retained
app/src/main/java/com/deepseekharness/app/AdbKeepAliveReceiver.java,source,unchanged,b7ea0597e67ea0b084f861bc2391f7bb3fa50d8aa7778ffcc14bf3b9e8b993c6,b7ea0597e67ea0b084f861bc2391f7bb3fa50d8aa7778ffcc14bf3b9e8b993c6,static-scan,baseline classification retained
app/src/main/java/com/deepseekharness/app/BackupManager.java,source,modified,d77e5eda13d090450f5335acfcdf25d299b28aafabd9a1f018f7fde803f4d85b,fac7e73968b837ee6f1e25b5933d6178f5f3e5b92ee283efdf82ab4e8d40a701,static-scan,"changed input bound to software receipt; specific deep/behavior/device evidence in issue ledger, not blanket branch coverage"
app/src/main/java/com/deepseekharness/app/BootReceiver.java,source,unchanged,672c0625b961992f07c0a7585d5064facdc19e07cfb6e23e84ad86e0cc2802cb,672c0625b961992f07c0a7585d5064facdc19e07cfb6e23e84ad86e0cc2802cb,static-scan,baseline classification retained
app/src/main/java/com/deepseekharness/app/BridgeAskDialog.java,source,unchanged,72e4136f721a90f281d19a292b6330528d58e8cd32766b06d8de7a19a0dbbee4,72e4136f721a90f281d19a292b6330528d58e8cd32766b06d8de7a19a0dbbee4,static-scan,baseline classification retained
app/src/main/java/com/deepseekharness/app/ConfirmReceiver.java,source,unchanged,5edb31bf68b62c0b3ce3d5d3c5414fb1b11df7214c602987b8a772d30187d37c,5edb31bf68b62c0b3ce3d5d3c5414fb1b11df7214c602987b8a772d30187d37c,static-scan,baseline classification retained
app/src/main/java/com/deepseekharness/app/DangerShellGuard.java,source,unchanged,ab919ecc550f20ee4ab92de72963363a5961503f96e9b351dbb1ea3ef3ce74a6,ab919ecc550f20ee4ab92de72963363a5961503f96e9b351dbb1ea3ef3ce74a6,static-scan,baseline classification retained
app/src/main/java/com/deepseekharness/app/DeviceAppInventory.java,source,unchanged,6b07d541e3bf411b3cc3feac92ff0a1ee609c195d64975300374475e4bd08d2e,6b07d541e3bf411b3cc3feac92ff0a1ee609c195d64975300374475e4bd08d2e,static-scan,baseline classification retained
app/src/main/java/com/deepseekharness/app/DeviceBridgeService.java,source,modified,d0306a4538061f4108ee1f611c4c419bbe380c845aba0158b4f7c6bef75ec271,56b494c0fdbd6dea1225cf95e4679488ccfdf597fb6c71c0e370d15205bca83b,static-scan,"changed input bound to software receipt; specific deep/behavior/device evidence in issue ledger, not blanket branch coverage"
app/src/main/java/com/deepseekharness/app/DeviceSense.java,source,unchanged,f1abb70eaff7f70675080b3d26286d3513ce944742c2f80b59c6ce78326f43dd,f1abb70eaff7f70675080b3d26286d3513ce944742c2f80b59c6ce78326f43dd,static-scan,baseline classification retained
app/src/main/java/com/deepseekharness/app/DeviceShellExecutor.java,source,unchanged,69052e5a9beb33bbce78bc9e3967122508d64be2af6730b3170803635afc67e0,69052e5a9beb33bbce78bc9e3967122508d64be2af6730b3170803635afc67e0,static-scan,baseline classification retained
app/src/main/java/com/deepseekharness/app/DshaAccessibilityService.java,source,unchanged,aff1517ccabe4e43e0f82fc925af3dd23669a86b1596e902cab99aa46681f217,aff1517ccabe4e43e0f82fc925af3dd23669a86b1596e902cab99aa46681f217,static-scan,baseline classification retained
app/src/main/java/com/deepseekharness/app/DshaApp.java,source,modified,bcf6934c2b30823d942e14faec4ae0b4f3d3b66f7e7ccd3403d42a2dc045d583,8dd212c989ef7ca291232f8a1b4a826fbba20faa2b54fb8c0d943d9d03a9ba69,static-scan,"changed input bound to software receipt; specific deep/behavior/device evidence in issue ledger, not blanket branch coverage"
app/src/main/java/com/deepseekharness/app/DshaDocumentsProvider.java,source,modified,ee9ffd06ff26721bdfa82ea4d0ebfb23c6053ac8785c14706154b7c45b08a38c,3defaf558e216533fac2297a67b6de0e574288c94fecb6bd030cf731de2321db,static-scan,"changed input bound to software receipt; specific deep/behavior/device evidence in issue ledger, not blanket branch coverage"
app/src/main/java/com/deepseekharness/app/ForegroundActivity.java,source,unchanged,696d6d0b1c8746e823d34b8fc97a5cd8bc84a5c67fa5b02617f123333c8b6843,696d6d0b1c8746e823d34b8fc97a5cd8bc84a5c67fa5b02617f123333c8b6843,static-scan,baseline classification retained
app/src/main/java/com/deepseekharness/app/HarnessService.java,source,unchanged,f4c567c94fde3f2941b816a39d00e83bbe11cdf91a1ef6d91fd114dcbd5f0d7e,f4c567c94fde3f2941b816a39d00e83bbe11cdf91a1ef6d91fd114dcbd5f0d7e,static-scan,baseline classification retained
app/src/main/java/com/deepseekharness/app/HttpShellService.java,source,modified,c27bc5d23b3db3926535ebae56af33e950d6e04cc1fc09f84593161df1513de4,f2c1632ef74aedb838cba9e9029c93ef93661bde49d30eb4da34ab7b54979e6e,static-scan,"changed input bound to software receipt; specific deep/behavior/device evidence in issue ledger, not blanket branch coverage"
app/src/main/java/com/deepseekharness/app/LanAuth.java,source,unchanged,cafc1d43139041ae226b593ee2bec9e4d273f88701bb96497b0bad458ced6e82,cafc1d43139041ae226b593ee2bec9e4d273f88701bb96497b0bad458ced6e82,static-scan,baseline classification retained
app/src/main/java/com/deepseekharness/app/LanProxyService.java,source,unchanged,d14f521590ca5d649788f089893824a53bcaf7cdcdfe7e670ffc52fabc5d13cf,d14f521590ca5d649788f089893824a53bcaf7cdcdfe7e670ffc52fabc5d13cf,static-scan,baseline classification retained
app/src/main/java/com/deepseekharness/app/OverlayController.java,source,unchanged,6472f12e173d2898760ca0939637eb3ca6a61226635d0fc4edaf603d3a45495b,6472f12e173d2898760ca0939637eb3ca6a61226635d0fc4edaf603d3a45495b,static-scan,baseline classification retained
app/src/main/java/com/deepseekharness/app/OverlayLines.java,source,unchanged,4a29d3549f3df2180e0b29e28b689acc0f42d60d4aab89302c4832cc152f90f2,4a29d3549f3df2180e0b29e28b689acc0f42d60d4aab89302c4832cc152f90f2,static-scan,baseline classification retained
app/src/main/java/com/deepseekharness/app/PtySession.java,source,modified,aa91da4871cde4705a561e0bb49689d8376c1cb3d681bab45c1c404233a233a5,52f0f587fa5cc119870354b0628868f05eb33f4cbbbe4361a423e8e3af5657da,static-scan,"changed input bound to software receipt; specific deep/behavior/device evidence in issue ledger, not blanket branch coverage"
app/src/main/java/com/deepseekharness/app/RootShell.java,source,unchanged,ae6cc9bb0d8fbf30a236a7205ed3268bd06af02732246de4f4e47dee73db2d91,ae6cc9bb0d8fbf30a236a7205ed3268bd06af02732246de4f4e47dee73db2d91,static-scan,baseline classification retained
app/src/main/java/com/deepseekharness/app/RootShellMain.java,source,unchanged,9b5dfba26c057b83f1c6c1f245361203d0614f556d6fdcb7dcc6c8923adc541e,9b5dfba26c057b83f1c6c1f245361203d0614f556d6fdcb7dcc6c8923adc541e,static-scan,baseline classification retained
app/src/main/java/com/deepseekharness/app/ShellService.java,source,unchanged,5b941e0b7a326a57040b5df88e5785fb07bdf852332426817cdf1114700f786e,5b941e0b7a326a57040b5df88e5785fb07bdf852332426817cdf1114700f786e,static-scan,baseline classification retained
app/src/main/java/com/deepseekharness/app/ShizukuManagerCompat.java,source,unchanged,d7093ee3336358a3f81252dac62565b2dce7ef6d498585bbd472e0af9376f2d0,d7093ee3336358a3f81252dac62565b2dce7ef6d498585bbd472e0af9376f2d0,static-scan,baseline classification retained
app/src/main/java/com/deepseekharness/app/ShizukuShell.java,source,unchanged,f7a280b2e17bab0f08c13e975f09b31cc3307e26ee555d9cebee8aa132d80c92,f7a280b2e17bab0f08c13e975f09b31cc3307e26ee555d9cebee8aa132d80c92,static-scan,baseline classification retained
app/src/main/java/com/deepseekharness/app/UpdateDownloadService.java,source,unchanged,f738f4a88f2c5224ea8b5ced2031a3a0e2912981a21e3b8bfa04d88e5045f3cd,f738f4a88f2c5224ea8b5ced2031a3a0e2912981a21e3b8bfa04d88e5045f3cd,static-scan,baseline classification retained
app/src/main/java/com/deepseekharness/app/backup/AndroidBackupFileSystem.java,source,unchanged,c3f0e05f3873580f5783819720cabe698b55ba0ccefde3fb374bb6829e17cb3d,c3f0e05f3873580f5783819720cabe698b55ba0ccefde3fb374bb6829e17cb3d,static-scan,baseline classification retained
app/src/main/java/com/deepseekharness/app/backup/AutomaticBackupPruner.java,source,unchanged,09c324ab325a511004323e1de2e4429318bf3fbfb8280a625969b6d598f2b5d8,09c324ab325a511004323e1de2e4429318bf3fbfb8280a625969b6d598f2b5d8,static-scan,baseline classification retained
app/src/main/java/com/deepseekharness/app/backup/AutomaticBackupService.java,source,unchanged,ab2313ede03e7d0c5831fe187f5e9e18f7ba1ead7b22d0ab269700d9c0eb0b42,ab2313ede03e7d0c5831fe187f5e9e18f7ba1ead7b22d0ab269700d9c0eb0b42,static-scan,baseline classification retained
app/src/main/java/com/deepseekharness/app/backup/AutomaticBackups.java,source,modified,0495380b00ea8d484a6059f53f3d3fdfc61c571e07fb864876047252e0c16934,bb942e420f57cc2199667062986bb4d5b95dca0514f1d919a6f13f5c2dac7bcc,static-scan,"changed input bound to software receipt; specific deep/behavior/device evidence in issue ledger, not blanket branch coverage"
app/src/main/java/com/deepseekharness/app/backup/BackupArchive.java,source,unchanged,6160af84ef48c9fa71a1aa48c3068576a9d056ac68ac7b504f4c35056569f0cc,6160af84ef48c9fa71a1aa48c3068576a9d056ac68ac7b504f4c35056569f0cc,static-scan,baseline classification retained
app/src/main/java/com/deepseekharness/app/backup/BackupControl.java,source,unchanged,1a57801a6a18073cad69aee726b85ee870aafb685f8f9b491e50e7645d030c2c,1a57801a6a18073cad69aee726b85ee870aafb685f8f9b491e50e7645d030c2c,static-scan,baseline classification retained
app/src/main/java/com/deepseekharness/app/backup/BackupErrorCode.java,source,unchanged,e7582c6b38e82dbb725f2fa9b8a2f7e01915be2c3fbd25a241d6c9cf29b9a189,e7582c6b38e82dbb725f2fa9b8a2f7e01915be2c3fbd25a241d6c9cf29b9a189,static-scan,baseline classification retained
app/src/main/java/com/deepseekharness/app/backup/BackupFileSystem.java,source,unchanged,e4d02c8b1b08c4d666f616cb68e813aeab06ae3dd2e386c9ab64bddff2dcd1a0,e4d02c8b1b08c4d666f616cb68e813aeab06ae3dd2e386c9ab64bddff2dcd1a0,static-scan,baseline classification retained
app/src/main/java/com/deepseekharness/app/backup/BackupJson.java,source,unchanged,f8029c8745f98a3a8469332c93a86aea957bec2b8a7fdbc35aa907f9a3a477f2,f8029c8745f98a3a8469332c93a86aea957bec2b8a7fdbc35aa907f9a3a477f2,static-scan,baseline classification retained
app/src/main/java/com/deepseekharness/app/backup/BackupLimits.java,source,unchanged,2b5c5a1b8332ca4e160c5833844f9be92f5458ae21ffc77f98b9db7e8c2c92a0,2b5c5a1b8332ca4e160c5833844f9be92f5458ae21ffc77f98b9db7e8c2c92a0,static-scan,baseline classification retained
app/src/main/java/com/deepseekharness/app/backup/BackupPreview.java,source,unchanged,fd100dbac729adfe1a6ad006bf2e68f36f4284125a5beaf7f019332f4742b484,fd100dbac729adfe1a6ad006bf2e68f36f4284125a5beaf7f019332f4742b484,static-scan,baseline classification retained
app/src/main/java/com/deepseekharness/app/backup/BackupSource.java,source,unchanged,d6e81767636499b2a0ecee63b848d3fb2074e712c9b4365abe3d45bf665678d0,d6e81767636499b2a0ecee63b848d3fb2074e712c9b4365abe3d45bf665678d0,static-scan,baseline classification retained
app/src/main/java/com/deepseekharness/app/backup/BackupTree.java,source,unchanged,32565de280696a110f9b56f8214dfabc0360951e02c2f1278d0589a92cd6e5a7,32565de280696a110f9b56f8214dfabc0360951e02c2f1278d0589a92cd6e5a7,static-scan,baseline classification retained
app/src/main/java/com/deepseekharness/app/backup/ConfigurationSnapshots.java,source,modified,8a8234431c563753f1c92f73858374037783185cf138b25c62bb98804276d64e,f7e139d6a1ab865ff364c1c43435aacc4f78523bab81c936fe413e70ba1e7eb2,static-scan,"changed input bound to software receipt; specific deep/behavior/device evidence in issue ledger, not blanket branch coverage"
app/src/main/java/com/deepseekharness/app/backup/CurrentManagedPackages.java,source,unchanged,591516c9002a7a8069b890379f4502d777895adb32714bf256adf8299047eab7,591516c9002a7a8069b890379f4502d777895adb32714bf256adf8299047eab7,static-scan,baseline classification retained
app/src/main/java/com/deepseekharness/app/backup/DataFormatEvidence.java,source,unchanged,b3a6eb5c94855d086cb04224069e351c79743fec7abf65b8df90a276cf7a2852,b3a6eb5c94855d086cb04224069e351c79743fec7abf65b8df90a276cf7a2852,static-scan,baseline classification retained
app/src/main/java/com/deepseekharness/app/backup/DataProtectionService.java,source,unchanged,e4c49f1ae00fec963f5f575efc3d8435a49f555f5d1982b1427d48f4f849dfdc,e4c49f1ae00fec963f5f575efc3d8435a49f555f5d1982b1427d48f4f849dfdc,static-scan,baseline classification retained
app/src/main/java/com/deepseekharness/app/backup/DataRootPolicy.java,source,unchanged,5bee97a731a617d3a105023f6733559c790d577f1e1854fddcf32d48a1a969d0,5bee97a731a617d3a105023f6733559c790d577f1e1854fddcf32d48a1a969d0,static-scan,baseline classification retained
app/src/main/java/com/deepseekharness/app/backup/DocumentStreams.java,source,unchanged,7ec802b23e1ac55d3b346997b2c5da63256217ac21ce1ef41fb13b57e3d4df18,7ec802b23e1ac55d3b346997b2c5da63256217ac21ce1ef41fb13b57e3d4df18,static-scan,baseline classification retained
app/src/main/java/com/deepseekharness/app/backup/EnvironmentRebuildTransaction.java,source,modified,dbb7208d281d1b51ff2eb88dd6f22d106fa0bca1aada2018452c3d395f034519,d492893556686f49087f70b45f95431b8f456ef7ca62c698eff00ed17c0ef847,static-scan,"changed input bound to software receipt; specific deep/behavior/device evidence in issue ledger, not blanket branch coverage"
app/src/main/java/com/deepseekharness/app/backup/ExternalBackupScanner.java,source,unchanged,4c8ac3f4ed19ab89250a0384a128cc767b897987052ac24153112c64c5c2911f,4c8ac3f4ed19ab89250a0384a128cc767b897987052ac24153112c64c5c2911f,static-scan,baseline classification retained
app/src/main/java/com/deepseekharness/app/backup/FactoryReset.java,source,modified,ea8cccfc495f67ada764f75378f0377593aaddd8df0243b6682d5dde754b213f,b968f06fc9ba5b7567e454f80dd3157b2d4bda99487a4b24a57b2d4c05c9805a,static-scan,"changed input bound to software receipt; specific deep/behavior/device evidence in issue ledger, not blanket branch coverage"
app/src/main/java/com/deepseekharness/app/backup/FileBackupSource.java,source,unchanged,c357f08c73bb3e7b5121e8ef15d870b0dd4eb4ed45b25120cdefdb0d1bf7dc09,c357f08c73bb3e7b5121e8ef15d870b0dd4eb4ed45b25120cdefdb0d1bf7dc09,static-scan,baseline classification retained
app/src/main/java/com/deepseekharness/app/backup/GuestDataResolver.java,source,unchanged,df8273b780b46bebc5a548d26e92e3e081bc715835c6d1239c3b6731f60a40d3,df8273b780b46bebc5a548d26e92e3e081bc715835c6d1239c3b6731f60a40d3,static-scan,baseline classification retained
app/src/main/java/com/deepseekharness/app/backup/HostDataTransaction.java,source,unchanged,b3d485db947d14444db8b1491466ddc3ffe048f820dc4247df4c8121fcb8c554,b3d485db947d14444db8b1491466ddc3ffe048f820dc4247df4c8121fcb8c554,static-scan,baseline classification retained
app/src/main/java/com/deepseekharness/app/backup/HostMaintenancePending.java,added source/test/input; see issue ledger,new,,68ce766fdd15fc41946d76d5120e244fbdd269f6d9e330d5eeb8fcc8d9e849e2,not in baseline,"changed input bound to software receipt; specific deep/behavior/device evidence in issue ledger, not blanket branch coverage"
app/src/main/java/com/deepseekharness/app/backup/HostOperationArchive.java,source,modified,ab58caed3ea6d556ec1b046b3c5891ac1cd26901818882b20b6b9f1b2dcf9d1c,26a6ddd0776d1f5f6eb718e522613c8cc9779edd7f25cfa1793a2e7333350aa7,static-scan,"changed input bound to software receipt; specific deep/behavior/device evidence in issue ledger, not blanket branch coverage"
app/src/main/java/com/deepseekharness/app/backup/HostPendingTransactions.java,source,modified,94103b45d897e96338e1fc4a5920a960fc5e67d91c8ee8d2b1f95f4d95111bc1,578d9437ceec811019534cee436efb6980881181c6524197b01b36e539d67eec,static-scan,"changed input bound to software receipt; specific deep/behavior/device evidence in issue ledger, not blanket branch coverage"
app/src/main/java/com/deepseekharness/app/backup/HostSnapshot.java,source,unchanged,416caba0482515c9bc36812404ba591371bdccf259c51dc980577e9435008984,416caba0482515c9bc36812404ba591371bdccf259c51dc980577e9435008984,static-scan,baseline classification retained
app/src/main/java/com/deepseekharness/app/backup/LegacyBackupImporter.java,source,unchanged,309ca9507585cc1ad5a28b5c081e1bc80e735ee575322c81adbb5830e7d37d13,309ca9507585cc1ad5a28b5c081e1bc80e735ee575322c81adbb5830e7d37d13,static-scan,baseline classification retained
app/src/main/java/com/deepseekharness/app/backup/LegacyConfigurationSnapshot.java,source,unchanged,525d0413896e46a89caa781ffad61060fa8545e16c7fcb7bb4a04f74d9efb5e7,525d0413896e46a89caa781ffad61060fa8545e16c7fcb7bb4a04f74d9efb5e7,static-scan,baseline classification retained
app/src/main/java/com/deepseekharness/app/backup/LegacyTarReader.java,source,unchanged,19f68fd2dd0dfa5bf13f1ce74b2156d0ab57e9a7fa2f4df2e49ae930a6381d84,19f68fd2dd0dfa5bf13f1ce74b2156d0ab57e9a7fa2f4df2e49ae930a6381d84,static-scan,baseline classification retained
app/src/main/java/com/deepseekharness/app/backup/MaintenanceDataSnapshot.java,source,unchanged,680309c2433b410becab51e7072daaded6672cc64da0aa5af006c07a0983cea8,680309c2433b410becab51e7072daaded6672cc64da0aa5af006c07a0983cea8,static-scan,baseline classification retained
app/src/main/java/com/deepseekharness/app/backup/ManagedPackageProof.java,source,unchanged,55477062e8147812cd1409db2caa4b2cccdb2935e59336e4a36188be4cae0980,55477062e8147812cd1409db2caa4b2cccdb2935e59336e4a36188be4cae0980,static-scan,baseline classification retained
app/src/main/java/com/deepseekharness/app/backup/ManagedRuntimeTransaction.java,source,modified,08f514754dd07a7906eee575531e2fa40274374e8439bd58c44ef3629a10e5b5,99cb98e22c01e8921e6bdc0d3a738d03c3e78dd862f9ed065bb78a8421ae0c1d,static-scan,"changed input bound to software receipt; specific deep/behavior/device evidence in issue ledger, not blanket branch coverage"
app/src/main/java/com/deepseekharness/app/backup/NativeBackupJobs.java,source,modified,e22eba73ee2663f9e33730da6324aa26cd6bcaacf70a64b9473999c8e26c86a5,1a7f8e7f66353a8f0009bec2c0b094d58c175d810e4912b6b380563dd8966bc1,static-scan,"changed input bound to software receipt; specific deep/behavior/device evidence in issue ledger, not blanket branch coverage"
app/src/main/java/com/deepseekharness/app/backup/NativeConfigurationReset.java,source,unchanged,fcbd45f54bcd4bfa824ef36dcdb5b26897c7f3ff9e5d7fe0d5478a7e5fc28fd1,fcbd45f54bcd4bfa824ef36dcdb5b26897c7f3ff9e5d7fe0d5478a7e5fc28fd1,static-scan,baseline classification retained
app/src/main/java/com/deepseekharness/app/backup/NativeDataLocations.java,source,unchanged,162d3dfda6c4ee98c93f9d889b866943b506cdf2fa4a2986a74f99ff99dc12ee,162d3dfda6c4ee98c93f9d889b866943b506cdf2fa4a2986a74f99ff99dc12ee,static-scan,baseline classification retained
app/src/main/java/com/deepseekharness/app/backup/NativePluginGraph.java,source,unchanged,f5a14716bfec7798506e1b54ba15684c93532408bde72f33ce41b9fddbeb6b65,f5a14716bfec7798506e1b54ba15684c93532408bde72f33ce41b9fddbeb6b65,static-scan,baseline classification retained
app/src/main/java/com/deepseekharness/app/backup/NativeRestorePlan.java,source,unchanged,ef76b2466f47571af712a301daa046697fca925e1f5669fca6baa8e201508a1d,ef76b2466f47571af712a301daa046697fca925e1f5669fca6baa8e201508a1d,static-scan,baseline classification retained
app/src/main/java/com/deepseekharness/app/backup/NativeRestoreTargets.java,source,unchanged,aee6ec555ac8310a9cea923d7965ebed6b4a2cc05870b61e893a82dc62034f48,aee6ec555ac8310a9cea923d7965ebed6b4a2cc05870b61e893a82dc62034f48,static-scan,baseline classification retained
app/src/main/java/com/deepseekharness/app/backup/NativeSafeProfile.java,source,unchanged,011cd280b9658b2152c95d48b9073ae2e652d306d9ab365fc11f8404037983ec,011cd280b9658b2152c95d48b9073ae2e652d306d9ab365fc11f8404037983ec,static-scan,baseline classification retained
app/src/main/java/com/deepseekharness/app/backup/PluginInstallJournals.java,source,modified,53c36254fa9c435add859db05c0022a37917cba2d5a045685b140e8df79eb769,91cdb0b101e03315a449b1cb9150ba5e62657eabf0a8263b635905e92c8d3505,static-scan,"changed input bound to software receipt; specific deep/behavior/device evidence in issue ledger, not blanket branch coverage"
app/src/main/java/com/deepseekharness/app/backup/PluginRestoreGraph.java,source,unchanged,9d009edfe41d2e45316ef1b76bba9bad9c8c3996fc4234268088951debd650e9,9d009edfe41d2e45316ef1b76bba9bad9c8c3996fc4234268088951debd650e9,static-scan,baseline classification retained
app/src/main/java/com/deepseekharness/app/backup/PortableBackupCrypto.java,source,unchanged,25c42dcf31078c4dff0273faabd23b451ad96c366ed5d801f86072de1e3a535c,25c42dcf31078c4dff0273faabd23b451ad96c366ed5d801f86072de1e3a535c,static-scan,baseline classification retained
app/src/main/java/com/deepseekharness/app/backup/PortablePreferenceProjection.java,source,unchanged,41c7792ce2496338e6c4513ed36ce192618202d20630499326a8fc8eb4309f28,41c7792ce2496338e6c4513ed36ce192618202d20630499326a8fc8eb4309f28,static-scan,baseline classification retained
app/src/main/java/com/deepseekharness/app/backup/PostUpgradeCleanupService.java,source,unchanged,4f92ca14f78cab74d42b2d3b70216bb9bb979081421bf66183936dcb3412503d,4f92ca14f78cab74d42b2d3b70216bb9bb979081421bf66183936dcb3412503d,static-scan,baseline classification retained
app/src/main/java/com/deepseekharness/app/backup/ProfileSettingsTransaction.java,source,modified,acf0a880b49aeeedaf742dd5c157c68423bf242b436e66ae51dec33d0a6f20f0,1462df084646dd6f68a7f6eac3c60f32756b03ed97cef879ba3db0498b8d7cb4,static-scan,"changed input bound to software receipt; specific deep/behavior/device evidence in issue ledger, not blanket branch coverage"
app/src/main/java/com/deepseekharness/app/backup/QuarantinedPluginReview.java,source,unchanged,78ba6a384293452d2ab53fc3d219ca967f5d19fc182262152c5915eb14d17de4,78ba6a384293452d2ab53fc3d219ca967f5d19fc182262152c5915eb14d17de4,static-scan,baseline classification retained
app/src/main/java/com/deepseekharness/app/backup/RestoreStaging.java,source,unchanged,5f94804af1cfebd2f979b9737476ce67c7ca8222219baca6b0bd01d01fe6e10a,5f94804af1cfebd2f979b9737476ce67c7ca8222219baca6b0bd01d01fe6e10a,static-scan,baseline classification retained
app/src/main/java/com/deepseekharness/app/backup/RetainedCatalogue.java,source,modified,69679260ccffd2d8576d754028b85424aef28efdd433bd9677011e32d6643715,7ce9c745f90e242ef1a4eec9be891f07029e47607729bebd8bc3333444849fe5,static-scan,"changed input bound to software receipt; specific deep/behavior/device evidence in issue ledger, not blanket branch coverage"
app/src/main/java/com/deepseekharness/app/backup/RuntimeDescriptor.java,source,unchanged,416a4cc3a9c7777fa8a6eed6a1972f9d8c60502d5905f7f38a9d398ee6c70d37,416a4cc3a9c7777fa8a6eed6a1972f9d8c60502d5905f7f38a9d398ee6c70d37,static-scan,baseline classification retained
app/src/main/java/com/deepseekharness/app/backup/RuntimeTrialRecords.java,source,unchanged,2131673fef5230b9b7f8dd7da5dcc44a77e5e9f144b8b6598d9d8e0ad309f5d5,2131673fef5230b9b7f8dd7da5dcc44a77e5e9f144b8b6598d9d8e0ad309f5d5,static-scan,baseline classification retained
app/src/main/java/com/deepseekharness/app/backup/SafBackupSource.java,source,unchanged,c61087b66d719690ed40d9b78256a451fd8c27d3d120443342c5d06108f4ab17,c61087b66d719690ed40d9b78256a451fd8c27d3d120443342c5d06108f4ab17,static-scan,baseline classification retained
app/src/main/java/com/deepseekharness/app/backup/StorageMaintenance.java,source,modified,3632ca97b0b4e4c09fa45340c495e423c0d36b8897ec00c80a2748b4aff00a81,a9ba93c16e8969dc3b0c9dc54d183a4abbe28c1c35e7dd05bcb7f7aff27017c7,static-scan,"changed input bound to software receipt; specific deep/behavior/device evidence in issue ledger, not blanket branch coverage"
app/src/main/java/com/deepseekharness/app/backup/StrictGzipInputStream.java,source,unchanged,33dafdb322c96d60873035a2b621b538c712a3e695b3b192c4c448dec06d4724,33dafdb322c96d60873035a2b621b538c712a3e695b3b192c4c448dec06d4724,static-scan,baseline classification retained
app/src/main/java/com/deepseekharness/app/backup/SystemPluginState.java,source,unchanged,709794c60bbe76bfc076c3b473980799745d62220e58b9222883a82b83753bb1,709794c60bbe76bfc076c3b473980799745d62220e58b9222883a82b83753bb1,static-scan,baseline classification retained
app/src/main/java/com/deepseekharness/app/backup/UnavailableBackupSource.java,source,unchanged,adc2346a50e6af4c345623b5e3bb087050dbf8d2c4658668afdbb7f186e27dfb,adc2346a50e6af4c345623b5e3bb087050dbf8d2c4658668afdbb7f186e27dfb,static-scan,baseline classification retained
app/src/main/java/com/deepseekharness/app/backup/UserDataLayout.java,source,modified,5b19f1c879e3d7bccd3c5641df4efcc78a00e67c7ee6806fbccd7c05a2062b1d,e215e2b65506544ba7b41434e9d1a0002a9b6e26dc26103a32ada74efc822c53,static-scan,"changed input bound to software receipt; specific deep/behavior/device evidence in issue ledger, not blanket branch coverage"
app/src/main/java/com/deepseekharness/app/backup/ValueBackupSource.java,source,unchanged,56b0fcab75047b9960816d0657c2a77dbec68d2756ce32999d3ff5ec8067d08f,56b0fcab75047b9960816d0657c2a77dbec68d2756ce32999d3ff5ec8067d08f,static-scan,baseline classification retained
app/src/main/java/com/deepseekharness/app/backup/VerifiedBackupCopy.java,source,unchanged,1a2d61c9930ce22f84f7c79a5b23682d8c6dfab1736dd99583711e18cd0a493b,1a2d61c9930ce22f84f7c79a5b23682d8c6dfab1736dd99583711e18cd0a493b,static-scan,baseline classification retained
app/src/main/java/com/deepseekharness/app/backup/WorkerQuiescence.java,source,unchanged,e08ba4409e7c780c1308f28f6057727bb1491bcff8cdeccee9ed1d523e44d079,e08ba4409e7c780c1308f28f6057727bb1491bcff8cdeccee9ed1d523e44d079,static-scan,baseline classification retained
app/src/main/java/com/deepseekharness/app/bridge/AdbBridge.java,source,modified,5eef6cbe32ade9f71f2631dd26c36b3c971a8e235d2c4884d3a0954ffa6798da,77fcef82f08ea05b65ced1965681fdb9cfa8a90b3dab08648045edbb0f702373,static-scan,"changed input bound to software receipt; specific deep/behavior/device evidence in issue ledger, not blanket branch coverage"
app/src/main/java/com/deepseekharness/app/bridge/AppBridge.java,source,unchanged,392633d0b3289d9eb3863407fcd543fee1526b391c13050ecf8fce445548f86f,392633d0b3289d9eb3863407fcd543fee1526b391c13050ecf8fce445548f86f,static-scan,baseline classification retained
app/src/main/java/com/deepseekharness/app/bridge/LocalNetworkAccess.java,source,unchanged,60f0f11ba97ee1854dd648bea18776ca173159fadc603445df55d024b3cf2dff,60f0f11ba97ee1854dd648bea18776ca173159fadc603445df55d024b3cf2dff,static-scan,baseline classification retained
app/src/main/java/com/deepseekharness/app/core/BackupTask.java,source,modified,535e6395e8abf266d5c5c3d9fe5c3550319c924abe35839fad2d432c61a78e5d,4dec362fc0792d8c800baaf4955137488fd98bf72023dcb7b13c9a25e1a3fe33,static-scan,"changed input bound to software receipt; specific deep/behavior/device evidence in issue ledger, not blanket branch coverage"
app/src/main/java/com/deepseekharness/app/core/ColdInstallDiagnostics.java,source,unchanged,eea36df809e8df3e99971538d2a8c28bd7073c82d9f2a0763e222a7269093e86,eea36df809e8df3e99971538d2a8c28bd7073c82d9f2a0763e222a7269093e86,static-scan,baseline classification retained
app/src/main/java/com/deepseekharness/app/core/ConfigStore.java,source,modified,9793bcd7e99b5174ca6d5a50e3c23f891e5eb34a66cca3746bb8786c4f7040ca,50a65ed2f8037fa7a4b88f4c50581cc50a34cb4a402fd4976867d0109928cbda,static-scan,"changed input bound to software receipt; specific deep/behavior/device evidence in issue ledger, not blanket branch coverage"
app/src/main/java/com/deepseekharness/app/core/DeviceGrants.java,source,unchanged,a9b2c0267e86c618123ece1184c8ef2402cb58d4eb3cc2bb562868e5122b9d30,a9b2c0267e86c618123ece1184c8ef2402cb58d4eb3cc2bb562868e5122b9d30,static-scan,baseline classification retained
app/src/main/java/com/deepseekharness/app/core/DiagnosticLog.java,source,unchanged,49e06dc42570aa506d5505cbd04df1d688a9a5e708433082f70ec18002259942,49e06dc42570aa506d5505cbd04df1d688a9a5e708433082f70ec18002259942,static-scan,baseline classification retained
app/src/main/java/com/deepseekharness/app/core/DiagnosticRepository.java,source,modified,811db958b83ad8df21085c2b078dcbd501dda5eb00ddf0c9a392d47345bfc92e,08ca6b33e54476c18239e7db0f1797e2f3deeb01e33703bfa6593dea28e8b4ef,static-scan,"changed input bound to software receipt; specific deep/behavior/device evidence in issue ledger, not blanket branch coverage"
app/src/main/java/com/deepseekharness/app/core/DshModelRepository.java,source,unchanged,48a3356d1dfe1c9a24a364dbe1805cb796d1ba08d3a723213dba5eb6bb3afc33,48a3356d1dfe1c9a24a364dbe1805cb796d1ba08d3a723213dba5eb6bb3afc33,static-scan,baseline classification retained
app/src/main/java/com/deepseekharness/app/core/EnvironmentAccess.java,source,modified,d6786e4dacc9cc522d7cfeec5d998441de1c324fcebb88a197c8485a3597f0be,785d0323a5e1b22107d008d4e91e566d2771e17294acf60fc0ab29ab55b02ba1,static-scan,"changed input bound to software receipt; specific deep/behavior/device evidence in issue ledger, not blanket branch coverage"
app/src/main/java/com/deepseekharness/app/core/EnvironmentDataBackup.java,source,modified,c7b7c91041e9a668aa197d82d2d162bf53f2a35aaf6b81f41466ae99960d9d77,84c39bc589daa292790d90aa775423ac4150ba9a161c14e2ac62bd4df05be776,static-scan,"changed input bound to software receipt; specific deep/behavior/device evidence in issue ledger, not blanket branch coverage"
app/src/main/java/com/deepseekharness/app/core/EnvironmentMaintenance.java,source,modified,d6eed8f9117b8b38a830a7535e37a755f55997de2c6f9763eb11a6915798cdd7,74e585df09bdda8d773f87bef2e066c721406b3121920e9ce77b8ecc008df137,static-scan,"changed input bound to software receipt; specific deep/behavior/device evidence in issue ledger, not blanket branch coverage"
app/src/main/java/com/deepseekharness/app/core/ErrorLogRepository.java,source,unchanged,dee5475c9fb62ff89e6ec5ab77bc6bdaf922a2e5d15ec25bd3d4e303f450fdf5,dee5475c9fb62ff89e6ec5ab77bc6bdaf922a2e5d15ec25bd3d4e303f450fdf5,static-scan,baseline classification retained
app/src/main/java/com/deepseekharness/app/core/HarnessController.java,source,modified,0208a18e26b4a594aee10c615d8f69d7b0ef08e268d8adfb23b7d0734733581d,2e69b2d6e40400cac8cd9ee528bca38429e44dd99f5ededd5137e8c2a2e84cdf,static-scan,"changed input bound to software receipt; specific deep/behavior/device evidence in issue ledger, not blanket branch coverage"
app/src/main/java/com/deepseekharness/app/core/InstallRepository.java,source,modified,594e818a8e538f3f99258a1bbc2246fad5f55f82d4c965e7edc5c441ebaaaba7,d9d51e5ad78dff5d78e5b9da5ad353ffa654f3d050591f98ebbc5155b8ac3fdb,static-scan,"changed input bound to software receipt; specific deep/behavior/device evidence in issue ledger, not blanket branch coverage"
app/src/main/java/com/deepseekharness/app/core/MaintenanceCoordinator.java,added source/test/input; see issue ledger,new,,222d1a2d277f1388faa56ce348d8d86831be5c718bf3afae3bc41505ddc40eb3,not in baseline,"changed input bound to software receipt; specific deep/behavior/device evidence in issue ledger, not blanket branch coverage"
app/src/main/java/com/deepseekharness/app/core/PluginActivationHooks.java,source,modified,05a3043067f9d07463401174283da8f16d487283d6c4bbec781e1168306c074c,5b00dc534f6302ca4b8424f762a834d266ba5588d3a23411cb6b3a01d3684e73,static-scan,"changed input bound to software receipt; specific deep/behavior/device evidence in issue ledger, not blanket branch coverage"
app/src/main/java/com/deepseekharness/app/core/PluginRepository.java,source,modified,755ff910a8d14d78ab47780184efcfba65399b4161e6c294616f4ae37d6da5dc,7a63b5f02b58059fc9edc1e98e8a25f6c404dff2082bde28cc3954ee63c61079,static-scan,"changed input bound to software receipt; specific deep/behavior/device evidence in issue ledger, not blanket branch coverage"
app/src/main/java/com/deepseekharness/app/core/PluginTask.java,source,modified,d4a48a5c86adaa8f6cbfea96f5b26bab4f4b7edb7798760ae6d6b3afee542d5d,9ff0f35f46b1ff1511308ff288a30cbe62a75b752b5d8f273d73e2ae84245c0e,static-scan,"changed input bound to software receipt; specific deep/behavior/device evidence in issue ledger, not blanket branch coverage"
app/src/main/java/com/deepseekharness/app/core/RuntimeTasks.java,source,modified,816e4d0a12057da23309161fdda86a2a0e9a37aeb70ebf67030a56c71808c39f,f29b6aeda99c46490ae24fa035356ba4d587209c42ae16bb0650f17db5aaef0c,static-scan,"changed input bound to software receipt; specific deep/behavior/device evidence in issue ledger, not blanket branch coverage"
app/src/main/java/com/deepseekharness/app/core/SimpleTerminalBackend.java,added source/test/input; see issue ledger,new,,67706491c219e86919966a7bf13d3365860b3b396e34df741356d61857290636,not in baseline,"changed input bound to software receipt; specific deep/behavior/device evidence in issue ledger, not blanket branch coverage"
app/src/main/java/com/deepseekharness/app/core/StartupDiagnostics.java,source,unchanged,22dd6e252fb33dc046538d2475dbfea515cf26a176a9628f8fece32bc880deb2,22dd6e252fb33dc046538d2475dbfea515cf26a176a9628f8fece32bc880deb2,static-scan,baseline classification retained
app/src/main/java/com/deepseekharness/app/core/StartupRecoveryModel.java,source,modified,423d98e39934fe8c9225e659895b9629655d655e0a1e432d952aa6e540737682,ddaf61727022a31081905811de8a46aa877783a270a8f7b1b9c944785b42786d,static-scan,"changed input bound to software receipt; specific deep/behavior/device evidence in issue ledger, not blanket branch coverage"
app/src/main/java/com/deepseekharness/app/core/StartupRepairs.java,source,modified,a6cfe43c01d3cd6326b0378289a4ca66174389e620929ef045f237193b30d173,9297acbacbd8a8fae7210c52682662e4afb2c0e02a892220fd59452d075a2c0f,static-scan,"changed input bound to software receipt; specific deep/behavior/device evidence in issue ledger, not blanket branch coverage"
app/src/main/java/com/deepseekharness/app/core/TerminalSessionOwner.java,added source/test/input; see issue ledger,new,,00fe0725e49f60d8c2e97ed07716c86c673bd0d83397a7855f4195f086769902,not in baseline,"changed input bound to software receipt; specific deep/behavior/device evidence in issue ledger, not blanket branch coverage"
app/src/main/java/com/deepseekharness/app/core/TrustedNetwork.java,source,unchanged,aa2c0f75e9b192cf14c2065555832494bb29740e415dbfd81fd24dd0bfa74ac3,aa2c0f75e9b192cf14c2065555832494bb29740e415dbfd81fd24dd0bfa74ac3,static-scan,baseline classification retained
app/src/main/java/com/deepseekharness/app/core/UpdateEngine.java,source,unchanged,2cd2ed0dc74bbd3ed808202df4b7f6816f2d92aa19872dfe364d120a5d1220f3,2cd2ed0dc74bbd3ed808202df4b7f6816f2d92aa19872dfe364d120a5d1220f3,static-scan,baseline classification retained
app/src/main/java/com/deepseekharness/app/core/UpdateRepository.java,source,unchanged,d1f2c12dedd2031bbc79f4c5aab95594879061f2000751f33689f2b57732b5d5,d1f2c12dedd2031bbc79f4c5aab95594879061f2000751f33689f2b57732b5d5,static-scan,baseline classification retained
app/src/main/java/com/deepseekharness/app/core/WebRecovery.java,source,unchanged,890e86de540118e6977db305511ea463949e5b3547a810fce8d141168c2d8fe1,890e86de540118e6977db305511ea463949e5b3547a810fce8d141168c2d8fe1,static-scan,baseline classification retained
app/src/main/java/com/deepseekharness/app/data/DownloadsExport.java,source,unchanged,a6ae7147b2e8924d17f744c435c122c6ced1f592f783aca758ba0cfc9392fccb,a6ae7147b2e8924d17f744c435c122c6ced1f592f783aca758ba0cfc9392fccb,static-scan,baseline classification retained
app/src/main/java/com/deepseekharness/app/data/KeyVault.java,source,unchanged,4490fc039e856c1cfaa77bb41aebd0f6ce6145d704ee0f21e9b7a9ce88fa64e6,4490fc039e856c1cfaa77bb41aebd0f6ce6145d704ee0f21e9b7a9ce88fa64e6,static-scan,baseline classification retained
app/src/main/java/com/deepseekharness/app/data/PortableSettings.java,source,unchanged,fdf3329040e2bb26552dc17ac43f6982e83b68f4beb51efc664ad931dcbd469a,fdf3329040e2bb26552dc17ac43f6982e83b68f4beb51efc664ad931dcbd469a,static-scan,baseline classification retained
app/src/main/java/com/deepseekharness/app/recovery/RecoveryController.java,source,unchanged,83cee790a4e56cada00951cb3d979b7332b887c55ae257b93d9aa80ce09d8d40,83cee790a4e56cada00951cb3d979b7332b887c55ae257b93d9aa80ce09d8d40,static-scan,baseline classification retained
app/src/main/java/com/deepseekharness/app/recovery/RecoveryRepairBroker.java,source,modified,e42ee98892123af77ef6e57a5c706d6d7e805a79ea6cad27e72f48c2641dfd04,0858448f7e1e68f9bbdd1b838db6aec4e218152961e99c991175a36f54917294,static-scan,"changed input bound to software receipt; specific deep/behavior/device evidence in issue ledger, not blanket branch coverage"
app/src/main/java/com/deepseekharness/app/recovery/RecoveryRuntime.java,source,modified,bf7154793ad65010483f0bef270b7ac2bcddb604470aafb24cf02e685767643c,24f77ea249670bd0d5b745de933365ba1d5e9889d84ee1420d9706d7c212e16c,static-scan,"changed input bound to software receipt; specific deep/behavior/device evidence in issue ledger, not blanket branch coverage"
app/src/main/java/com/deepseekharness/app/recovery/RecoveryService.java,source,unchanged,fea50dd7685297a6ad9434c3b9175b15702e783e64d309dc8e5041d132dc3cb8,fea50dd7685297a6ad9434c3b9175b15702e783e64d309dc8e5041d132dc3cb8,static-scan,baseline classification retained
app/src/main/java/com/deepseekharness/app/runtime/BasicToolsInstaller.java,source,unchanged,b80decb7e981e47e5236a8fcf92e753ebac6fb1314969b1a0ff8dbc039b243ea,b80decb7e981e47e5236a8fcf92e753ebac6fb1314969b1a0ff8dbc039b243ea,static-scan,baseline classification retained
app/src/main/java/com/deepseekharness/app/runtime/BoundedGuestLifetime.java,added source/test/input; see issue ledger,new,,d831e655ddacb68e23f2e3629501e9a67463ca55eb48d2aec5832e9e9bf60053,not in baseline,"changed input bound to software receipt; specific deep/behavior/device evidence in issue ledger, not blanket branch coverage"
app/src/main/java/com/deepseekharness/app/runtime/BoundedGuestSessions.java,added source/test/input; see issue ledger,new,,e57fae0d7109647162758a0eda11f4eb57703ce3ce232a2b0a28b2154938053c,not in baseline,"changed input bound to software receipt; specific deep/behavior/device evidence in issue ledger, not blanket branch coverage"
app/src/main/java/com/deepseekharness/app/runtime/ContainerRuntime.java,source,modified,efcd8480363f149bafaa31a1d6e0de916487c0fc166f3f106a304aa534c9b80e,7c252597e8d55f83b617890de3d936b2f4f27c999cddb753598ca59ffc6c506f,static-scan,"changed input bound to software receipt; specific deep/behavior/device evidence in issue ledger, not blanket branch coverage"
app/src/main/java/com/deepseekharness/app/runtime/InstallPipeline.java,source,unchanged,a6ab16605fd5cb6e79f1ad0d75bc0211d62605eaed17636094385df8f4ca4409,a6ab16605fd5cb6e79f1ad0d75bc0211d62605eaed17636094385df8f4ca4409,static-scan,baseline classification retained
app/src/main/java/com/deepseekharness/app/runtime/IsolatedInstallProcess.java,source,modified,494e1ad4f85c8871a7533a6cf3d1dfdfd5d2f30fc63a228c40af6fbbd7bfaa98,cdbdb103d33cc29cbeaefa16758b834ff839c2c2d40637f654526ca415adc576,static-scan,"changed input bound to software receipt; specific deep/behavior/device evidence in issue ledger, not blanket branch coverage"
app/src/main/java/com/deepseekharness/app/runtime/ManagedRuntimeAssets.java,added source/test/input; see issue ledger,new,,b730add1db78f6a8298d621a3b2e4f063e9b523e619e824bcfd2ef7a4ebb5611,not in baseline,"changed input bound to software receipt; specific deep/behavior/device evidence in issue ledger, not blanket branch coverage"
app/src/main/java/com/deepseekharness/app/runtime/NativeProcess.java,source,unchanged,e08354cebfd3133e62db7464dfb0a773420daa2f867d4ed283981bd1618a6ffd,e08354cebfd3133e62db7464dfb0a773420daa2f867d4ed283981bd1618a6ffd,static-scan,baseline classification retained
app/src/main/java/com/deepseekharness/app/runtime/PrivilegedPackageContext.java,source,unchanged,1a6372409e59d81d41c19bfd0284855ed1bd682bfb64449c787c5ede95e90e4d,1a6372409e59d81d41c19bfd0284855ed1bd682bfb64449c787c5ede95e90e4d,static-scan,baseline classification retained
app/src/main/java/com/deepseekharness/app/runtime/ProfileSettingsTrial.java,source,modified,d5de5660108f7093363c4eb48b6f6aeabd68e51e7c8f1a7da2bb2daaa3149744,d712151cee1883a94aa6a91d355c45175ebd25c48f70d83f49a40d1cd23376d2,static-scan,"changed input bound to software receipt; specific deep/behavior/device evidence in issue ledger, not blanket branch coverage"
app/src/main/java/com/deepseekharness/app/runtime/ProotBootstrap.java,source,modified,2f48d30ea4a7da98205719842a6c90c3bd3c5376160a7d4e0a14e1daa7fcf1ef,036e2411e5a029b1b32ff938c573b25eadf7d9b3e529c4265597434db9ed4f05,static-scan,"changed input bound to software receipt; specific deep/behavior/device evidence in issue ledger, not blanket branch coverage"
app/src/main/java/com/deepseekharness/app/runtime/RuntimeHostPorts.java,added source/test/input; see issue ledger,new,,029b233ac716277396b9dc80b61000b45a6c4b1ae95538d9042352eae14ab698,not in baseline,"changed input bound to software receipt; specific deep/behavior/device evidence in issue ledger, not blanket branch coverage"
app/src/main/java/com/deepseekharness/app/runtime/RuntimeTools.java,source,modified,f812fb151db5f974cf088c63814f3cd91c62704ecf69aa2c24961577d2c1b017,1b75ce8d553d614340e24bec6b98996b0ffcd1cfb945342ac09d629e57db221a,static-scan,"changed input bound to software receipt; specific deep/behavior/device evidence in issue ledger, not blanket branch coverage"
app/src/main/java/com/deepseekharness/app/runtime/RuntimeTrial.java,source,modified,9aebdf229c5f53be7c037fded5c26402898eda32c512bce416481fd911d30fc9,79238d4c177c782f01d9f93289081259a057722ee6c642be67db3bfa4fa471b7,static-scan,"changed input bound to software receipt; specific deep/behavior/device evidence in issue ledger, not blanket branch coverage"
app/src/main/java/com/deepseekharness/app/runtime/TarGzipExtractor.java,source,unchanged,6d69fce5a2e18ade06a099de8cef2f047043219056219ef468e32f230c686dd6,6d69fce5a2e18ade06a099de8cef2f047043219056219ef468e32f230c686dd6,static-scan,baseline classification retained
app/src/main/java/com/deepseekharness/app/runtime/TerminalProcessCloser.java,source,modified,d71e53ec65447d446bbc795a3b6dc83444206e643da001dd20dcc2ae4aeda34a,48e594a05e8ca0e0fbcc843c823e9f19965a3e9c5d894d37e6fad41a5502e32d,static-scan,"changed input bound to software receipt; specific deep/behavior/device evidence in issue ledger, not blanket branch coverage"
app/src/main/java/com/deepseekharness/app/runtime/UserDataBindings.java,source,unchanged,fcbdf6eae50a3102901ec7f504a7433a223956fe7ec016a00f6c3935fc784be8,fcbdf6eae50a3102901ec7f504a7433a223956fe7ec016a00f6c3935fc784be8,static-scan,baseline classification retained
app/src/main/java/com/deepseekharness/app/runtime/WebProcessManager.java,source,unchanged,d1882da4a4b280f8718e807ff265a255b2aa5ed2d05b21a1585fb442480fb489,d1882da4a4b280f8718e807ff265a255b2aa5ed2d05b21a1585fb442480fb489,static-scan,baseline classification retained
app/src/main/java/com/deepseekharness/app/ui/AboutDialog.java,source,unchanged,9db4032b5092ad711406de98b5f32c149d9285ffee1634b6ade072373f401f93,9db4032b5092ad711406de98b5f32c149d9285ffee1634b6ade072373f401f93,static-scan,baseline classification retained
app/src/main/java/com/deepseekharness/app/ui/AboutFragment.java,source,unchanged,e0675e0fdf61276288e116a153643e835508874938c059d60eac3be55a64ba90,e0675e0fdf61276288e116a153643e835508874938c059d60eac3be55a64ba90,static-scan,baseline classification retained
app/src/main/java/com/deepseekharness/app/ui/AccessibilitySetupActivity.java,source,unchanged,f8fc9427a6ea1b93503d9d6fbeb8368e0bc5bf8002a8aee23503ebfd031a5e0c,f8fc9427a6ea1b93503d9d6fbeb8368e0bc5bf8002a8aee23503ebfd031a5e0c,static-scan,baseline classification retained
app/src/main/java/com/deepseekharness/app/ui/AdbPairActivity.java,source,modified,89115427b01fb8f5b5103d4d506abd23bcf3b34e626249f17cf895181dcb5d22,5bc8d70f6d60ea949d79b675f3d007fbd60303e24a08590cca96b84e4666b83d,static-scan,"changed input bound to software receipt; specific deep/behavior/device evidence in issue ledger, not blanket branch coverage"
app/src/main/java/com/deepseekharness/app/ui/AutomaticBackupActivity.java,source,unchanged,e462040e29e70db97e3cc978ce4194746a037bb7ff3e45403cb6941d39f7df37,e462040e29e70db97e3cc978ce4194746a037bb7ff3e45403cb6941d39f7df37,static-scan,baseline classification retained
app/src/main/java/com/deepseekharness/app/ui/BackgroundTasksActivity.java,source,unchanged,d871e66818e6f718232ba7e752d869fa08943395f1bf085ecfb85fba1a447ae1,d871e66818e6f718232ba7e752d869fa08943395f1bf085ecfb85fba1a447ae1,static-scan,baseline classification retained
app/src/main/java/com/deepseekharness/app/ui/BoundedDialogLayout.java,source,unchanged,ecd412b83f8e33161dfdee13c44e224b65ae311db2bf8521cd04c5c1b4c7096e,ecd412b83f8e33161dfdee13c44e224b65ae311db2bf8521cd04c5c1b4c7096e,static-scan,baseline classification retained
app/src/main/java/com/deepseekharness/app/ui/BrowserMicrophone.java,source,unchanged,f2a9565e15288b9808b09658b2aeec17133c01741a30752d4e4a6d40ec9ac11a,f2a9565e15288b9808b09658b2aeec17133c01741a30752d4e4a6d40ec9ac11a,static-scan,baseline classification retained
app/src/main/java/com/deepseekharness/app/ui/CardPage.java,source,unchanged,f4593a907157d18cd853a475a7332b2af26c22f3e2f659548588983225f29ce3,f4593a907157d18cd853a475a7332b2af26c22f3e2f659548588983225f29ce3,static-scan,baseline classification retained
app/src/main/java/com/deepseekharness/app/ui/CardSheet.java,source,unchanged,1a17f1483635764d23dff0740e9da491450ca7a8c06d5a6f1b5df31f388cc16e,1a17f1483635764d23dff0740e9da491450ca7a8c06d5a6f1b5df31f388cc16e,static-scan,baseline classification retained
app/src/main/java/com/deepseekharness/app/ui/CommunityActivity.java,source,unchanged,ea5b0afadf53bfe98b43b4d0af514ee99578c66a22bce1b57cd85c98ccf91ab8,ea5b0afadf53bfe98b43b4d0af514ee99578c66a22bce1b57cd85c98ccf91ab8,static-scan,baseline classification retained
app/src/main/java/com/deepseekharness/app/ui/ConfigFragment.java,source,modified,4e8f82fae78197171905a98970bf383333be4ac95b99f5161fbfa40fd1cf16de,e21066acf9f9341f871a4dd75957d87ffed38391062829882ca2021642705d88,static-scan,"changed input bound to software receipt; specific deep/behavior/device evidence in issue ledger, not blanket branch coverage"
app/src/main/java/com/deepseekharness/app/ui/DeviceGrantsFragment.java,source,unchanged,22cbf65dbf37c0436447e3b54b527d25df2e01d028ff45f240b00ffcf9434446,22cbf65dbf37c0436447e3b54b527d25df2e01d028ff45f240b00ffcf9434446,static-scan,baseline classification retained
app/src/main/java/com/deepseekharness/app/ui/DiagnosticActivity.java,source,modified,f3da728bf939d41797453d97a2ccd127ae5472fa02b3771a4b7c39163442e9f2,3b17c245d05a03a0ed054488c3ca8d33ca070f59bdc2b16e55c9140c4744491d,static-scan,"changed input bound to software receipt; specific deep/behavior/device evidence in issue ledger, not blanket branch coverage"
app/src/main/java/com/deepseekharness/app/ui/DshaDialogBuilder.java,source,unchanged,2a8ce57c0cb8b872df5a0fcba1ac6ae90c5e5157bc1327ac5898c15f225edb29,2a8ce57c0cb8b872df5a0fcba1ac6ae90c5e5157bc1327ac5898c15f225edb29,static-scan,baseline classification retained
app/src/main/java/com/deepseekharness/app/ui/DshaSelectView.java,source,unchanged,51a741fd01db08c6670bebd3c933b835ec6872d910ce2ed9ac9fec996955549a,51a741fd01db08c6670bebd3c933b835ec6872d910ce2ed9ac9fec996955549a,static-scan,baseline classification retained
app/src/main/java/com/deepseekharness/app/ui/EnvironmentRecoveryFragment.java,source,unchanged,8839362dd31f4afedb15f9c5ed04f49a71bf5f0cd30fab2cb41dadf729a88a03,8839362dd31f4afedb15f9c5ed04f49a71bf5f0cd30fab2cb41dadf729a88a03,static-scan,baseline classification retained
app/src/main/java/com/deepseekharness/app/ui/EnvironmentUiStatus.java,source,modified,6d0c0e022fb70c649e7f232b372684a1e56aaa8c6b3699158d0351e97da6c8b6,c6be29c03f1a59780f804b38a53be4f833d3a7d27188f7b3baec169428e82f52,static-scan,"changed input bound to software receipt; specific deep/behavior/device evidence in issue ledger, not blanket branch coverage"
app/src/main/java/com/deepseekharness/app/ui/ExtractActivity.java,source,unchanged,bbab9cc5df9815d7573240ea60e46a76f0831918d8ac651c17229083a4fab66f,bbab9cc5df9815d7573240ea60e46a76f0831918d8ac651c17229083a4fab66f,static-scan,baseline classification retained
app/src/main/java/com/deepseekharness/app/ui/InstallFragment.java,source,modified,9cb176384782a0f08295aff0d5c59f9878898ede1647078b25c3e8a53a80f28e,5235f6feff33d3a754ea428fa354c5e08c3887f83a8043095522aba3a1babf89,static-scan,"changed input bound to software receipt; specific deep/behavior/device evidence in issue ledger, not blanket branch coverage"
app/src/main/java/com/deepseekharness/app/ui/LanguageController.java,source,modified,596f95abae178779f79bbf320204df5259140a9f6c83fd4360cc11e5fd7b6528,bae6041817abfea338ca05b0b25b00ceb99d95996f350a8f3b9642dc97c8bf40,static-scan,"changed input bound to software receipt; specific deep/behavior/device evidence in issue ledger, not blanket branch coverage"
app/src/main/java/com/deepseekharness/app/ui/LaunchFragment.java,source,unchanged,47ce90fe1025860b2ed73ac62ed97eea4d753fd16e5dcabacde92d6dad90cf04,47ce90fe1025860b2ed73ac62ed97eea4d753fd16e5dcabacde92d6dad90cf04,static-scan,baseline classification retained
app/src/main/java/com/deepseekharness/app/ui/LogScrollView.java,source,unchanged,b2d39490c7724a8864f858912270d99981455830d869b3d3bc5f956fd75e699d,b2d39490c7724a8864f858912270d99981455830d869b3d3bc5f956fd75e699d,static-scan,baseline classification retained
app/src/main/java/com/deepseekharness/app/ui/MainActivity.java,source,modified,3ad2d75a0b33229a6874b2e1401ed3083e33ef16c2aafdeacd3362d309f9e71e,8da78f485720dade6b910f9130b87976d5ab679c388b7a09d74a915db96d0f85,static-scan,"changed input bound to software receipt; specific deep/behavior/device evidence in issue ledger, not blanket branch coverage"
app/src/main/java/com/deepseekharness/app/ui/ModelSetupActivity.java,source,unchanged,39c7e344d00c8c61d46e0f472120e4998bcedec4451adc76fdd4a02c9e525b8b,39c7e344d00c8c61d46e0f472120e4998bcedec4451adc76fdd4a02c9e525b8b,static-scan,baseline classification retained
app/src/main/java/com/deepseekharness/app/ui/ModernAndroidUi.java,source,unchanged,6a320ed3d8633cf5c1dd215d42dd45390417f9111340c5ab3a53a1c3078d1e26,6a320ed3d8633cf5c1dd215d42dd45390417f9111340c5ab3a53a1c3078d1e26,static-scan,baseline classification retained
app/src/main/java/com/deepseekharness/app/ui/NativeDataActivity.java,source,modified,fc6bffecccb4f36bca8126c9f090986226462c2520ed9edabecd32f3e63380c1,ba5beab4bedee94f936b8b570bc4168070c71c36e5128799a9b2b48f1e11eff1,static-scan,"changed input bound to software receipt; specific deep/behavior/device evidence in issue ledger, not blanket branch coverage"
app/src/main/java/com/deepseekharness/app/ui/OnboardingPrepareActivity.java,source,unchanged,73dbed5e241497ee9f3dbf898545e560fcac1a27e81b0589c607a81602ba57b7,73dbed5e241497ee9f3dbf898545e560fcac1a27e81b0589c607a81602ba57b7,static-scan,baseline classification retained
app/src/main/java/com/deepseekharness/app/ui/OnboardingReadyActivity.java,source,unchanged,8d96af271f3a684a940cbc6a3def9d435d54d74b34c697885d869a637af9a237,8d96af271f3a684a940cbc6a3def9d435d54d74b34c697885d869a637af9a237,static-scan,baseline classification retained
app/src/main/java/com/deepseekharness/app/ui/OnboardingUi.java,source,unchanged,5cb791ac1a7235b082c7d1496a51e2f2308c4397afd2c00974525828db598b15,5cb791ac1a7235b082c7d1496a51e2f2308c4397afd2c00974525828db598b15,static-scan,baseline classification retained
app/src/main/java/com/deepseekharness/app/ui/OverlayFragment.java,source,unchanged,df9364a642bb61d0272102587c83bbb64af33737655a79a5892bc3c9cd8658c1,df9364a642bb61d0272102587c83bbb64af33737655a79a5892bc3c9cd8658c1,static-scan,baseline classification retained
app/src/main/java/com/deepseekharness/app/ui/OverlayStyleDialog.java,source,unchanged,3d7d38b36cfcf977008904810dddf7aa725d3cf6a5c8b78b980f092ddcb42dfb,3d7d38b36cfcf977008904810dddf7aa725d3cf6a5c8b78b980f092ddcb42dfb,static-scan,baseline classification retained
app/src/main/java/com/deepseekharness/app/ui/PictureInPictureActivity.java,source,unchanged,d12fa9ce386b2e84febf008eb60dd08813fd020ea957a147b8a470aac5eb8059,d12fa9ce386b2e84febf008eb60dd08813fd020ea957a147b8a470aac5eb8059,static-scan,baseline classification retained
app/src/main/java/com/deepseekharness/app/ui/PictureInPictureFrame.java,source,unchanged,0c24de5858ab3c2fb45481224d59694df8a6b00731dc28ef8926028b317ddd30,0c24de5858ab3c2fb45481224d59694df8a6b00731dc28ef8926028b317ddd30,static-scan,baseline classification retained
app/src/main/java/com/deepseekharness/app/ui/PluginFilePicker.java,source,unchanged,c8516fb2229e35b65d68065e02987e3ab4ec45c9efcd1207929c1a10c1931d57,c8516fb2229e35b65d68065e02987e3ab4ec45c9efcd1207929c1a10c1931d57,static-scan,baseline classification retained
app/src/main/java/com/deepseekharness/app/ui/PluginFragment.java,source,modified,54b36abf0d791543a630951f1550525fc87d5f2b184b3c096e5919e540f97d62,ae7b162313b49b832d8c3cd1f97e8822c88f824dc5c5a18f0ba05977c3f35f82,static-scan,"changed input bound to software receipt; specific deep/behavior/device evidence in issue ledger, not blanket branch coverage"
app/src/main/java/com/deepseekharness/app/ui/PluginInstallActivity.java,source,unchanged,27dc2c9663d78d47dc57328d930fbb35178c72e17305581137c27038669ec434,27dc2c9663d78d47dc57328d930fbb35178c72e17305581137c27038669ec434,static-scan,baseline classification retained
app/src/main/java/com/deepseekharness/app/ui/PluginNavigation.java,source,unchanged,6ba1cb83eabe1be30d47bea7bf328d37fd63a7fb879b9e146adcbde975c2e795,6ba1cb83eabe1be30d47bea7bf328d37fd63a7fb879b9e146adcbde975c2e795,static-scan,baseline classification retained
app/src/main/java/com/deepseekharness/app/ui/PreviewAuth.java,source,unchanged,76b26f5cfa966b6ca62c64694754d6a0aa8d329e228c7c783d690567e1881429,76b26f5cfa966b6ca62c64694754d6a0aa8d329e228c7c783d690567e1881429,static-scan,baseline classification retained
app/src/main/java/com/deepseekharness/app/ui/PtyTerminalFragment.java,source,modified,b2c26afd59178806088ce24faf51bd5b06434ca1b735dc0d3e77078f81ee5e97,fff3efa8c50bd4b43fb10757d9a5f988ece2084318911f114f11954dc0cca86d,static-scan,"changed input bound to software receipt; specific deep/behavior/device evidence in issue ledger, not blanket branch coverage"
app/src/main/java/com/deepseekharness/app/ui/RecoveryActivity.java,source,modified,73a8de6139fcfa271d1338cae29934b1f4823f92edc994b25fb05998019f35fa,f09c253f103367a9e05af0bb1af0e7459f7b4935744024bb76f182789b2b4729,static-scan,"changed input bound to software receipt; specific deep/behavior/device evidence in issue ledger, not blanket branch coverage"
app/src/main/java/com/deepseekharness/app/ui/RecoveryBrowserSurface.java,source,unchanged,2d65473f9fa5a20dc1706e2e221bfe354abc77cb34eb8b1d48171b874c978ba8,2d65473f9fa5a20dc1706e2e221bfe354abc77cb34eb8b1d48171b874c978ba8,static-scan,baseline classification retained
app/src/main/java/com/deepseekharness/app/ui/RecoveryWebActivity.java,source,unchanged,d3220ce888b8b1ced1a6f381d7e0169c350d023122d382d67acad680d191ccd6,d3220ce888b8b1ced1a6f381d7e0169c350d023122d382d67acad680d191ccd6,static-scan,baseline classification retained
app/src/main/java/com/deepseekharness/app/ui/RecoveryWebSurface.java,source,modified,2a8c7dfbbe8fb58e9f4c545508acd03efa8e6ecd8f5c02c93120b7a7631e9397,fb24fd3d1b8e0eccc5cd9040f240a364d5bc29fdfbc73e9f2ea3f24c7992ff3c,static-scan,"changed input bound to software receipt; specific deep/behavior/device evidence in issue ledger, not blanket branch coverage"
app/src/main/java/com/deepseekharness/app/ui/RetainedDataActivity.java,source,modified,1026347914ab52b033f8cbc2219b2879bf0fbdf2ccf3c77583194c5235ea0115,639edc149c8a0eee48bef64f3f28e1d620f86c83b8f01d9329a7f49aca23140a,static-scan,"changed input bound to software receipt; specific deep/behavior/device evidence in issue ledger, not blanket branch coverage"
app/src/main/java/com/deepseekharness/app/ui/RuntimeBrowserProbe.java,source,unchanged,83f5279a393f3cc01883e7abb00e52c77cf83f02507ddcf0f4a8f20b25565fec,83f5279a393f3cc01883e7abb00e52c77cf83f02507ddcf0f4a8f20b25565fec,static-scan,baseline classification retained
app/src/main/java/com/deepseekharness/app/ui/RuntimeRecoveryUi.java,source,unchanged,b5f76aa3a880851d5471543be6a3ca4539fbd6f3cf0b61f45ce172e9534dff22,b5f76aa3a880851d5471543be6a3ca4539fbd6f3cf0b61f45ce172e9534dff22,static-scan,baseline classification retained
app/src/main/java/com/deepseekharness/app/ui/SettingsFragment.java,source,unchanged,8689cbf95488f41da7df20658729b8aaa25af6b52e19b59e3cce7cdae071a1d8,8689cbf95488f41da7df20658729b8aaa25af6b52e19b59e3cce7cdae071a1d8,static-scan,baseline classification retained
app/src/main/java/com/deepseekharness/app/ui/StartupRecoveryActivity.java,source,unchanged,25c1cf8fe0ad6838811a339f82b1ac737d6a4ef694e2117231ae96e3493eea40,25c1cf8fe0ad6838811a339f82b1ac737d6a4ef694e2117231ae96e3493eea40,static-scan,baseline classification retained
app/src/main/java/com/deepseekharness/app/ui/StartupRecoveryLayout.java,source,unchanged,8eb0f90885e12426e9bccfad7aef41b8a42be1f3f355635a298cb4f230febc14,8eb0f90885e12426e9bccfad7aef41b8a42be1f3f355635a298cb4f230febc14,static-scan,baseline classification retained
app/src/main/java/com/deepseekharness/app/ui/StorageActivity.java,source,unchanged,5a9ec8155de407eb895f9afb10360ca1741ef728ab545cceff6a1e19230956da,5a9ec8155de407eb895f9afb10360ca1741ef728ab545cceff6a1e19230956da,static-scan,baseline classification retained
app/src/main/java/com/deepseekharness/app/ui/TerminalFragment.java,source,modified,c6fbc80735cd9fde704473a110d02de95d66071483a951ddce17e04892116c4b,efa20c03474d1264d3352ed6c30777343506740d4d5ef8f945d5d1dd5faba9ee,static-scan,"changed input bound to software receipt; specific deep/behavior/device evidence in issue ledger, not blanket branch coverage"
app/src/main/java/com/deepseekharness/app/ui/TerminalTabBar.java,source,modified,9af3db49fdd8ccca12733aa3981286c9004eda9356f0d6ffa957cbf7579f776d,08e7c26928533eaa0749b22b1c3464b0b598206d55e4d45dede03be28556c3b2,static-scan,"changed input bound to software receipt; specific deep/behavior/device evidence in issue ledger, not blanket branch coverage"
app/src/main/java/com/deepseekharness/app/ui/ThemeController.java,source,unchanged,d3e28d4789a1eda6ae009cd7ff980310423486a682a7b470e5fe4f2915ea52d3,d3e28d4789a1eda6ae009cd7ff980310423486a682a7b470e5fe4f2915ea52d3,static-scan,baseline classification retained
app/src/main/java/com/deepseekharness/app/ui/UiMotion.java,source,unchanged,7b4b6f247a840180af40386941f90e80d23792bfc19f62bb3582f1a8152afcb2,7b4b6f247a840180af40386941f90e80d23792bfc19f62bb3582f1a8152afcb2,static-scan,baseline classification retained
app/src/main/java/com/deepseekharness/app/ui/UiNavigation.java,source,unchanged,a366c6e8d4a0eca972c4f3334b3f5bd2e7307c7033943fe58a697e99771542c3,a366c6e8d4a0eca972c4f3334b3f5bd2e7307c7033943fe58a697e99771542c3,static-scan,baseline classification retained
app/src/main/java/com/deepseekharness/app/ui/UpdateActivity.java,source,unchanged,3075fc54490ca31404bdc6b6a53d305b4fcefff2f5e44b9d80e51595f919641a,3075fc54490ca31404bdc6b6a53d305b4fcefff2f5e44b9d80e51595f919641a,static-scan,baseline classification retained
app/src/main/java/com/deepseekharness/app/ui/UpdateUi.java,source,unchanged,cc1007f47701d2790df5b0abdcf111026d1e769c6d5ac218d8f0ca1443dd7e3f,cc1007f47701d2790df5b0abdcf111026d1e769c6d5ac218d8f0ca1443dd7e3f,static-scan,baseline classification retained
app/src/main/java/com/deepseekharness/app/ui/WebBlobDownload.java,source,unchanged,4383b314119574f3802385c5b540dc9886f8ddac145c8d7f096346ceb1f1c697,4383b314119574f3802385c5b540dc9886f8ddac145c8d7f096346ceb1f1c697,static-scan,baseline classification retained
app/src/main/java/com/deepseekharness/app/ui/WebDownloadModel.java,source,unchanged,3610567b20886facc113bcf3765fed3a47a8eaf76d7f94209073049db8b68d18,3610567b20886facc113bcf3765fed3a47a8eaf76d7f94209073049db8b68d18,static-scan,baseline classification retained
app/src/main/java/com/deepseekharness/app/ui/WebDownloads.java,source,unchanged,8585f2438646d5462a06b8f897c5ce7b4e7204fc8c0db2ca08704aae2e0d37ba,8585f2438646d5462a06b8f897c5ce7b4e7204fc8c0db2ca08704aae2e0d37ba,static-scan,baseline classification retained
app/src/main/java/com/deepseekharness/app/ui/WebFrameRate.java,source,unchanged,98a26262249a741797dc327bc815eb462f80318d4be76179d179781c225c843a,98a26262249a741797dc327bc815eb462f80318d4be76179d179781c225c843a,static-scan,baseline classification retained
app/src/main/java/com/deepseekharness/app/ui/WebFullscreenUi.java,source,unchanged,f6cd153eabcbf3fba1f1cf2222c2f9021f41fb5e64ce72c6cdbf3beba0c6b441,f6cd153eabcbf3fba1f1cf2222c2f9021f41fb5e64ce72c6cdbf3beba0c6b441,static-scan,baseline classification retained
app/src/main/java/com/deepseekharness/app/ui/WebPageScripts.java,source,unchanged,3540578acbba351229c882b89fbd76d80c5056a7355bb9bbab6c96b716ee6aaf,3540578acbba351229c882b89fbd76d80c5056a7355bb9bbab6c96b716ee6aaf,static-scan,baseline classification retained
app/src/main/java/com/deepseekharness/app/ui/WebPreviewActivity.java,source,modified,f52e145e02ac4b4747dd895f1c08d84712c550b34c42d9ce97862e0e7711c7fd,537110220d5f95347420c9797f74b0c6d8b89f465473072e6e8a77826bfbdee3,static-scan,"changed input bound to software receipt; specific deep/behavior/device evidence in issue ledger, not blanket branch coverage"
app/src/main/java/com/deepseekharness/app/ui/WebUploads.java,source,unchanged,1f13674f860be3b613ff689df79fc568727f094ce5a85c94a6ae2b1ef8715653,1f13674f860be3b613ff689df79fc568727f094ce5a85c94a6ae2b1ef8715653,static-scan,baseline classification retained
app/src/main/java/com/deepseekharness/app/ui/WebViewMicrophone.java,source,unchanged,f04b1b117a6d8e419051c7ba206a4731376b9bbef648268a0d5b26d554ffdf3d,f04b1b117a6d8e419051c7ba206a4731376b9bbef648268a0d5b26d554ffdf3d,static-scan,baseline classification retained
app/src/main/java/com/deepseekharness/app/ui/WelcomeActivity.java,source,unchanged,7208fe670283f6504cc64d546623185d62636e50b414e68fddeb2694da846aee,7208fe670283f6504cc64d546623185d62636e50b414e68fddeb2694da846aee,static-scan,baseline classification retained
app/src/main/java/com/deepseekharness/app/ui/WorkspaceFragment.java,source,unchanged,becd072c132f2087c9d474eb34620fd0274cfffcd47f6654e37649740c6952d2,becd072c132f2087c9d474eb34620fd0274cfffcd47f6654e37649740c6952d2,static-scan,baseline classification retained
app/src/main/java/com/deepseekharness/app/util/AdbEnvironmentTask.java,source,unchanged,8f6454062d1beffb09c9524d5d5bbded212f22417a2adb2ea79094042e0e91bc,8f6454062d1beffb09c9524d5d5bbded212f22417a2adb2ea79094042e0e91bc,static-scan,baseline classification retained
app/src/main/java/com/deepseekharness/app/util/AdbPairingInfo.java,source,unchanged,43acea6adda49cc53d5471aef45d16e09b2bf5536d0176ede77d3b8b5d0f3949,43acea6adda49cc53d5471aef45d16e09b2bf5536d0176ede77d3b8b5d0f3949,static-scan,baseline classification retained
app/src/main/java/com/deepseekharness/app/util/AdbResult.java,source,unchanged,9820258f6e991847b3819e2a9b53216df42fd4dfffe23a722caae5ce29501428,9820258f6e991847b3819e2a9b53216df42fd4dfffe23a722caae5ce29501428,static-scan,baseline classification retained
app/src/main/java/com/deepseekharness/app/util/AdbWheelCache.java,source,unchanged,56acebdd30f21249c6a453f0289f7ba135adf9936d83a0c1dcd094fc4c0f8abc,56acebdd30f21249c6a453f0289f7ba135adf9936d83a0c1dcd094fc4c0f8abc,static-scan,baseline classification retained
app/src/main/java/com/deepseekharness/app/util/AppLocaleDispatch.java,added source/test/input; see issue ledger,new,,a827d1c8b7e59cc8c8a6f92e4f00ec0a29b93de1a2a55c5e5abd11384866c799,not in baseline,"changed input bound to software receipt; specific deep/behavior/device evidence in issue ledger, not blanket branch coverage"
app/src/main/java/com/deepseekharness/app/util/AutomaticBackupPolicy.java,source,unchanged,4269b5f89742fd48f5f66a8fb18c9b5cd731ea2c734304435ec6a0f3685f91a4,4269b5f89742fd48f5f66a8fb18c9b5cd731ea2c734304435ec6a0f3685f91a4,static-scan,baseline classification retained
app/src/main/java/com/deepseekharness/app/util/BackupScope.java,source,unchanged,1d51a0ea9e8532c5c9962e6ad6fce32a1f07ada20e55cf4d718c9d632e693f17,1d51a0ea9e8532c5c9962e6ad6fce32a1f07ada20e55cf4d718c9d632e693f17,static-scan,baseline classification retained
app/src/main/java/com/deepseekharness/app/util/BackupTaskState.java,source,unchanged,26eee6fde1b5687e1a7252dae674d6570ae8b1f8567526ae69f2144067b8e49a,26eee6fde1b5687e1a7252dae674d6570ae8b1f8567526ae69f2144067b8e49a,static-scan,baseline classification retained
app/src/main/java/com/deepseekharness/app/util/BoundedProcessRunner.java,source,unchanged,a3b5781abd4775abd9c7ee00de74d39739ed7f0ebb736c55e07ebc6c8f301d17,a3b5781abd4775abd9c7ee00de74d39739ed7f0ebb736c55e07ebc6c8f301d17,static-scan,baseline classification retained
app/src/main/java/com/deepseekharness/app/util/BoundedUiCall.java,source,unchanged,fbbdfb3883e569ff2ea8d4fe60c39d3fc9909f3aa4a8bca1e32bcfbd2a8d014d,fbbdfb3883e569ff2ea8d4fe60c39d3fc9909f3aa4a8bca1e32bcfbd2a8d014d,static-scan,baseline classification retained
app/src/main/java/com/deepseekharness/app/util/BridgeConfirmations.java,source,unchanged,5f533f8a13f2845f9f7479d08b00566aa8d72f3582e6cd0aa4a0ec29f4065fee,5f533f8a13f2845f9f7479d08b00566aa8d72f3582e6cd0aa4a0ec29f4065fee,static-scan,baseline classification retained
app/src/main/java/com/deepseekharness/app/util/BridgeLifecycle.java,source,unchanged,c4cb2c65e51f0e9d6634ba4a192b8ae5c51ff47d70f58b8bee4fde451345dfb4,c4cb2c65e51f0e9d6634ba4a192b8ae5c51ff47d70f58b8bee4fde451345dfb4,static-scan,baseline classification retained
app/src/main/java/com/deepseekharness/app/util/BridgePathPolicy.java,source,unchanged,177f03ecc0006a28b61dc217b34cd550f65b61746e89139a37397993686b013d,177f03ecc0006a28b61dc217b34cd550f65b61746e89139a37397993686b013d,static-scan,baseline classification retained
app/src/main/java/com/deepseekharness/app/util/BridgeQuestions.java,source,unchanged,717dd87b41ba8353a2a0b1e82ff03cc5b9f3d294070fc3cabfb898ba376492fe,717dd87b41ba8353a2a0b1e82ff03cc5b9f3d294070fc3cabfb898ba376492fe,static-scan,baseline classification retained
app/src/main/java/com/deepseekharness/app/util/BrowserDiagnostic.java,source,unchanged,0c931e64dd7c06fe417c3866c67b7ce4c18bc255e3f66d74bb318966652c8a5e,0c931e64dd7c06fe417c3866c67b7ce4c18bc255e3f66d74bb318966652c8a5e,static-scan,baseline classification retained
app/src/main/java/com/deepseekharness/app/util/BrowserUploadRequestState.java,added source/test/input; see issue ledger,new,,718ae8d9149db0506c27afdf1a2f31d51b89f56d7dd19e97e71c45393e044660,not in baseline,"changed input bound to software receipt; specific deep/behavior/device evidence in issue ledger, not blanket branch coverage"
app/src/main/java/com/deepseekharness/app/util/BuiltinPlugins.java,source,unchanged,9aebedcb845df9d5cf1c022876232f3a752763bcce58fe735b7b22ead87d5cd8,9aebedcb845df9d5cf1c022876232f3a752763bcce58fe735b7b22ead87d5cd8,static-scan,baseline classification retained
app/src/main/java/com/deepseekharness/app/util/Compat.java,source,unchanged,7801e2e6e18e68b46bce3c5ed0a3637772e656780130cb5c5c4fce544c71bd33,7801e2e6e18e68b46bce3c5ed0a3637772e656780130cb5c5c4fce544c71bd33,static-scan,baseline classification retained
app/src/main/java/com/deepseekharness/app/util/ConfigInput.java,source,unchanged,7cd079afb0d0873ceeeb6759ad5fd09cb30bf4b5d47eac04d580caa31514783d,7cd079afb0d0873ceeeb6759ad5fd09cb30bf4b5d47eac04d580caa31514783d,static-scan,baseline classification retained
app/src/main/java/com/deepseekharness/app/util/Constants.java,source,unchanged,f598d50300c5c81c481c6e09e6f56cb26e79143d4702ebd3ff16b89bd752b8f3,f598d50300c5c81c481c6e09e6f56cb26e79143d4702ebd3ff16b89bd752b8f3,static-scan,baseline classification retained
app/src/main/java/com/deepseekharness/app/util/CredentialRead.java,source,unchanged,fb8f9a18fe6ab4be645e0ebf016a7668329192714c2aea0af56b3f3ca6a7a2e9,fb8f9a18fe6ab4be645e0ebf016a7668329192714c2aea0af56b3f3ca6a7a2e9,static-scan,baseline classification retained
app/src/main/java/com/deepseekharness/app/util/CredentialWrite.java,source,unchanged,6630dfe01fb91c7f966e8af159e306280808c4acc69e13556cc9fdd740d905fa,6630dfe01fb91c7f966e8af159e306280808c4acc69e13556cc9fdd740d905fa,static-scan,baseline classification retained
app/src/main/java/com/deepseekharness/app/util/DeviceAppPolicy.java,source,unchanged,9b787b3102ff380d70fc8e29aa5d0bcce9ebc043d20f48a64a99fbdc3c4a1e24,9b787b3102ff380d70fc8e29aa5d0bcce9ebc043d20f48a64a99fbdc3c4a1e24,static-scan,baseline classification retained
app/src/main/java/com/deepseekharness/app/util/DeviceCommandResult.java,source,unchanged,803a077f520c55139268c05a883d4b79b5d74a5973aaa9129328d75547ab46af,803a077f520c55139268c05a883d4b79b5d74a5973aaa9129328d75547ab46af,static-scan,baseline classification retained
app/src/main/java/com/deepseekharness/app/util/DeviceShellPolicy.java,source,unchanged,63359b2f5e38ebf2c939bd7e0ee22c92248301785f54a17f6fa3d23bfe627b69,63359b2f5e38ebf2c939bd7e0ee22c92248301785f54a17f6fa3d23bfe627b69,static-scan,baseline classification retained
app/src/main/java/com/deepseekharness/app/util/DocumentPaths.java,source,unchanged,80db913ebacbe7d3920b4abdcf701bed3cc438bbeda38b79627ca57263235556,80db913ebacbe7d3920b4abdcf701bed3cc438bbeda38b79627ca57263235556,static-scan,baseline classification retained
app/src/main/java/com/deepseekharness/app/util/DshAuthLog.java,source,unchanged,329e61d5c4fb0a83a74deed90415c5f0a48c10390053c53103ff94b78902b156,329e61d5c4fb0a83a74deed90415c5f0a48c10390053c53103ff94b78902b156,static-scan,baseline classification retained
app/src/main/java/com/deepseekharness/app/util/DshAuthSession.java,source,unchanged,0c4ba40d102ffb7db3166abc2b41764642875ba27822d589e974ce26de2dc277,0c4ba40d102ffb7db3166abc2b41764642875ba27822d589e974ce26de2dc277,static-scan,baseline classification retained
app/src/main/java/com/deepseekharness/app/util/DshAuthUrl.java,source,unchanged,94ad2046b7f5f613791d69794b872ec8d04638889e06e5723ffecb1c60b99944,94ad2046b7f5f613791d69794b872ec8d04638889e06e5723ffecb1c60b99944,static-scan,baseline classification retained
app/src/main/java/com/deepseekharness/app/util/EnvironmentIdentity.java,source,unchanged,17fad6f31c803f2a3af3ff50628ff8991054186227bf0bbd67097f710999edb8,17fad6f31c803f2a3af3ff50628ff8991054186227bf0bbd67097f710999edb8,static-scan,baseline classification retained
app/src/main/java/com/deepseekharness/app/util/EnvironmentTaskGate.java,source,unchanged,772463ef1f6c173155d5fb3d45f703e9e438f0fc9c7ea8e035be4e5f44707f3d,772463ef1f6c173155d5fb3d45f703e9e438f0fc9c7ea8e035be4e5f44707f3d,static-scan,baseline classification retained
app/src/main/java/com/deepseekharness/app/util/ExactTextPatch.java,source,unchanged,3d8126c280829aff1e0c1cdec8dd4e92571973fdc46f36871ecec10cddc03c27,3d8126c280829aff1e0c1cdec8dd4e92571973fdc46f36871ecec10cddc03c27,static-scan,baseline classification retained
app/src/main/java/com/deepseekharness/app/util/ExecutorQuiescence.java,source,unchanged,d55340f96b64f900770bde88f97cf731870bcb29d5c2bdec9cb6d0dc35180da6,d55340f96b64f900770bde88f97cf731870bcb29d5c2bdec9cb6d0dc35180da6,static-scan,baseline classification retained
app/src/main/java/com/deepseekharness/app/util/FileIntegrity.java,source,unchanged,e7b716052f7ee465e7bc647ed8a8ee17771a87e9a5ec9b1a51f1d357b278f9ba,e7b716052f7ee465e7bc647ed8a8ee17771a87e9a5ec9b1a51f1d357b278f9ba,static-scan,baseline classification retained
app/src/main/java/com/deepseekharness/app/util/Fmt.java,source,unchanged,bdd825ba7d38d983ddf224efb634b32a4fa7010e619ca3039aa62e9f98519eed,bdd825ba7d38d983ddf224efb634b32a4fa7010e619ca3039aa62e9f98519eed,static-scan,baseline classification retained
app/src/main/java/com/deepseekharness/app/util/ForegroundReference.java,source,unchanged,ff7f635a7bc10bcf5a01d13a7d98f19c62c67f3dbdd2cb743cf2d88f71a97a2f,ff7f635a7bc10bcf5a01d13a7d98f19c62c67f3dbdd2cb743cf2d88f71a97a2f,static-scan,baseline classification retained
app/src/main/java/com/deepseekharness/app/util/FrameRatePolicy.java,source,unchanged,7144a2ecd7f0a2b160335c32db9a4acb0e0b1b76a5619c1c547bc47c6799290b,7144a2ecd7f0a2b160335c32db9a4acb0e0b1b76a5619c1c547bc47c6799290b,static-scan,baseline classification retained
app/src/main/java/com/deepseekharness/app/util/GitHubRef.java,source,unchanged,1824a961dd9be7e3f282d8d6c95f329ce1348ff4d5d0311320733dab70150b57,1824a961dd9be7e3f282d8d6c95f329ce1348ff4d5d0311320733dab70150b57,static-scan,baseline classification retained
app/src/main/java/com/deepseekharness/app/util/GuestCommandOutcome.java,added source/test/input; see issue ledger,new,,12a62af1320c7e4cb035c336fbc8476c3ebe97b5f75cca128aa75d43beda5601,not in baseline,"changed input bound to software receipt; specific deep/behavior/device evidence in issue ledger, not blanket branch coverage"
app/src/main/java/com/deepseekharness/app/util/HtmlBootstrapPatch.java,source,unchanged,88f5c8347d4303387cfba3d4d8061a4bb6b0384ce9dd4df2ff84c4bedbe6ce21,88f5c8347d4303387cfba3d4d8061a4bb6b0384ce9dd4df2ff84c4bedbe6ce21,static-scan,baseline classification retained
app/src/main/java/com/deepseekharness/app/util/HttpProtocol.java,source,unchanged,d6e725c90b882029cead279f714c29347e4985f18f610a858a4fade57ac43a7a,d6e725c90b882029cead279f714c29347e4985f18f610a858a4fade57ac43a7a,static-scan,baseline classification retained
app/src/main/java/com/deepseekharness/app/util/InstallProbe.java,source,unchanged,bf165b0078e804710b8fa362a30b0e0053a42d35a7ec111e3084e1f9ed73acf3,bf165b0078e804710b8fa362a30b0e0053a42d35a7ec111e3084e1f9ed73acf3,static-scan,baseline classification retained
app/src/main/java/com/deepseekharness/app/util/InstallProcess.java,source,unchanged,3e89e2ca416c39203d9fe4ea00e187ff34630526c66a433f6fd50c7ca0ed8ec7,3e89e2ca416c39203d9fe4ea00e187ff34630526c66a433f6fd50c7ca0ed8ec7,static-scan,baseline classification retained
app/src/main/java/com/deepseekharness/app/util/InstallTask.java,source,unchanged,006a08221534e65f7d6ffc437c00bc22e00f2bb1c116bfd3faab98351d3971e3,006a08221534e65f7d6ffc437c00bc22e00f2bb1c116bfd3faab98351d3971e3,static-scan,baseline classification retained
app/src/main/java/com/deepseekharness/app/util/MaintenanceErrorText.java,source,unchanged,2cd625f4028aa3f4d0b51c3b37d349eb0a299ba2c0d25b67f9d94dbf59456ad6,2cd625f4028aa3f4d0b51c3b37d349eb0a299ba2c0d25b67f9d94dbf59456ad6,static-scan,baseline classification retained
app/src/main/java/com/deepseekharness/app/util/MaintenanceGate.java,added source/test/input; see issue ledger,new,,a55554e836235049ae19470326177ab022093f5d9d64b9bf14aa3666d276bd44,not in baseline,"changed input bound to software receipt; specific deep/behavior/device evidence in issue ledger, not blanket branch coverage"
app/src/main/java/com/deepseekharness/app/util/MaintenanceTransaction.java,source,unchanged,001e9cd765c495385a416fa258026482ed7562f78a13e8be15e5cb094e982663,001e9cd765c495385a416fa258026482ed7562f78a13e8be15e5cb094e982663,static-scan,baseline classification retained
app/src/main/java/com/deepseekharness/app/util/ManagedAssetVersion.java,source,unchanged,175a4a015565c386795a6cfba162eee8f75c6606a3d7899fa4f46f92a59bd42f,175a4a015565c386795a6cfba162eee8f75c6606a3d7899fa4f46f92a59bd42f,static-scan,baseline classification retained
app/src/main/java/com/deepseekharness/app/util/ManagedInstallPath.java,added source/test/input; see issue ledger,new,,93e8f272cc263c272f27ee2e5c4aa862cd4ecf7a932e9acf17ce0202be88af10,not in baseline,"changed input bound to software receipt; specific deep/behavior/device evidence in issue ledger, not blanket branch coverage"
app/src/main/java/com/deepseekharness/app/util/ManagedRuntimeLayout.java,source,unchanged,9409e9140db26478c92a6f54a9833d2e7590fa6430976672bee3d4b62f86b56b,9409e9140db26478c92a6f54a9833d2e7590fa6430976672bee3d4b62f86b56b,static-scan,baseline classification retained
app/src/main/java/com/deepseekharness/app/util/MicrophonePolicy.java,source,unchanged,78c6b119c8a8b3dd0a987fc4a2d869308f8069236731afd12f3870f0ca43cbd8,78c6b119c8a8b3dd0a987fc4a2d869308f8069236731afd12f3870f0ca43cbd8,static-scan,baseline classification retained
app/src/main/java/com/deepseekharness/app/util/MicrophoneRequestGate.java,source,unchanged,33e602455f691267468d76143f9fa15cfa38ca732b8932046d9ca402585750f1,33e602455f691267468d76143f9fa15cfa38ca732b8932046d9ca402585750f1,static-scan,baseline classification retained
app/src/main/java/com/deepseekharness/app/util/ModelConfiguration.java,source,unchanged,181542e7eec2100191887f711ee7d9d0ad5fc2f481ac2f19e9f0832a9e39dc56,181542e7eec2100191887f711ee7d9d0ad5fc2f481ac2f19e9f0832a9e39dc56,static-scan,baseline classification retained
app/src/main/java/com/deepseekharness/app/util/OneShotLaunchAuthority.java,source,unchanged,21c8a153d6e5fb39f6004564909d36cfd759d243e82014174e579efdf4a0da69,21c8a153d6e5fb39f6004564909d36cfd759d243e82014174e579efdf4a0da69,static-scan,baseline classification retained
app/src/main/java/com/deepseekharness/app/util/OverlayFrameBuffer.java,source,unchanged,e59f6d08b0cd781d50e27ce28ba9b58afe1199a2c40dc24bc0eada941a707e1e,e59f6d08b0cd781d50e27ce28ba9b58afe1199a2c40dc24bc0eada941a707e1e,static-scan,baseline classification retained
app/src/main/java/com/deepseekharness/app/util/PictureInPicturePolicy.java,source,unchanged,d8cf637620797392cac89afb0057e1f72b1859866b9dda331f957395c1fd9e3d,d8cf637620797392cac89afb0057e1f72b1859866b9dda331f957395c1fd9e3d,static-scan,baseline classification retained
app/src/main/java/com/deepseekharness/app/util/PluginFailureOwner.java,source,unchanged,e62b1b8cd8e42689ffb554378c256f43e7716db63d142794deb1b1d98097d0fb,e62b1b8cd8e42689ffb554378c256f43e7716db63d142794deb1b1d98097d0fb,static-scan,baseline classification retained
app/src/main/java/com/deepseekharness/app/util/PluginInstallLink.java,source,unchanged,fb25c2da8efb0bb4529703523e8737bf40e12ab793b5494189c2c0f8740f9cbc,fb25c2da8efb0bb4529703523e8737bf40e12ab793b5494189c2c0f8740f9cbc,static-scan,baseline classification retained
app/src/main/java/com/deepseekharness/app/util/PluginOutput.java,source,modified,9d05454c6075a30a9bb0934b94953890c2d78e83d3592732b6d8aeac81317deb,92b17e287417980af9f4c79667d0b80868e25217dd7857a8124fcd57bf485ca3,static-scan,"changed input bound to software receipt; specific deep/behavior/device evidence in issue ledger, not blanket branch coverage"
app/src/main/java/com/deepseekharness/app/util/PluginSort.java,source,unchanged,e52db9bf62fb6e153ea8f0f64c3358ac6f1d0c7d7331d7815f41e82d91c2967a,e52db9bf62fb6e153ea8f0f64c3358ac6f1d0c7d7331d7815f41e82d91c2967a,static-scan,baseline classification retained
app/src/main/java/com/deepseekharness/app/util/PluginSource.java,source,unchanged,7f53d3f1c803819ea44e0cd216a9a4e4a1be4a128e31eeb94e0884acbd0abf68,7f53d3f1c803819ea44e0cd216a9a4e4a1be4a128e31eeb94e0884acbd0abf68,static-scan,baseline classification retained
app/src/main/java/com/deepseekharness/app/util/PowerPolicy.java,source,unchanged,3234153ae1e6261c03fc05d968eed03c33665848b9af8f28c0dda76f41e6b83c,3234153ae1e6261c03fc05d968eed03c33665848b9af8f28c0dda76f41e6b83c,static-scan,baseline classification retained
app/src/main/java/com/deepseekharness/app/util/PreferenceValue.java,source,unchanged,9d1a03a3222ada8ebd29177ff2914aa8ace720a5e1cc183d0bd04ab1bda630ed,9d1a03a3222ada8ebd29177ff2914aa8ace720a5e1cc183d0bd04ab1bda630ed,static-scan,baseline classification retained
app/src/main/java/com/deepseekharness/app/util/PreviewNavigation.java,source,unchanged,787bfa81bffdcea92d3edad5646c1af4adb84f76e0b0dbfad7699a7dcb3235bc,787bfa81bffdcea92d3edad5646c1af4adb84f76e0b0dbfad7699a7dcb3235bc,static-scan,baseline classification retained
app/src/main/java/com/deepseekharness/app/util/ProcessIdentity.java,source,unchanged,eda09bf49cc57106c769441ca243b890b7ea2b12786bcf8a1fa9331796e1ebe9,eda09bf49cc57106c769441ca243b890b7ea2b12786bcf8a1fa9331796e1ebe9,static-scan,baseline classification retained
app/src/main/java/com/deepseekharness/app/util/ProcessOutputCapture.java,source,unchanged,605f920e18f9b5a4425ea09001d76c7f49d7ccb48a676db42fe41d523e33e5b6,605f920e18f9b5a4425ea09001d76c7f49d7ccb48a676db42fe41d523e33e5b6,static-scan,baseline classification retained
app/src/main/java/com/deepseekharness/app/util/ProcessTermination.java,source,unchanged,960bef9adf3c5d032ef27aced63069da4c47016b51324532cfbfe065f24b5b8d,960bef9adf3c5d032ef27aced63069da4c47016b51324532cfbfe065f24b5b8d,static-scan,baseline classification retained
app/src/main/java/com/deepseekharness/app/util/ProfileConfigPath.java,source,unchanged,f750dc04e4cffef6e3a644e1b0227bcbe035f2e66d02605a469cea65fd9487b6,f750dc04e4cffef6e3a644e1b0227bcbe035f2e66d02605a469cea65fd9487b6,static-scan,baseline classification retained
app/src/main/java/com/deepseekharness/app/util/Query.java,source,unchanged,f42865690572f56aebb792709e3d657cf95c8eb89aecd424ca7c80bf4a402bab,f42865690572f56aebb792709e3d657cf95c8eb89aecd424ca7c80bf4a402bab,static-scan,baseline classification retained
app/src/main/java/com/deepseekharness/app/util/Rc1MigrationResult.java,source,unchanged,8633391050d79a396774e9230e6aedd3943b5bb3388cf0ef24e392c832f8904d,8633391050d79a396774e9230e6aedd3943b5bb3388cf0ef24e392c832f8904d,static-scan,baseline classification retained
app/src/main/java/com/deepseekharness/app/util/RecoveryArchiveSource.java,source,unchanged,53f638269c568ebe453a61f415f82872c7a1bcd49f7d44e0b703f5a28e4ba004,53f638269c568ebe453a61f415f82872c7a1bcd49f7d44e0b703f5a28e4ba004,static-scan,baseline classification retained
app/src/main/java/com/deepseekharness/app/util/RecoveryBrokerProtocol.java,source,unchanged,928e35f9fd373fbfb518cda034c140e4e7a3719c6dd0ea5158c6b0b9045df6e6,928e35f9fd373fbfb518cda034c140e4e7a3719c6dd0ea5158c6b0b9045df6e6,static-scan,baseline classification retained
app/src/main/java/com/deepseekharness/app/util/RecoveryLocalePolicy.java,source,modified,fc39d7b8edc65814c8fc2ab4a65ddcda630832b74dfb7f85ee57d0f4dfb4aedb,ab3d6765b7c04c2531972fe7228440f136804907976f8752b9d29cbfb8dadf71,static-scan,"changed input bound to software receipt; specific deep/behavior/device evidence in issue ledger, not blanket branch coverage"
app/src/main/java/com/deepseekharness/app/util/RecoveryRepairPlan.java,source,unchanged,e807febdd6832168bfcc68cb8101b0b322ff099e595d4189c96473bf63b76203,e807febdd6832168bfcc68cb8101b0b322ff099e595d4189c96473bf63b76203,static-scan,baseline classification retained
app/src/main/java/com/deepseekharness/app/util/RecoveryStatusText.java,added source/test/input; see issue ledger,new,,85b01b2735ac7e415e1e11154fd7965349e25551631076ccf1934e2fba1c5196,not in baseline,"changed input bound to software receipt; specific deep/behavior/device evidence in issue ledger, not blanket branch coverage"
app/src/main/java/com/deepseekharness/app/util/RegenerableCachePaths.java,source,unchanged,09c4bc7d5924edab237bd1b53b9d8191914bae07205cf271e4560ea7859a574e,09c4bc7d5924edab237bd1b53b9d8191914bae07205cf271e4560ea7859a574e,static-scan,baseline classification retained
app/src/main/java/com/deepseekharness/app/util/ResolverConfig.java,source,unchanged,53fc685c9a9563462525152230195ac5a43fbcce30977cfb7bd513bfaec69e73,53fc685c9a9563462525152230195ac5a43fbcce30977cfb7bd513bfaec69e73,static-scan,baseline classification retained
app/src/main/java/com/deepseekharness/app/util/RestartBudget.java,source,unchanged,502d63b7a14db0ded478cb9629eeef92a06b1a245b7b0c351e5cc7c9d60119ef,502d63b7a14db0ded478cb9629eeef92a06b1a245b7b0c351e5cc7c9d60119ef,static-scan,baseline classification retained
app/src/main/java/com/deepseekharness/app/util/ResumableDownload.java,source,unchanged,49b0a11bb0bff8eac213ea5946a6ceeaad05e6aa8cd49dac8a329c7aeef38721,49b0a11bb0bff8eac213ea5946a6ceeaad05e6aa8cd49dac8a329c7aeef38721,static-scan,baseline classification retained
app/src/main/java/com/deepseekharness/app/util/RootfsBootstrap.java,source,unchanged,d0c6a003f70fa4c286f8dd617d3fdd760c5eadaf7f137c02cf162b8da7620c09,d0c6a003f70fa4c286f8dd617d3fdd760c5eadaf7f137c02cf162b8da7620c09,static-scan,baseline classification retained
app/src/main/java/com/deepseekharness/app/util/RuntimeInstanceReadiness.java,source,unchanged,bc51d6c65b9a1c562eba868fec668e448c444c173a1da1d72d773eca3cd69ad9,bc51d6c65b9a1c562eba868fec668e448c444c173a1da1d72d773eca3cd69ad9,static-scan,baseline classification retained
app/src/main/java/com/deepseekharness/app/util/RuntimeInstanceRegistry.java,source,unchanged,ac6e0adce5e3ad73fcd3959ba34bc454d94ca33faa3926a96eb2ead87fb96f60,ac6e0adce5e3ad73fcd3959ba34bc454d94ca33faa3926a96eb2ead87fb96f60,static-scan,baseline classification retained
app/src/main/java/com/deepseekharness/app/util/RuntimeTaskRegistry.java,source,unchanged,dac8fd8bb6a60cc470ad1f4b7e9be8eb6d95f0ae47648b7fdbfbf341224c488a,dac8fd8bb6a60cc470ad1f4b7e9be8eb6d95f0ae47648b7fdbfbf341224c488a,static-scan,baseline classification retained
app/src/main/java/com/deepseekharness/app/util/RuntimeTrialOutputPolicy.java,source,unchanged,b3fac7f7b971439ef6374fd8c3bd44b22aa512476cd8c23f5d196ed6518e309f,b3fac7f7b971439ef6374fd8c3bd44b22aa512476cd8c23f5d196ed6518e309f,static-scan,baseline classification retained
app/src/main/java/com/deepseekharness/app/util/RuntimeUpdateTransaction.java,source,unchanged,926c2e9c11f0c950cabe9f649a377814618fd914e59164eba2cddcce2d2b3ac7,926c2e9c11f0c950cabe9f649a377814618fd914e59164eba2cddcce2d2b3ac7,static-scan,baseline classification retained
app/src/main/java/com/deepseekharness/app/util/RuntimeWorkPort.java,added source/test/input; see issue ledger,new,,591e29a8e45820b3b27d3b6830068c23f871ac705c8d55744e96f8df7524d778,not in baseline,"changed input bound to software receipt; specific deep/behavior/device evidence in issue ledger, not blanket branch coverage"
app/src/main/java/com/deepseekharness/app/util/ScreenSessionGrant.java,source,modified,9c35a27dd1b38b7d0fb5246e9fedd2762e2aa60be01c2077d95f58a0163b3eaf,22de274bebb6b0dc5bf8c6279dda82d2a8335da90222447ac9e8a01cd7b784cb,static-scan,"changed input bound to software receipt; specific deep/behavior/device evidence in issue ledger, not blanket branch coverage"
app/src/main/java/com/deepseekharness/app/util/SensitiveData.java,source,unchanged,a100e640a13729c319f063a910edaab5284ec74c3366f2b768410a871fd54f49,a100e640a13729c319f063a910edaab5284ec74c3366f2b768410a871fd54f49,static-scan,baseline classification retained
app/src/main/java/com/deepseekharness/app/util/SharedServiceLeases.java,source,unchanged,585e9a8efc217a579c745bc31decf664e48af4e5b1eb34c0a9015ee2086cffca,585e9a8efc217a579c745bc31decf664e48af4e5b1eb34c0a9015ee2086cffca,static-scan,baseline classification retained
app/src/main/java/com/deepseekharness/app/util/ShellQuote.java,source,unchanged,fd1d1bd22d8422d57ac8d7d41814ad0c7b256f63d0442a0f3598ecd5814bf307,fd1d1bd22d8422d57ac8d7d41814ad0c7b256f63d0442a0f3598ecd5814bf307,static-scan,baseline classification retained
app/src/main/java/com/deepseekharness/app/util/SmsQuery.java,source,unchanged,5c2e7f5845bc092cfd38a8e2615d9661601b7da78dbf7da5472842c4a928ddea,5c2e7f5845bc092cfd38a8e2615d9661601b7da78dbf7da5472842c4a928ddea,static-scan,baseline classification retained
app/src/main/java/com/deepseekharness/app/util/SocketDispatch.java,source,unchanged,1e105911b15b8c64acf4c39bf07e049ff67eb93d8e740ed1aa1b96c849a113ae,1e105911b15b8c64acf4c39bf07e049ff67eb93d8e740ed1aa1b96c849a113ae,static-scan,baseline classification retained
app/src/main/java/com/deepseekharness/app/util/StartupHistoryStore.java,source,unchanged,a381762a79866da771e9d2672878ef35f4dd2123ef5ca0ba91df4efb0618e06b,a381762a79866da771e9d2672878ef35f4dd2123ef5ca0ba91df4efb0618e06b,static-scan,baseline classification retained
app/src/main/java/com/deepseekharness/app/util/StartupText.java,source,unchanged,cf46b319624da0be5ad425187f8cf370e66e11dc97cdaae06e553f9fa8fa45f2,cf46b319624da0be5ad425187f8cf370e66e11dc97cdaae06e553f9fa8fa45f2,static-scan,baseline classification retained
app/src/main/java/com/deepseekharness/app/util/StartupTrace.java,source,unchanged,25f4d2f3547f3a5946999e8d93695a1b9518e1069da93743df864713ae49ff85,25f4d2f3547f3a5946999e8d93695a1b9518e1069da93743df864713ae49ff85,static-scan,baseline classification retained
app/src/main/java/com/deepseekharness/app/util/SystemLanguage.java,source,modified,46d02be278c2894b9131877d4c7b8ac5a8f09436aa391c6fe744e87c5d8b3ce7,71148124c42f5ddf8b6ccf1a91ab9e27d779de9ea5b3e1e09de23e2a860322aa,static-scan,"changed input bound to software receipt; specific deep/behavior/device evidence in issue ledger, not blanket branch coverage"
app/src/main/java/com/deepseekharness/app/util/TerminalReady.java,added source/test/input; see issue ledger,new,,728ae17564b406fde4b9ef51a3908de21e0267d7affa372e4649815d01985a99,not in baseline,"changed input bound to software receipt; specific deep/behavior/device evidence in issue ledger, not blanket branch coverage"
app/src/main/java/com/deepseekharness/app/util/TerminalSession.java,source,modified,a5a3d1e79975ec7393f97549d10c5c3f50982fe4ec7122f64fa42ecac6d82320,72cb87b44d3c4f35fdd9ead43030b23f5ba2364b65b4f7ab7fbce421f4fcb565,static-scan,"changed input bound to software receipt; specific deep/behavior/device evidence in issue ledger, not blanket branch coverage"
app/src/main/java/com/deepseekharness/app/util/TerminalTabs.java,source,modified,4741b625708802acec06f864fdcc585d16a56e9e35af5d11834758e638b6c9b7,0dcf4ad33e69b1a9ef615bafb0ba9d25c10b5a5bc237302d78e6c133cb64ba76,static-scan,"changed input bound to software receipt; specific deep/behavior/device evidence in issue ledger, not blanket branch coverage"
app/src/main/java/com/deepseekharness/app/util/TextLogTail.java,source,unchanged,74a32a7ed788fee24c208a391c12064dc2e19704d979046f48adab280dba2164,74a32a7ed788fee24c208a391c12064dc2e19704d979046f48adab280dba2164,static-scan,baseline classification retained
app/src/main/java/com/deepseekharness/app/util/UiLanguagePreference.java,source,unchanged,769df3c94884260af57c175972644f3fa0753a1b07168e385d6599fbb3e9ce00,769df3c94884260af57c175972644f3fa0753a1b07168e385d6599fbb3e9ce00,static-scan,baseline classification retained
app/src/main/java/com/deepseekharness/app/util/UiStateText.java,source,unchanged,6ed43e10da05ec2defba2132c2877d883be3d8bbbc12b8708082d8aa5f99eb41,6ed43e10da05ec2defba2132c2877d883be3d8bbbc12b8708082d8aa5f99eb41,static-scan,baseline classification retained
app/src/main/java/com/deepseekharness/app/util/UiText.java,source,unchanged,10b80758a4f2208ab9e0e8a0dd2020ff12a9596c5db0946bbd0084f9b93e06f2,10b80758a4f2208ab9e0e8a0dd2020ff12a9596c5db0946bbd0084f9b93e06f2,static-scan,baseline classification retained
app/src/main/java/com/deepseekharness/app/util/UiThemePreference.java,source,unchanged,82716b521d4cd0ec8d2b1472474a7d4baa6c89f61bb8f214f473ca8a38a48606,82716b521d4cd0ec8d2b1472474a7d4baa6c89f61bb8f214f473ca8a38a48606,static-scan,baseline classification retained
app/src/main/java/com/deepseekharness/app/util/UpdatePolicy.java,source,unchanged,7d1fe756f69b79495bb90f79c0d0b31350807c1b56f916acfdaa30524f6ac644,7d1fe756f69b79495bb90f79c0d0b31350807c1b56f916acfdaa30524f6ac644,static-scan,baseline classification retained
app/src/main/java/com/deepseekharness/app/util/VirtualScreenPolicy.java,source,unchanged,c0cf6f106c1ad8a08bc6c374f2b6ad250c13b8f75ea5d8085354f11e13295e32,c0cf6f106c1ad8a08bc6c374f2b6ad250c13b8f75ea5d8085354f11e13295e32,static-scan,baseline classification retained
app/src/main/java/com/deepseekharness/app/util/VirtualScreenRoutes.java,source,unchanged,c0a0e61212bf793e643428a5d78087e8435c8ffb222c203f0116f5912da10114,c0a0e61212bf793e643428a5d78087e8435c8ffb222c203f0116f5912da10114,static-scan,baseline classification retained
app/src/main/java/com/deepseekharness/app/util/WebLifecycle.java,source,unchanged,fc0c7a8f4f18194c140564c262e697e2c621627c700b8e132d01145b70bf4a7a,fc0c7a8f4f18194c140564c262e697e2c621627c700b8e132d01145b70bf4a7a,static-scan,baseline classification retained
app/src/main/java/com/deepseekharness/app/util/WebPidIdentity.java,source,unchanged,297561f0b7b2e308e4cdb2c81da19264be537ca85da4418cdad69f5195bf333d,297561f0b7b2e308e4cdb2c81da19264be537ca85da4418cdad69f5195bf333d,static-scan,baseline classification retained
app/src/main/java/com/deepseekharness/app/util/WebPortPolicy.java,source,unchanged,d158407e2463a43b875e986feee3ed692159da90c186c1d7a0cf2f47fd3aff9a,d158407e2463a43b875e986feee3ed692159da90c186c1d7a0cf2f47fd3aff9a,static-scan,baseline classification retained
app/src/main/java/com/deepseekharness/app/util/WebPreviewPolicy.java,source,unchanged,280340031c444218a7143632fee686040a4f27e1de812f934b218eb06f60c25d,280340031c444218a7143632fee686040a4f27e1de812f934b218eb06f60c25d,static-scan,baseline classification retained
app/src/main/java/com/deepseekharness/app/util/WebProcSel.java,source,unchanged,4040081d6d05de1150a3f55a28f64a8ba3bd0e46c7169675a724eb3693150720,4040081d6d05de1150a3f55a28f64a8ba3bd0e46c7169675a724eb3693150720,static-scan,baseline classification retained
app/src/main/java/com/deepseekharness/app/util/WebRuntimeFallback.java,source,unchanged,4d1917bfcee13bd34dcfa5c97c514e4eeeb78dae9ad5b78c15f6fdcd120bcc8c,4d1917bfcee13bd34dcfa5c97c514e4eeeb78dae9ad5b78c15f6fdcd120bcc8c,static-scan,baseline classification retained
app/src/main/java/com/deepseekharness/app/util/WebStopEvidence.java,source,unchanged,5193ea9541576cce086ae8b28911127b4420e07e99093eef0f4f40d9ce7b4d4b,5193ea9541576cce086ae8b28911127b4420e07e99093eef0f4f40d9ce7b4d4b,static-scan,baseline classification retained
app/src/main/java/com/deepseekharness/app/util/WebTransferPolicy.java,source,unchanged,e367f4e7fa45e0a8eaab655b0b8e8a34616a5a779f4b2582fe1bb1691f333837,e367f4e7fa45e0a8eaab655b0b8e8a34616a5a779f4b2582fe1bb1691f333837,static-scan,baseline classification retained
app/src/main/java/com/deepseekharness/app/util/WebUploadSessionBudget.java,source,unchanged,7c47f767f2bcdcadf6da327dbd06d7b23a526af3ec75c42e12c8f8fb4eab1ccb,7c47f767f2bcdcadf6da327dbd06d7b23a526af3ec75c42e12c8f8fb4eab1ccb,static-scan,baseline classification retained
app/src/main/java/com/deepseekharness/app/vscreen/VirtualScreenAccessibility.java,source,unchanged,7e095cbc208bffb94bfa37aa55542727216bb22a3c1dc48fb7d7212ff0c9d1d3,7e095cbc208bffb94bfa37aa55542727216bb22a3c1dc48fb7d7212ff0c9d1d3,static-scan,baseline classification retained
app/src/main/java/com/deepseekharness/app/vscreen/VirtualScreenActivity.java,source,unchanged,56654bd99e15391bd1008db84e7defa4b75438e6c0ec2b28b4a8ec90c5d52128,56654bd99e15391bd1008db84e7defa4b75438e6c0ec2b28b4a8ec90c5d52128,static-scan,baseline classification retained
app/src/main/java/com/deepseekharness/app/vscreen/VirtualScreenChannel.java,source,unchanged,4a1e1456e207f94441522d0c85c19e8b284dd1671d76a7d73b39626d637528bf,4a1e1456e207f94441522d0c85c19e8b284dd1671d76a7d73b39626d637528bf,static-scan,baseline classification retained
app/src/main/java/com/deepseekharness/app/vscreen/VirtualScreenChannels.java,source,unchanged,8e441c6482131956eca5caba336b94ae02cece2fe5a2ad2b418d2102907c87de,8e441c6482131956eca5caba336b94ae02cece2fe5a2ad2b418d2102907c87de,static-scan,baseline classification retained
app/src/main/java/com/deepseekharness/app/vscreen/VirtualScreenCore.java,source,unchanged,1c931934b68a9e165abe2101e62d30305e6426ede3d8feb036d7f3e5aefe6e29,1c931934b68a9e165abe2101e62d30305e6426ede3d8feb036d7f3e5aefe6e29,static-scan,baseline classification retained
app/src/main/java/com/deepseekharness/app/vscreen/VirtualScreenForeground.java,source,unchanged,243ab33bb0de3e1d7a85ab831ad2ca85ae8c637ae87fa96eac738e2f9be03f6e,243ab33bb0de3e1d7a85ab831ad2ca85ae8c637ae87fa96eac738e2f9be03f6e,static-scan,baseline classification retained
app/src/main/java/com/deepseekharness/app/vscreen/VirtualScreenInput.java,source,unchanged,81fb77e025fca01d8d71f87fc26d743b9511e1e154d2e2f96605e496608069d1,81fb77e025fca01d8d71f87fc26d743b9511e1e154d2e2f96605e496608069d1,static-scan,baseline classification retained
app/src/main/java/com/deepseekharness/app/vscreen/VirtualScreenManager.java,source,modified,432d2bf2ff7010c7f1f73fd1067fb56714ef6a3fecd2be9d9f3d417577c4f469,042e3aa747996d4d197aff2ff5f749ff6d127005ffa9b4aa5c1e269626372784,static-scan,"changed input bound to software receipt; specific deep/behavior/device evidence in issue ledger, not blanket branch coverage"
app/src/main/java/com/deepseekharness/app/vscreen/VirtualScreenOverlayController.java,source,unchanged,494bd5fa4db09caf616be1c2c4ec5882779f0e158b0d5f407663c2f5c58e5de1,494bd5fa4db09caf616be1c2c4ec5882779f0e158b0d5f407663c2f5c58e5de1,static-scan,baseline classification retained
app/src/main/java/com/deepseekharness/app/vscreen/VirtualScreenPreviewView.java,source,unchanged,2f952a820a487b4cb6955f1879397988acb158bff4931b5e17cd9d5fd61fa64d,2f952a820a487b4cb6955f1879397988acb158bff4931b5e17cd9d5fd61fa64d,static-scan,baseline classification retained
app/src/main/jniLibs/arm64-v8a/libandroidshmem.so,binary-or-resource,unchanged,84475798e07c8174dbbfaec70a827fdb02f19ffa69a589380c13e7507fd0e731,84475798e07c8174dbbfaec70a827fdb02f19ffa69a589380c13e7507fd0e731,enumerated,baseline classification retained
app/src/main/jniLibs/arm64-v8a/libdsha-session.so,binary-or-resource,modified,8aba03d378d445a5a18036cf33e1367b2e6db0c823f99c1d4b97bc35e087ab46,0ab7a3c3a944d7237bfd5107a9fd670a2b5708c4dd50490e049b697e1d23034d,enumerated,"changed input bound to software receipt; specific deep/behavior/device evidence in issue ledger, not blanket branch coverage"
app/src/main/jniLibs/arm64-v8a/libproot.so,binary-or-resource,unchanged,cbde86eb01b58413f9e4673e182caca5440e8fc4af8482a0e23d0faa0846f721,cbde86eb01b58413f9e4673e182caca5440e8fc4af8482a0e23d0faa0846f721,enumerated,baseline classification retained
app/src/main/jniLibs/arm64-v8a/libprootloader.so,binary-or-resource,unchanged,a2cbccfc776e23225b75e6700dd1990fcd505d2e973f5bfa19c76642d4e41c7d,a2cbccfc776e23225b75e6700dd1990fcd505d2e973f5bfa19c76642d4e41c7d,enumerated,baseline classification retained
app/src/main/jniLibs/arm64-v8a/libprootloader32.so,binary-or-resource,unchanged,4c649eb2dce258c9111231940fdbf0474bcf1cd6dd447ad9bdf2898b35a85554,4c649eb2dce258c9111231940fdbf0474bcf1cd6dd447ad9bdf2898b35a85554,enumerated,baseline classification retained
app/src/main/jniLibs/arm64-v8a/libproroot-bridge.so,binary-or-resource,unchanged,1c5bc9537a270e8bf8b1c70222813f57b60b828bfb5503ddf8fe37685092de2f,1c5bc9537a270e8bf8b1c70222813f57b60b828bfb5503ddf8fe37685092de2f,enumerated,baseline classification retained
app/src/main/jniLibs/arm64-v8a/libproroot-linker.so,binary-or-resource,unchanged,51a0ec5bfed00e572a0de09e22d9057e2befc386b78e426613d3e0ab03f4ecee,51a0ec5bfed00e572a0de09e22d9057e2befc386b78e426613d3e0ab03f4ecee,enumerated,baseline classification retained
app/src/main/jniLibs/arm64-v8a/libproroot-runtime.so,binary-or-resource,unchanged,8c47a0a7db32d84c179ebb5bf3640f655a3181860ece5886ae44d92858730c34,8c47a0a7db32d84c179ebb5bf3640f655a3181860ece5886ae44d92858730c34,enumerated,baseline classification retained
app/src/main/jniLibs/arm64-v8a/libproroot-stub-loader.so,binary-or-resource,unchanged,06c6624db3bdc45b9ced151cd781df439a37b47731d244b93e9d6a58cd48cde0,06c6624db3bdc45b9ced151cd781df439a37b47731d244b93e9d6a58cd48cde0,enumerated,baseline classification retained
app/src/main/jniLibs/arm64-v8a/libproroot.so,binary-or-resource,unchanged,a4e74d75b66cdc02b080adfe863dbf9951c3b30610d77beddc95488d5fe5de01,a4e74d75b66cdc02b080adfe863dbf9951c3b30610d77beddc95488d5fe5de01,enumerated,baseline classification retained
app/src/main/jniLibs/arm64-v8a/libtalloc.so,binary-or-resource,unchanged,3c9b207c0a6ea2896b7523e03f55d9ab0d9e88baa115d4c32b84058ff4246fbb,3c9b207c0a6ea2896b7523e03f55d9ab0d9e88baa115d4c32b84058ff4246fbb,enumerated,baseline classification retained
app/src/main/jniLibs/arm64-v8a/libtermux.so,binary-or-resource,unchanged,0c6b87759cb35f2ae8265155d3d669d511b43dbddab5831b6f55904833676147,0c6b87759cb35f2ae8265155d3d669d511b43dbddab5831b6f55904833676147,enumerated,baseline classification retained
app/src/main/res/anim/dialog_enter.xml,resource,unchanged,f656336337bcd08c13ed93967b9cf6d6f6bba92f50e35b1f4c683f6e4e117b19,f656336337bcd08c13ed93967b9cf6d6f6bba92f50e35b1f4c683f6e4e117b19,enumerated,baseline classification retained
app/src/main/res/anim/page_enter.xml,resource,unchanged,360b3947de40a60b3410499bef2f2f1815db00b7c38a16dc21bef5977168d519,360b3947de40a60b3410499bef2f2f1815db00b7c38a16dc21bef5977168d519,enumerated,baseline classification retained
app/src/main/res/anim/page_exit.xml,resource,unchanged,91acccbeba0a4764ffb258ab665db38c2ec5cc4e24006ad9327a2114c0b80de6,91acccbeba0a4764ffb258ab665db38c2ec5cc4e24006ad9327a2114c0b80de6,enumerated,baseline classification retained
app/src/main/res/color/action_text.xml,resource,unchanged,dccc5cc4b4cc38694f7776698096ec56a8c07de43d9b746901a761ebc102fcc3,dccc5cc4b4cc38694f7776698096ec56a8c07de43d9b746901a761ebc102fcc3,enumerated,baseline classification retained
app/src/main/res/color/button_danger_text.xml,resource,unchanged,1cb1afcd3ec2c896dc368f46c4d34c29cd24acfe0b5b022fed7c8582d7d0aa7a,1cb1afcd3ec2c896dc368f46c4d34c29cd24acfe0b5b022fed7c8582d7d0aa7a,enumerated,baseline classification retained
app/src/main/res/color/button_primary_text.xml,resource,unchanged,bfc0f42da460bf195cadf15ceac45b9f7ad228b13636e3a31b461463236f9871,bfc0f42da460bf195cadf15ceac45b9f7ad228b13636e3a31b461463236f9871,enumerated,baseline classification retained
app/src/main/res/color/button_text.xml,resource,unchanged,e2a2883731ea12fb13803a4da37d328979f2b5c4db93784b3380bcb16eaed8e1,e2a2883731ea12fb13803a4da37d328979f2b5c4db93784b3380bcb16eaed8e1,enumerated,baseline classification retained
app/src/main/res/color/nav_item_tint.xml,resource,unchanged,75808dd1c8166e219aa27e7c5b3d2fa64b41bde9cef4604778b5acbe4116baf6,75808dd1c8166e219aa27e7c5b3d2fa64b41bde9cef4604778b5acbe4116baf6,enumerated,baseline classification retained
app/src/main/res/drawable-nodpi/dsha_brand.png,resource,unchanged,83b8b8bb30a3687ef124d90036af377b2fb38f0f4de5468fee49c2c337b5abc6,83b8b8bb30a3687ef124d90036af377b2fb38f0f4de5468fee49c2c337b5abc6,enumerated,baseline classification retained
app/src/main/res/drawable/bg_action_plain.xml,resource,unchanged,30d4a8dded5bcc3a15241280fa452fba5dc5d1bc8bb9f47941a7ae6aa8612ffd,30d4a8dded5bcc3a15241280fa452fba5dc5d1bc8bb9f47941a7ae6aa8612ffd,enumerated,baseline classification retained
app/src/main/res/drawable/bg_btn.xml,resource,unchanged,5aaffb480d85b12203a049ce084c47e4ba0e431d7a6974b71e3f6e6626f6c2cb,5aaffb480d85b12203a049ce084c47e4ba0e431d7a6974b71e3f6e6626f6c2cb,enumerated,baseline classification retained
app/src/main/res/drawable/bg_btn_danger.xml,resource,unchanged,91536161032621fbd40a26df33eca6615eaa60a98a3d23c8b314a4ae860568c6,91536161032621fbd40a26df33eca6615eaa60a98a3d23c8b314a4ae860568c6,enumerated,baseline classification retained
app/src/main/res/drawable/bg_btn_primary.xml,resource,unchanged,639c4e5c1fff9ae13f8b5a54bf5ff2c24e61ea5933f1d74f12cafc3e5b796bdb,639c4e5c1fff9ae13f8b5a54bf5ff2c24e61ea5933f1d74f12cafc3e5b796bdb,enumerated,baseline classification retained
app/src/main/res/drawable/bg_card.xml,resource,unchanged,5b07fe641ff46852844b075b0ca99af843b765fcaed416ddf4f5b78ebd916a25,5b07fe641ff46852844b075b0ca99af843b765fcaed416ddf4f5b78ebd916a25,enumerated,baseline classification retained
app/src/main/res/drawable/bg_chip.xml,resource,unchanged,4daef0d4a07e79d6ff786ccdd806e5396d2699d1e61053708ead55eb21361f9f,4daef0d4a07e79d6ff786ccdd806e5396d2699d1e61053708ead55eb21361f9f,enumerated,baseline classification retained
app/src/main/res/drawable/bg_chip_clickable.xml,resource,unchanged,9e1194f87d8e259e4cb44055cd16ebfe2b3f5d31413d3bd2ab3b005ac9228d3c,9e1194f87d8e259e4cb44055cd16ebfe2b3f5d31413d3bd2ab3b005ac9228d3c,enumerated,baseline classification retained
app/src/main/res/drawable/bg_device_card.xml,resource,unchanged,e0d4f64872a04f5db5b73b722df16f87699569961151e565a79de27159f95540,e0d4f64872a04f5db5b73b722df16f87699569961151e565a79de27159f95540,enumerated,baseline classification retained
app/src/main/res/drawable/bg_device_tint.xml,resource,unchanged,9e0a54caec7ed44e219d8c88482e603c6692927b8666d5817a1acefbdb25fe29,9e0a54caec7ed44e219d8c88482e603c6692927b8666d5817a1acefbdb25fe29,enumerated,baseline classification retained
app/src/main/res/drawable/bg_dialog_button.xml,resource,unchanged,08de426ffe0f808cf1bcfd15c414da388ccfdac891ed876b8995f67f24b40da1,08de426ffe0f808cf1bcfd15c414da388ccfdac891ed876b8995f67f24b40da1,enumerated,baseline classification retained
app/src/main/res/drawable/bg_error_box.xml,resource,unchanged,7df42d2373ff8988e877ccbf970a39a79607cddd401d5325b1e8b84e44acd50e,7df42d2373ff8988e877ccbf970a39a79607cddd401d5325b1e8b84e44acd50e,enumerated,baseline classification retained
app/src/main/res/drawable/bg_input.xml,resource,unchanged,bdd167ef2c90c74408438e37698d08f25239665d9f7a3d1a607071f39e9585fc,bdd167ef2c90c74408438e37698d08f25239665d9f7a3d1a607071f39e9585fc,enumerated,baseline classification retained
app/src/main/res/drawable/bg_logo.xml,resource,unchanged,ece0bbe0f12c6f2395eb3c2396aa2e213222a3ff191d4e7a81c05a5dd462242d,ece0bbe0f12c6f2395eb3c2396aa2e213222a3ff191d4e7a81c05a5dd462242d,enumerated,baseline classification retained
app/src/main/res/drawable/bg_plugin_segment.xml,resource,unchanged,02e6fd9e2069bffd37d72c21b94679f50b9dacb8b02c0938e177d0f67f25c2c0,02e6fd9e2069bffd37d72c21b94679f50b9dacb8b02c0938e177d0f67f25c2c0,enumerated,baseline classification retained
app/src/main/res/drawable/bg_polished_action.xml,resource,unchanged,d74486c4ab1dc4c0696dea39389cf4f3f22ecf97034d5fd1121b1989606f6813,d74486c4ab1dc4c0696dea39389cf4f3f22ecf97034d5fd1121b1989606f6813,enumerated,baseline classification retained
app/src/main/res/drawable/bg_preview.xml,resource,unchanged,b9aeb27fa38de7586e3e994380db2fb6959ceb426928183da0c21900a5887c1e,b9aeb27fa38de7586e3e994380db2fb6959ceb426928183da0c21900a5887c1e,enumerated,baseline classification retained
app/src/main/res/drawable/bg_recovery_action.xml,resource,unchanged,f5ae0455f7e483770917b0ba9693e9cf689b56015c8f11d618f298f7360bdcb5,f5ae0455f7e483770917b0ba9693e9cf689b56015c8f11d618f298f7360bdcb5,enumerated,baseline classification retained
app/src/main/res/drawable/bg_recovery_emblem.xml,resource,unchanged,7c8ed5aa7c2da7389fdda77d838186960e2b66f11177f18e3140d902ea19939f,7c8ed5aa7c2da7389fdda77d838186960e2b66f11177f18e3140d902ea19939f,enumerated,baseline classification retained
app/src/main/res/drawable/bg_selection.xml,resource,unchanged,a772378093a468c1c1df8ca023c64dc4cacf44197556f0c9420eaa56b7c2dbda,a772378093a468c1c1df8ca023c64dc4cacf44197556f0c9420eaa56b7c2dbda,enumerated,baseline classification retained
app/src/main/res/drawable/bg_terminal.xml,resource,unchanged,1519ec0415024f6c0d248382a614f9fc1b522d9a6be65b7d2b557d4cc1234652,1519ec0415024f6c0d248382a614f9fc1b522d9a6be65b7d2b557d4cc1234652,enumerated,baseline classification retained
app/src/main/res/drawable/bg_ui2_console.xml,resource,unchanged,5e9e39a587d156285ad20e62b6dcfbf74e9685a5e9b2c53328cbf43318929529,5e9e39a587d156285ad20e62b6dcfbf74e9685a5e9b2c53328cbf43318929529,enumerated,baseline classification retained
app/src/main/res/drawable/bg_ui2_dot.xml,resource,unchanged,99e1396f20264bfbaf27a852aad263645fcca47505b1d5814eee8211e6e4e17d,99e1396f20264bfbaf27a852aad263645fcca47505b1d5814eee8211e6e4e17d,enumerated,baseline classification retained
app/src/main/res/drawable/bg_ui2_mark.xml,resource,unchanged,fe5365975cb4222e47069744e7b6dd0f41b3d8a77bfc394ed95a4f65f3a065c8,fe5365975cb4222e47069744e7b6dd0f41b3d8a77bfc394ed95a4f65f3a065c8,enumerated,baseline classification retained
app/src/main/res/drawable/bg_ui2_orbit.xml,resource,unchanged,82c36ba4694ab28b10a04b4d400825a60087c3b3bf076162458aae4fede874a4,82c36ba4694ab28b10a04b4d400825a60087c3b3bf076162458aae4fede874a4,enumerated,baseline classification retained
app/src/main/res/drawable/bg_ui2_row.xml,resource,unchanged,f569ada65885b14564fde580b52ed9adc278cf42cbccdd9592d411994bd5f1c8,f569ada65885b14564fde580b52ed9adc278cf42cbccdd9592d411994bd5f1c8,enumerated,baseline classification retained
app/src/main/res/drawable/dot_active.xml,resource,unchanged,f71c832601595349bc168d61fd2233bd3bf1eb9064519e1774c9b6c0088367a4,f71c832601595349bc168d61fd2233bd3bf1eb9064519e1774c9b6c0088367a4,enumerated,baseline classification retained
app/src/main/res/drawable/dot_inactive.xml,resource,unchanged,af0610a2f8a46fab7d5df356f785865e511c2933980337f8866980d2d5459329,af0610a2f8a46fab7d5df356f785865e511c2933980337f8866980d2d5459329,enumerated,baseline classification retained
app/src/main/res/drawable/dsha_launcher_foreground.xml,resource,unchanged,9972d7ce7c322386ed6bde44d82f0cf7d59e73d7c07ffa6d0621d6baa613a188,9972d7ce7c322386ed6bde44d82f0cf7d59e73d7c07ffa6d0621d6baa613a188,enumerated,baseline classification retained
app/src/main/res/drawable/ic_about.xml,resource,unchanged,ef94d8525a132b1dabbea82e016197e3e32bfc6679c63696f196455814994c9e,ef94d8525a132b1dabbea82e016197e3e32bfc6679c63696f196455814994c9e,enumerated,baseline classification retained
app/src/main/res/drawable/ic_chevron_down.xml,resource,unchanged,61f3b7bc67fc39511da4746555c6d0d2227c0e6055c26fb8b523d40e5a11f5d4,61f3b7bc67fc39511da4746555c6d0d2227c0e6055c26fb8b523d40e5a11f5d4,enumerated,baseline classification retained
app/src/main/res/drawable/ic_launch.xml,resource,unchanged,6f778f666fd79d4c09a3098c57ad4e73d8c50b123a7fce34b98d83206aa11aa9,6f778f666fd79d4c09a3098c57ad4e73d8c50b123a7fce34b98d83206aa11aa9,enumerated,baseline classification retained
app/src/main/res/drawable/ic_pip_landscape.xml,resource,unchanged,92d5e558d2acad5d4e86127fdb5327a6e017ef8c9d59923cbc1408b92df815c0,92d5e558d2acad5d4e86127fdb5327a6e017ef8c9d59923cbc1408b92df815c0,enumerated,baseline classification retained
app/src/main/res/drawable/ic_pip_portrait.xml,resource,unchanged,00f37bd55f89b444248cc01835abaefe3959f08af8a465b02afbc02bb627ec2e,00f37bd55f89b444248cc01835abaefe3959f08af8a465b02afbc02bb627ec2e,enumerated,baseline classification retained
app/src/main/res/drawable/ic_plugin_scan.xml,resource,unchanged,295239343f8df7c7f46cc15a0451955f0e6747ec99333f0c61c03cb5678890eb,295239343f8df7c7f46cc15a0451955f0e6747ec99333f0c61c03cb5678890eb,enumerated,baseline classification retained
app/src/main/res/drawable/ic_plugins.xml,resource,unchanged,66285be6221f423de14eacea27f495c51c840b905b09afcea33693b78fa7606a,66285be6221f423de14eacea27f495c51c840b905b09afcea33693b78fa7606a,enumerated,baseline classification retained
app/src/main/res/drawable/ic_recovery_clock.xml,resource,unchanged,00d1215cf317c1306948b582b02ee63157c8c3f31cb2ed66f6d520eb00efa1dd,00d1215cf317c1306948b582b02ee63157c8c3f31cb2ed66f6d520eb00efa1dd,enumerated,baseline classification retained
app/src/main/res/drawable/ic_recovery_database.xml,resource,unchanged,e6d8f42fbcf3fee5e53ce9511e4b6574d35b13c31d5a8856c73d94734fb9cd49,e6d8f42fbcf3fee5e53ce9511e4b6574d35b13c31d5a8856c73d94734fb9cd49,enumerated,baseline classification retained
app/src/main/res/drawable/ic_recovery_document.xml,resource,unchanged,5cf6db421d299f733e148ee22fa2f5ec47052e1cc6625b7d7e953977e260f764,5cf6db421d299f733e148ee22fa2f5ec47052e1cc6625b7d7e953977e260f764,enumerated,baseline classification retained
app/src/main/res/drawable/ic_recovery_gear.xml,resource,unchanged,ea1d49cb95f438eec1564ddb1d32384f9baaa5564b2069c3b2e6f36652aa5ee4,ea1d49cb95f438eec1564ddb1d32384f9baaa5564b2069c3b2e6f36652aa5ee4,enumerated,baseline classification retained
app/src/main/res/drawable/ic_recovery_new_file.xml,resource,unchanged,3c4acae8db6bff6168124a37951279534ce02ac3c2201d1f8c3dd0364cc6795d,3c4acae8db6bff6168124a37951279534ce02ac3c2201d1f8c3dd0364cc6795d,enumerated,baseline classification retained
app/src/main/res/drawable/ic_recovery_refresh.xml,resource,unchanged,2c3a20089f9a159aff90ede0a9ea81cbee1eb16c87518e2f38d33a86f386f9a5,2c3a20089f9a159aff90ede0a9ea81cbee1eb16c87518e2f38d33a86f386f9a5,enumerated,baseline classification retained
app/src/main/res/drawable/ic_recovery_right.xml,resource,unchanged,e7596282bb65b1ec06dd782c9f3b949be9b7bbee8fec9071709fe59ede897d20,e7596282bb65b1ec06dd782c9f3b949be9b7bbee8fec9071709fe59ede897d20,enumerated,baseline classification retained
app/src/main/res/drawable/ic_recovery_shield.xml,resource,unchanged,5a792eb814cf0135c3d08c3de9f52a2c570778f9942007c197274e4b80664802,5a792eb814cf0135c3d08c3de9f52a2c570778f9942007c197274e4b80664802,enumerated,baseline classification retained
app/src/main/res/drawable/ic_recovery_wrench.xml,resource,unchanged,cc3eed9e8503c8a024a64584d17fa096251a8bfc974078697702a513166dffd2,cc3eed9e8503c8a024a64584d17fa096251a8bfc974078697702a513166dffd2,enumerated,baseline classification retained
app/src/main/res/drawable/ic_settings.xml,resource,unchanged,efb4cc5dfe5745bd7f503270f87aaff5e8fb6f4a8361c3cd38e886cc7a63a483,efb4cc5dfe5745bd7f503270f87aaff5e8fb6f4a8361c3cd38e886cc7a63a483,enumerated,baseline classification retained
app/src/main/res/drawable/ic_terminal.xml,resource,unchanged,9726b4da7224122ae7d6ebd49be31a233e8a9b4e9bad1fd1e5babd5dcaffd2f2,9726b4da7224122ae7d6ebd49be31a233e8a9b4e9bad1fd1e5babd5dcaffd2f2,enumerated,baseline classification retained
app/src/main/res/drawable/ic_ui2_box.xml,resource,unchanged,88ab01031e1ce41b8ad71be7ef03acd3fa3bbc2b470b89ead5e9c0dc074c5693,88ab01031e1ce41b8ad71be7ef03acd3fa3bbc2b470b89ead5e9c0dc074c5693,enumerated,baseline classification retained
app/src/main/res/drawable/ic_ui2_chevron.xml,resource,unchanged,c96ef9437436fb2e2a18fb14f60b3a33287efec65b039f457021e5a6caded921,c96ef9437436fb2e2a18fb14f60b3a33287efec65b039f457021e5a6caded921,enumerated,baseline classification retained
app/src/main/res/drawable/ic_ui2_folder.xml,resource,unchanged,ae5f4ac696eb551c294c6246ab70e8bff47708e3d463f3f66bfd6c96c972b6a2,ae5f4ac696eb551c294c6246ab70e8bff47708e3d463f3f66bfd6c96c972b6a2,enumerated,baseline classification retained
app/src/main/res/drawable/ic_ui2_moon.xml,resource,unchanged,6e383d916dddfd11a2d052b0a1641f3fc3fa73c713706854639cd068fc7bf02e,6e383d916dddfd11a2d052b0a1641f3fc3fa73c713706854639cd068fc7bf02e,enumerated,baseline classification retained
app/src/main/res/drawable/ic_ui2_prompt.xml,resource,unchanged,7eb788d26a77d0de0b190df6dbaa9b44348647c5a3b6f5f752d9e5dbf38e2718,7eb788d26a77d0de0b190df6dbaa9b44348647c5a3b6f5f752d9e5dbf38e2718,enumerated,baseline classification retained
app/src/main/res/drawable/ic_ui2_sun.xml,resource,unchanged,340e7fac1157e38d72b82bcc1a62137f7ed1fc1cb81291c11a42615b26c47b98,340e7fac1157e38d72b82bcc1a62137f7ed1fc1cb81291c11a42615b26c47b98,enumerated,baseline classification retained
app/src/main/res/drawable/ic_ui_back.xml,resource,unchanged,ef4a18f89c6539e3e5fd4e0389fd7caa257fe95b7598666c4edc6e950994bc4a,ef4a18f89c6539e3e5fd4e0389fd7caa257fe95b7598666c4edc6e950994bc4a,enumerated,baseline classification retained
app/src/main/res/drawable/ic_ui_chat.xml,resource,unchanged,c75750b34f1452cd011238302f287728889ce818a47cc429593eb0e252686a7c,c75750b34f1452cd011238302f287728889ce818a47cc429593eb0e252686a7c,enumerated,baseline classification retained
app/src/main/res/drawable/ic_ui_chevron.xml,resource,unchanged,efe31265d9e01c6bb41c488ea2152a3e3e04313366c91dee8195121a4602c504,efe31265d9e01c6bb41c488ea2152a3e3e04313366c91dee8195121a4602c504,enumerated,baseline classification retained
app/src/main/res/drawable/ic_ui_copy.xml,resource,unchanged,a838059ae76f436e19901ce199f46d55e8ebeeeda8198f9fe49fc795b9464ea5,a838059ae76f436e19901ce199f46d55e8ebeeeda8198f9fe49fc795b9464ea5,enumerated,baseline classification retained
app/src/main/res/drawable/ic_ui_export.xml,resource,unchanged,8ce9f15bfe45ef9525ca76de7c7bb28048f91536d5ef559705180df5d9580f71,8ce9f15bfe45ef9525ca76de7c7bb28048f91536d5ef559705180df5d9580f71,enumerated,baseline classification retained
app/src/main/res/drawable/ic_ui_import.xml,resource,unchanged,7c4f8fdab4425642e8a78be83808ba2b04b02ba9a5abc1afd5ce4d387c212c00,7c4f8fdab4425642e8a78be83808ba2b04b02ba9a5abc1afd5ce4d387c212c00,enumerated,baseline classification retained
app/src/main/res/drawable/ic_ui_info.xml,resource,unchanged,939327639042761e7d84469bafab13e5bdfccdba019e585341b6ee0bcbc3db4c,939327639042761e7d84469bafab13e5bdfccdba019e585341b6ee0bcbc3db4c,enumerated,baseline classification retained
app/src/main/res/drawable/ic_ui_language.xml,resource,unchanged,8ba88eaad84fdee12aa5985d40ba392a3ff60b431b3cbd3f5e7600cf3bb619b3,8ba88eaad84fdee12aa5985d40ba392a3ff60b431b3cbd3f5e7600cf3bb619b3,enumerated,baseline classification retained
app/src/main/res/drawable/ic_ui_link.xml,resource,unchanged,3ed13bf7cc5e8e914d7d317c4dea6cc940b7427d11fd17a23bc641f167f0f42f,3ed13bf7cc5e8e914d7d317c4dea6cc940b7427d11fd17a23bc641f167f0f42f,enumerated,baseline classification retained
app/src/main/res/drawable/ic_ui_search.xml,resource,unchanged,143180340869641b0c1508f5f2d22b7d2748b0421b6cbe6cca2a9c83289e83b9,143180340869641b0c1508f5f2d22b7d2748b0421b6cbe6cca2a9c83289e83b9,enumerated,baseline classification retained
app/src/main/res/drawable/ic_ui_shield.xml,resource,unchanged,9a741d46264744f8c710282fb47fcba1126c55619b39ebef691ab841dc9b450a,9a741d46264744f8c710282fb47fcba1126c55619b39ebef691ab841dc9b450a,enumerated,baseline classification retained
app/src/main/res/drawable/ic_ui_tasks.xml,resource,unchanged,386e7c1fc2dc6adf60bdc6e513a6728cca96f119ce1f6175eeefd1908419156d,386e7c1fc2dc6adf60bdc6e513a6728cca96f119ce1f6175eeefd1908419156d,enumerated,baseline classification retained
app/src/main/res/drawable/progress_determinate.xml,resource,unchanged,b54d04ad0f37dbbee180b85efa6ee542a2cccd6a3b3d0bdc3656716dccd4e21d,b54d04ad0f37dbbee180b85efa6ee542a2cccd6a3b3d0bdc3656716dccd4e21d,enumerated,baseline classification retained
app/src/main/res/layout/activity_adb_pair.xml,resource,unchanged,b15f1ce4cb2ab37634f2d3a11e5ad77fb855a259ab7aa92fc7c96d175024f6a0,b15f1ce4cb2ab37634f2d3a11e5ad77fb855a259ab7aa92fc7c96d175024f6a0,enumerated,baseline classification retained
app/src/main/res/layout/activity_diagnostics.xml,resource,unchanged,b3786f395f9295680afa0b9eadc9444e37ca1ba63f5866f4495241aa60eb66a2,b3786f395f9295680afa0b9eadc9444e37ca1ba63f5866f4495241aa60eb66a2,enumerated,baseline classification retained
app/src/main/res/layout/activity_extract.xml,resource,unchanged,69d00e15e011b2a1203fba1a0dca233f3c4fe26b7a460bde5c70f692aceab787,69d00e15e011b2a1203fba1a0dca233f3c4fe26b7a460bde5c70f692aceab787,enumerated,baseline classification retained
app/src/main/res/layout/activity_main.xml,resource,unchanged,e59f7b00fa9db1379b712250a022bb7ecd256c3bccbf9f4fcec1e831139b9090,e59f7b00fa9db1379b712250a022bb7ecd256c3bccbf9f4fcec1e831139b9090,enumerated,baseline classification retained
app/src/main/res/layout/activity_plugin_install.xml,resource,unchanged,04aeaa6c33cdea25fc40f28aae6d835e20bc1f03bc8f8dca6e94beb1a9d2b251,04aeaa6c33cdea25fc40f28aae6d835e20bc1f03bc8f8dca6e94beb1a9d2b251,enumerated,baseline classification retained
app/src/main/res/layout/activity_update.xml,resource,unchanged,f49db7dddc4b5453bfcc80a2322fa7fc5e1230a96ce43c66091fd27ad1d29fb3,f49db7dddc4b5453bfcc80a2322fa7fc5e1230a96ce43c66091fd27ad1d29fb3,enumerated,baseline classification retained
app/src/main/res/layout/activity_web_preview.xml,resource,unchanged,e8f08a45f2779753b86529f6e0e5d913228073484273d46b2dffc6f1b73fed11,e8f08a45f2779753b86529f6e0e5d913228073484273d46b2dffc6f1b73fed11,enumerated,baseline classification retained
app/src/main/res/layout/activity_welcome.xml,resource,unchanged,3a99329e314e4ea220cd19f3f72a5b056ed2c9843a451481aeb91e167c476e08,3a99329e314e4ea220cd19f3f72a5b056ed2c9843a451481aeb91e167c476e08,enumerated,baseline classification retained
app/src/main/res/layout/dialog_about.xml,resource,unchanged,aa76e1af96e39f15f501fea2102b88dd74707c3a15eabacfb50c88c02f73275d,aa76e1af96e39f15f501fea2102b88dd74707c3a15eabacfb50c88c02f73275d,enumerated,baseline classification retained
app/src/main/res/layout/dialog_remind_backup.xml,resource,unchanged,2c14d261464cc8423811b04b77b9b61677c3f0f5f1df7c7cbcc52fb0d992e53b,2c14d261464cc8423811b04b77b9b61677c3f0f5f1df7c7cbcc52fb0d992e53b,enumerated,baseline classification retained
app/src/main/res/layout/fragment_config.xml,resource,unchanged,25373b4ac86ab6adb0eeab252d29e38bc3f5c897b6cb331ea936c373f8aa7688,25373b4ac86ab6adb0eeab252d29e38bc3f5c897b6cb331ea936c373f8aa7688,enumerated,baseline classification retained
app/src/main/res/layout/fragment_device_grants.xml,resource,unchanged,d1c67f2485aaa4a3870dce1fd1565dd66f16e02e436cb473bcd48a82a075c41a,d1c67f2485aaa4a3870dce1fd1565dd66f16e02e436cb473bcd48a82a075c41a,enumerated,baseline classification retained
app/src/main/res/layout/fragment_install.xml,resource,unchanged,30f1e4d00da5b47842ae0c024397d0d55fd4a34c699fc70c7dfd05c4f2966dcd,30f1e4d00da5b47842ae0c024397d0d55fd4a34c699fc70c7dfd05c4f2966dcd,enumerated,baseline classification retained
app/src/main/res/layout/fragment_launch.xml,resource,unchanged,607fe04909148caa643bb7b133673cbb26a92a25d5f06ae4cfb38d2b6127b3c9,607fe04909148caa643bb7b133673cbb26a92a25d5f06ae4cfb38d2b6127b3c9,enumerated,baseline classification retained
app/src/main/res/layout/fragment_plugins.xml,resource,unchanged,ce670489458a3ba09827a4dca4033ff8d5af82a20a72998249902dec81398e3d,ce670489458a3ba09827a4dca4033ff8d5af82a20a72998249902dec81398e3d,enumerated,baseline classification retained
app/src/main/res/layout/fragment_pty_terminal.xml,resource,unchanged,4bd48e96ee4f871fbd89d2c470610ab2b1cb49f82908229e4824236629c0fc06,4bd48e96ee4f871fbd89d2c470610ab2b1cb49f82908229e4824236629c0fc06,enumerated,baseline classification retained
app/src/main/res/layout/fragment_settings.xml,resource,unchanged,305d469eaa8109abcc929689a4fd028b08dd012ea1f89c76136bd928cda8e036,305d469eaa8109abcc929689a4fd028b08dd012ea1f89c76136bd928cda8e036,enumerated,baseline classification retained
app/src/main/res/layout/fragment_terminal.xml,resource,unchanged,65f03e8bf020e417f6fdd358b0e51b4c46dc1361ef079405ebe0e0035c814bdc,65f03e8bf020e417f6fdd358b0e51b4c46dc1361ef079405ebe0e0035c814bdc,enumerated,baseline classification retained
app/src/main/res/layout/fragment_workspace.xml,resource,unchanged,02b9a13b595a8f8e27eff751dbda2744fb0db78886d80d6afde3b40dbd799495,02b9a13b595a8f8e27eff751dbda2744fb0db78886d80d6afde3b40dbd799495,enumerated,baseline classification retained
app/src/main/res/layout/item_data_choice.xml,resource,unchanged,6e468648df0003b558a8dfa8b5bcbd4e5a2d0690f985a528a77411405415d1c5,6e468648df0003b558a8dfa8b5bcbd4e5a2d0690f985a528a77411405415d1c5,enumerated,baseline classification retained
app/src/main/res/layout/item_plugin.xml,resource,unchanged,ee8e7a8ba202f2f5f8cfd3e646687d8dcadef1a56238c08e50e72095df099950,ee8e7a8ba202f2f5f8cfd3e646687d8dcadef1a56238c08e50e72095df099950,enumerated,baseline classification retained
app/src/main/res/layout/plugin_list_footer.xml,resource,unchanged,db3797dd984460e51b7565d79f16142fa194ea80389948313b34ac41914c3218,db3797dd984460e51b7565d79f16142fa194ea80389948313b34ac41914c3218,enumerated,baseline classification retained
app/src/main/res/layout/plugin_list_header.xml,resource,unchanged,8b07e1610ff9ea66eaa0dec15b725fb246ef92f2e632b554069d06578eb73cfd,8b07e1610ff9ea66eaa0dec15b725fb246ef92f2e632b554069d06578eb73cfd,enumerated,baseline classification retained
app/src/main/res/layout/view_terminal_tabs.xml,resource,unchanged,05e8a3e76371acec84c50940a0b7c320b37a6a98fdce6c04275f041012024c84,05e8a3e76371acec84c50940a0b7c320b37a6a98fdce6c04275f041012024c84,enumerated,baseline classification retained
app/src/main/res/layout/welcome_page1.xml,resource,unchanged,0560da0806c2b9ad488c4bae1619b9e67ad4743e4096abb9ab33997661cb0eb7,0560da0806c2b9ad488c4bae1619b9e67ad4743e4096abb9ab33997661cb0eb7,enumerated,baseline classification retained
app/src/main/res/layout/welcome_page2.xml,resource,unchanged,f11fa4db64d355610a60a12c327a39c621a939c911ff7470c13a8fe55c60ef48,f11fa4db64d355610a60a12c327a39c621a939c911ff7470c13a8fe55c60ef48,enumerated,baseline classification retained
app/src/main/res/layout/welcome_page3.xml,resource,unchanged,a4be9d7cf0f79b1ef4c7eeef48fcc11347194d6b842d087f1fe2de4eb45955cf,a4be9d7cf0f79b1ef4c7eeef48fcc11347194d6b842d087f1fe2de4eb45955cf,enumerated,baseline classification retained
app/src/main/res/menu/bottom_nav_menu.xml,resource,unchanged,17b338bf556ab846bfe796f0d4e05c3ef2d928f7280d1dce46880d4b4823341c,17b338bf556ab846bfe796f0d4e05c3ef2d928f7280d1dce46880d4b4823341c,enumerated,baseline classification retained
app/src/main/res/mipmap-anydpi-v26/ic_launcher.xml,resource,unchanged,b811036ea80099b411ac32ce75402231321cf22d65d98f15ebce19e0dee1fa5b,b811036ea80099b411ac32ce75402231321cf22d65d98f15ebce19e0dee1fa5b,enumerated,baseline classification retained
app/src/main/res/mipmap-anydpi-v26/ic_launcher_round_v137.xml,resource,unchanged,b811036ea80099b411ac32ce75402231321cf22d65d98f15ebce19e0dee1fa5b,b811036ea80099b411ac32ce75402231321cf22d65d98f15ebce19e0dee1fa5b,enumerated,baseline classification retained
app/src/main/res/mipmap-anydpi-v26/ic_launcher_v137.xml,resource,unchanged,b811036ea80099b411ac32ce75402231321cf22d65d98f15ebce19e0dee1fa5b,b811036ea80099b411ac32ce75402231321cf22d65d98f15ebce19e0dee1fa5b,enumerated,baseline classification retained
app/src/main/res/mipmap-hdpi/ic_launcher.png,resource,unchanged,e9640c5fb1654562d61e4fc9d5d320e4cd230607c99e73b1658a2d9b43c959d7,e9640c5fb1654562d61e4fc9d5d320e4cd230607c99e73b1658a2d9b43c959d7,enumerated,baseline classification retained
app/src/main/res/mipmap-hdpi/ic_launcher_round_v137.png,resource,unchanged,e9640c5fb1654562d61e4fc9d5d320e4cd230607c99e73b1658a2d9b43c959d7,e9640c5fb1654562d61e4fc9d5d320e4cd230607c99e73b1658a2d9b43c959d7,enumerated,baseline classification retained
app/src/main/res/mipmap-hdpi/ic_launcher_v137.png,resource,unchanged,e9640c5fb1654562d61e4fc9d5d320e4cd230607c99e73b1658a2d9b43c959d7,e9640c5fb1654562d61e4fc9d5d320e4cd230607c99e73b1658a2d9b43c959d7,enumerated,baseline classification retained
app/src/main/res/mipmap-mdpi/ic_launcher.png,resource,unchanged,17d70d59a332d59f002d5c6ef45fe0e66be774abd99e8ef4589456f7e43ea9c5,17d70d59a332d59f002d5c6ef45fe0e66be774abd99e8ef4589456f7e43ea9c5,enumerated,baseline classification retained
app/src/main/res/mipmap-mdpi/ic_launcher_round_v137.png,resource,unchanged,17d70d59a332d59f002d5c6ef45fe0e66be774abd99e8ef4589456f7e43ea9c5,17d70d59a332d59f002d5c6ef45fe0e66be774abd99e8ef4589456f7e43ea9c5,enumerated,baseline classification retained
app/src/main/res/mipmap-mdpi/ic_launcher_v137.png,resource,unchanged,17d70d59a332d59f002d5c6ef45fe0e66be774abd99e8ef4589456f7e43ea9c5,17d70d59a332d59f002d5c6ef45fe0e66be774abd99e8ef4589456f7e43ea9c5,enumerated,baseline classification retained
app/src/main/res/mipmap-xhdpi/ic_launcher.png,resource,unchanged,b2d932acdd60c20d244de2f5b41771e5ee464e89dcb463710a7cf16cbcef0465,b2d932acdd60c20d244de2f5b41771e5ee464e89dcb463710a7cf16cbcef0465,enumerated,baseline classification retained
app/src/main/res/mipmap-xhdpi/ic_launcher_round_v137.png,resource,unchanged,b2d932acdd60c20d244de2f5b41771e5ee464e89dcb463710a7cf16cbcef0465,b2d932acdd60c20d244de2f5b41771e5ee464e89dcb463710a7cf16cbcef0465,enumerated,baseline classification retained
app/src/main/res/mipmap-xhdpi/ic_launcher_v137.png,resource,unchanged,b2d932acdd60c20d244de2f5b41771e5ee464e89dcb463710a7cf16cbcef0465,b2d932acdd60c20d244de2f5b41771e5ee464e89dcb463710a7cf16cbcef0465,enumerated,baseline classification retained
app/src/main/res/mipmap-xxhdpi/ic_launcher.png,resource,unchanged,96e413047959a8efc90f2683c74cce0f53b816990ae3d8de94983f83150cd92d,96e413047959a8efc90f2683c74cce0f53b816990ae3d8de94983f83150cd92d,enumerated,baseline classification retained
app/src/main/res/mipmap-xxhdpi/ic_launcher_round_v137.png,resource,unchanged,96e413047959a8efc90f2683c74cce0f53b816990ae3d8de94983f83150cd92d,96e413047959a8efc90f2683c74cce0f53b816990ae3d8de94983f83150cd92d,enumerated,baseline classification retained
app/src/main/res/mipmap-xxhdpi/ic_launcher_v137.png,resource,unchanged,96e413047959a8efc90f2683c74cce0f53b816990ae3d8de94983f83150cd92d,96e413047959a8efc90f2683c74cce0f53b816990ae3d8de94983f83150cd92d,enumerated,baseline classification retained
app/src/main/res/mipmap-xxxhdpi/ic_launcher.png,resource,unchanged,af7c54e2455383d010c0edb1f4fb266a367ea89b1d8517067cfd3c970ee9bddb,af7c54e2455383d010c0edb1f4fb266a367ea89b1d8517067cfd3c970ee9bddb,enumerated,baseline classification retained
app/src/main/res/mipmap-xxxhdpi/ic_launcher_round_v137.png,resource,unchanged,af7c54e2455383d010c0edb1f4fb266a367ea89b1d8517067cfd3c970ee9bddb,af7c54e2455383d010c0edb1f4fb266a367ea89b1d8517067cfd3c970ee9bddb,enumerated,baseline classification retained
app/src/main/res/mipmap-xxxhdpi/ic_launcher_v137.png,resource,unchanged,af7c54e2455383d010c0edb1f4fb266a367ea89b1d8517067cfd3c970ee9bddb,af7c54e2455383d010c0edb1f4fb266a367ea89b1d8517067cfd3c970ee9bddb,enumerated,baseline classification retained
app/src/main/res/values-en/alpha1_strings.xml,resource,unchanged,91793d61c5f2cf008396cf4125b76a71cf911faea3464c3733bb2e201aa7fc3a,91793d61c5f2cf008396cf4125b76a71cf911faea3464c3733bb2e201aa7fc3a,enumerated,baseline classification retained
app/src/main/res/values-en/dns_strings.xml,resource,unchanged,db33941a8eb840f1af19ec2b72b43d9583154741e8915a2bc6d7501300d33890,db33941a8eb840f1af19ec2b72b43d9583154741e8915a2bc6d7501300d33890,enumerated,baseline classification retained
app/src/main/res/values-en/picture_in_picture_strings.xml,resource,unchanged,ac6cd3cfd8bda866b37b0c270633a8d8bb751a241838fc19b06a9df342fe3d41,ac6cd3cfd8bda866b37b0c270633a8d8bb751a241838fc19b06a9df342fe3d41,enumerated,baseline classification retained
app/src/main/res/values-en/plugin_sort_strings.xml,resource,unchanged,8f24d628b302239297af8541bf4c2363fa320a6cd5e91ff828cbf30353ce8746,8f24d628b302239297af8541bf4c2363fa320a6cd5e91ff828cbf30353ce8746,enumerated,baseline classification retained
app/src/main/res/values-en/refresh_strings.xml,resource,unchanged,a0f4106d9b8b0496fcae5d639fc37a9959a96c8818127c340d31139fcc2440b5,a0f4106d9b8b0496fcae5d639fc37a9959a96c8818127c340d31139fcc2440b5,enumerated,baseline classification retained
app/src/main/res/values-en/ui_iteration.xml,resource,unchanged,d8a95394849415efd28d3d4791ee403d2e1d5d1ad9ad1176d93a030618594b90,d8a95394849415efd28d3d4791ee403d2e1d5d1ad9ad1176d93a030618594b90,enumerated,baseline classification retained
app/src/main/res/values-en/ui_refinement.xml,resource,unchanged,85940c4b6530e70744490f2e59c93c0472c6774720f5fa3f847989625ff55ea5,85940c4b6530e70744490f2e59c93c0472c6774720f5fa3f847989625ff55ea5,enumerated,baseline classification retained
app/src/main/res/values-en/ui_strings.xml,resource,unchanged,0d54e6df7a5bcd850319d923c96bd8ff4aad114d110fcb67647ee8ae4d396b2d,0d54e6df7a5bcd850319d923c96bd8ff4aad114d110fcb67647ee8ae4d396b2d,enumerated,baseline classification retained
app/src/main/res/values-en/web_port.xml,resource,unchanged,ce56dae93d0f7a384287f9985b0007a72ac08c94550c46b73e7ab1af3f569751,ce56dae93d0f7a384287f9985b0007a72ac08c94550c46b73e7ab1af3f569751,enumerated,baseline classification retained
app/src/main/res/values-night/colors.xml,resource,unchanged,1826dce44e90fbb360066f6f5e216e39d550d4a9733274985fb966d55d7cb4a4,1826dce44e90fbb360066f6f5e216e39d550d4a9733274985fb966d55d7cb4a4,enumerated,baseline classification retained
app/src/main/res/values-night/themes.xml,resource,unchanged,31312a1e7e4f4e979625f99b4aa17343ac139c395cdd7c701e27acd8cd0facf7,31312a1e7e4f4e979625f99b4aa17343ac139c395cdd7c701e27acd8cd0facf7,enumerated,baseline classification retained
app/src/main/res/values/alpha1_strings.xml,resource,unchanged,457797172c3267f9a7cf763d08538b8d49ddfab8b0bad75a909ab2316a5c35af,457797172c3267f9a7cf763d08538b8d49ddfab8b0bad75a909ab2316a5c35af,enumerated,baseline classification retained
app/src/main/res/values/colors.xml,resource,unchanged,1f71bbf41f3a82183c802d04b8add8d3f2ffbe9b84e3dcc9d1eafdd5774b96f9,1f71bbf41f3a82183c802d04b8add8d3f2ffbe9b84e3dcc9d1eafdd5774b96f9,enumerated,baseline classification retained
app/src/main/res/values/dialog_styles.xml,resource,unchanged,670eb89ec850fc84eb21f11eba7c26b98cccc7dc6e08c32a0fe0bd1b76842169,670eb89ec850fc84eb21f11eba7c26b98cccc7dc6e08c32a0fe0bd1b76842169,enumerated,baseline classification retained
app/src/main/res/values/dimens.xml,resource,unchanged,d3c61a9836f2916894ea20fba540dda699d8315d60cc67901fae6047892bea52,d3c61a9836f2916894ea20fba540dda699d8315d60cc67901fae6047892bea52,enumerated,baseline classification retained
app/src/main/res/values/dns_strings.xml,resource,unchanged,12d8e8fc843af7aab7a4da74517539d664341b74e8f262808c7d78b2e2d3d625,12d8e8fc843af7aab7a4da74517539d664341b74e8f262808c7d78b2e2d3d625,enumerated,baseline classification retained
app/src/main/res/values/drawable_aliases.xml,resource,unchanged,b75819715f47271d6cd5acf415390bcd9b4e2173dddc60db6048a6d1713f759d,b75819715f47271d6cd5acf415390bcd9b4e2173dddc60db6048a6d1713f759d,enumerated,baseline classification retained
app/src/main/res/values/ids.xml,resource,unchanged,998ee8b3d77c967e10ddaf6089698ac2cef63b1d35ff3f9c4d3725b27b8df6ca,998ee8b3d77c967e10ddaf6089698ac2cef63b1d35ff3f9c4d3725b27b8df6ca,enumerated,baseline classification retained
app/src/main/res/values/language_ids.xml,resource,unchanged,54f0bc118b4fecd678ec5f02641c5c014145e62526a65d1307606a105c2cbebf,54f0bc118b4fecd678ec5f02641c5c014145e62526a65d1307606a105c2cbebf,enumerated,baseline classification retained
app/src/main/res/values/launcher_icon.xml,resource,unchanged,8742c02e1b9212da9c9b88be713e9aa8ea94cc928f01106d98121f0fae2143c9,8742c02e1b9212da9c9b88be713e9aa8ea94cc928f01106d98121f0fae2143c9,enumerated,baseline classification retained
app/src/main/res/values/picture_in_picture_strings.xml,resource,unchanged,b9609f072d21271ea3e9dc76f0bd633fa45abe5140dd6d52409997937dc004c2,b9609f072d21271ea3e9dc76f0bd633fa45abe5140dd6d52409997937dc004c2,enumerated,baseline classification retained
app/src/main/res/values/plugin_sort_strings.xml,resource,unchanged,61dc7056993dc2d91c260074a5c077b454309f77ff686b67f2826a9f36830ec5,61dc7056993dc2d91c260074a5c077b454309f77ff686b67f2826a9f36830ec5,enumerated,baseline classification retained
app/src/main/res/values/refresh_strings.xml,resource,unchanged,9f0511ac73ad0dfdde24e57b1574e9374148e152ef5c8c9331d8ef01a83dc40a,9f0511ac73ad0dfdde24e57b1574e9374148e152ef5c8c9331d8ef01a83dc40a,enumerated,baseline classification retained
app/src/main/res/values/strings.xml,resource,unchanged,d10c4e20762291044c6ee4d0a49b1db453c1a0f8b0cb44696b67c5f8fe6c0c51,d10c4e20762291044c6ee4d0a49b1db453c1a0f8b0cb44696b67c5f8fe6c0c51,enumerated,baseline classification retained
app/src/main/res/values/styles.xml,resource,unchanged,d6161b3bcde461f87a9c4f519e867b3005cf2b8f1be729595d7596c61fcfdcc1,d6161b3bcde461f87a9c4f519e867b3005cf2b8f1be729595d7596c61fcfdcc1,enumerated,baseline classification retained
app/src/main/res/values/themes.xml,resource,unchanged,39575d7718964cd5e884c2efac79b31d27fdcf4f230398f79eca8fd771ba6808,39575d7718964cd5e884c2efac79b31d27fdcf4f230398f79eca8fd771ba6808,enumerated,baseline classification retained
app/src/main/res/values/ui_iteration.xml,resource,unchanged,c5a17571b58fe5bea4c9981ae89506a4a593d7d5623bcd250b7fb9df3e5b42b1,c5a17571b58fe5bea4c9981ae89506a4a593d7d5623bcd250b7fb9df3e5b42b1,enumerated,baseline classification retained
app/src/main/res/values/ui_iteration_styles.xml,resource,unchanged,508610db0bb409df4db003562aff9975a2d33c5614ac2470bdd14f5f024c059d,508610db0bb409df4db003562aff9975a2d33c5614ac2470bdd14f5f024c059d,enumerated,baseline classification retained
app/src/main/res/values/ui_refinement.xml,resource,unchanged,b87ba25eabf51fbaf47bacbe86ebf34924b91c6dcadeaa7633432aeef98f22df,b87ba25eabf51fbaf47bacbe86ebf34924b91c6dcadeaa7633432aeef98f22df,enumerated,baseline classification retained
app/src/main/res/values/ui_strings.xml,resource,unchanged,d3602bf643b4b84d2028164d10c8354e4d1b6a83b255ff644ed34257821fbba3,d3602bf643b4b84d2028164d10c8354e4d1b6a83b255ff644ed34257821fbba3,enumerated,baseline classification retained
app/src/main/res/values/web_port.xml,resource,unchanged,09f63cc71ca123e54f5add8c1336bb5c8c6bc87dbf84bc03ec8534a82a563e32,09f63cc71ca123e54f5add8c1336bb5c8c6bc87dbf84bc03ec8534a82a563e32,enumerated,baseline classification retained
app/src/main/res/xml-v28/backup_rules.xml,resource,unchanged,29c075075419a5ca915ec617e8bdb07daf942e57022ec84c06ba221af47832e6,29c075075419a5ca915ec617e8bdb07daf942e57022ec84c06ba221af47832e6,enumerated,baseline classification retained
app/src/main/res/xml/accessibility_service_config.xml,resource,unchanged,6da36e88a83e3ecfef3f0b6538e46c2e8edf08bdfbbc50dc7708ca3acb9cfd8a,6da36e88a83e3ecfef3f0b6538e46c2e8edf08bdfbbc50dc7708ca3acb9cfd8a,enumerated,baseline classification retained
app/src/main/res/xml/backup_rules.xml,resource,unchanged,3da36586e853d4521cf80bca83d33ffc616023d057b766679cc50bc6dcdd41e2,3da36586e853d4521cf80bca83d33ffc616023d057b766679cc50bc6dcdd41e2,enumerated,baseline classification retained
app/src/main/res/xml/data_extraction_rules.xml,resource,unchanged,aae8957d9eed49bae3862fe53e9bc4ae02276a4c7bffed91c4405c8464479078,aae8957d9eed49bae3862fe53e9bc4ae02276a4c7bffed91c4405c8464479078,enumerated,baseline classification retained
app/src/main/res/xml/update_file_paths.xml,resource,unchanged,19b0e281dde3d0f4902442b22384481a6454cc7505780d4e6037b33a6cc4867e,19b0e281dde3d0f4902442b22384481a6454cc7505780d4e6037b33a6cc4867e,enumerated,baseline classification retained
app/src/standard/java/com/deepseekharness/app/ui/PreviewFallback.java,source,unchanged,82591b6bfb136461d1c46c9eb5a37e3af4ea1ba7d1ab1256d0d3b77c155f6095,82591b6bfb136461d1c46c9eb5a37e3af4ea1ba7d1ab1256d0d3b77c155f6095,static-scan,baseline classification retained
app/src/standard/java/com/deepseekharness/app/ui/RecoveryBrowserFactory.java,source,unchanged,af28c54fcd086005fb7f85e1dbff883ac243d2d205c5779537308b1e0b4d3b1d,af28c54fcd086005fb7f85e1dbff883ac243d2d205c5779537308b1e0b4d3b1d,static-scan,baseline classification retained
app/src/standard/res/values-en/edition.xml,resource,unchanged,341914f0a79188a949ffbc1590d761d5cd3ac8d2a82fad11c9eade53a3371442,341914f0a79188a949ffbc1590d761d5cd3ac8d2a82fad11c9eade53a3371442,enumerated,baseline classification retained
app/src/standard/res/values/edition.xml,resource,unchanged,1ed52b6a71052db7dd2ccf5bf9fe9708d83ea62cba7b00cfb2b86451c7f6caee,1ed52b6a71052db7dd2ccf5bf9fe9708d83ea62cba7b00cfb2b86451c7f6caee,enumerated,baseline classification retained
app/src/test/java/com/deepseekharness/app/LanAuthTest.java,test-or-gate,unchanged,94c722efda0770877ccec9454e29af4f9d59635436c03b631e340e1324980da6,94c722efda0770877ccec9454e29af4f9d59635436c03b631e340e1324980da6,static-scan,baseline classification retained
app/src/test/java/com/deepseekharness/app/backup/AutomaticBackupPrunerTest.java,test-or-gate,unchanged,7d1e253d7baf10629d7f26a2cc351d257fd4d5772a19f7aff9842979d8b68760,7d1e253d7baf10629d7f26a2cc351d257fd4d5772a19f7aff9842979d8b68760,static-scan,baseline classification retained
app/src/test/java/com/deepseekharness/app/backup/BackupArchiveTest.java,test-or-gate,unchanged,d8fe59ca6f52cd57e3f0acdaa7087209efd689cb554bf5d645242a3133f00c7b,d8fe59ca6f52cd57e3f0acdaa7087209efd689cb554bf5d645242a3133f00c7b,static-scan,baseline classification retained
app/src/test/java/com/deepseekharness/app/backup/BackupErrorCodeTest.java,test-or-gate,unchanged,10d4a20d8d412767cdc1fc9660c7d5fc101816c94a2f6e8068e9cde40f80547c,10d4a20d8d412767cdc1fc9660c7d5fc101816c94a2f6e8068e9cde40f80547c,static-scan,baseline classification retained
app/src/test/java/com/deepseekharness/app/backup/BackupFileSystemAtomicTest.java,test-or-gate,unchanged,638173a39d452b3f50583ba64f31b2cd3f3ba693e88a4af34414c9b1f2779e73,638173a39d452b3f50583ba64f31b2cd3f3ba693e88a4af34414c9b1f2779e73,static-scan,baseline classification retained
app/src/test/java/com/deepseekharness/app/backup/BackupJsonTest.java,test-or-gate,unchanged,f4bafcb1150df1669c9a8df725dd2f00e3f484046d780bbcb4bcc7bb0b9705e7,f4bafcb1150df1669c9a8df725dd2f00e3f484046d780bbcb4bcc7bb0b9705e7,static-scan,baseline classification retained
app/src/test/java/com/deepseekharness/app/backup/ConfigResetCrashProcess.java,test-or-gate,unchanged,7d4c9a26e97099a84db826f67b843659fa91f2a27d6aa248d2442740ad20b196,7d4c9a26e97099a84db826f67b843659fa91f2a27d6aa248d2442740ad20b196,static-scan,baseline classification retained
app/src/test/java/com/deepseekharness/app/backup/ConfigurationCrashProcess.java,test-or-gate,unchanged,3269733138f43a2c719a84c24fc6fee18c0ffbfb4e22a0f0407e2de82e39acd4,3269733138f43a2c719a84c24fc6fee18c0ffbfb4e22a0f0407e2de82e39acd4,static-scan,baseline classification retained
app/src/test/java/com/deepseekharness/app/backup/ConfigurationSnapshotsTest.java,test-or-gate,modified,0506e7aaae5397bcce2126332d2c62a0f39e9c195d9b20382024a6b1134e28cc,b8128782dd3631e9e9222f725dae1d6647b8dc9f10aa12e6cc69e625c15e8da2,static-scan,"changed input bound to software receipt; specific deep/behavior/device evidence in issue ledger, not blanket branch coverage"
app/src/test/java/com/deepseekharness/app/backup/DataFormatEvidenceTest.java,test-or-gate,unchanged,39102f144ca2aae613909cabc18a3bbf605c264557ebeb00d8a639da31f2063c,39102f144ca2aae613909cabc18a3bbf605c264557ebeb00d8a639da31f2063c,static-scan,baseline classification retained
app/src/test/java/com/deepseekharness/app/backup/DataProtectionServiceStartTicketTest.java,test-or-gate,unchanged,3811bcb05290a82e8ae86723616b2bd38cbd00681db1cf430b481be6d0c575b3,3811bcb05290a82e8ae86723616b2bd38cbd00681db1cf430b481be6d0c575b3,static-scan,baseline classification retained
app/src/test/java/com/deepseekharness/app/backup/DataRootPolicyTest.java,test-or-gate,unchanged,ecb94cbf3489dd4299195317c4711262ad970b3142e2284f6525a98d365a3531,ecb94cbf3489dd4299195317c4711262ad970b3142e2284f6525a98d365a3531,static-scan,baseline classification retained
app/src/test/java/com/deepseekharness/app/backup/EnvironmentCrashProcess.java,test-or-gate,unchanged,5d320e5906084e01830ef50d147d6307be82066eb6c3638564e0fe399afceccd,5d320e5906084e01830ef50d147d6307be82066eb6c3638564e0fe399afceccd,static-scan,baseline classification retained
app/src/test/java/com/deepseekharness/app/backup/EnvironmentRebuildTransactionTest.java,test-or-gate,modified,cf9d7b54f0bbbc7b000b4426a1c9d35b2608fdb073755330809dd0f481965859,2fa17959f17cf4806a4c6eeafd729464069a925c6164a323961c22b7c81104a9,static-scan,"changed input bound to software receipt; specific deep/behavior/device evidence in issue ledger, not blanket branch coverage"
app/src/test/java/com/deepseekharness/app/backup/FactoryResetTest.java,test-or-gate,unchanged,5c6259e93642fe3bf8afb2e6d92db5f51d41d30a08de5683fe348985c82598de,5c6259e93642fe3bf8afb2e6d92db5f51d41d30a08de5683fe348985c82598de,static-scan,baseline classification retained
app/src/test/java/com/deepseekharness/app/backup/GuestDataResolverTest.java,test-or-gate,unchanged,312d26325a29385edd398e2fe18d341ca3e8263cd8eabf8ad66c407676917958,312d26325a29385edd398e2fe18d341ca3e8263cd8eabf8ad66c407676917958,static-scan,baseline classification retained
app/src/test/java/com/deepseekharness/app/backup/HostDataTransactionTest.java,test-or-gate,unchanged,520d88733ba66814d1a44f70c7206363a16ed55577e8a415e0014253d26e8c75,520d88733ba66814d1a44f70c7206363a16ed55577e8a415e0014253d26e8c75,static-scan,baseline classification retained
app/src/test/java/com/deepseekharness/app/backup/HostMaintenancePendingTest.java,added source/test/input; see issue ledger,new,,f804c727a9ecbc49aa5140d122ccd393352a758077004c1d86d355e2730c205c,not in baseline,"changed input bound to software receipt; specific deep/behavior/device evidence in issue ledger, not blanket branch coverage"
app/src/test/java/com/deepseekharness/app/backup/HostOperationArchiveTest.java,test-or-gate,modified,bab4bcca53f3ee4f4cf1b1fc2e5072b18dea164a7c5f1c40d4470568c4094f33,ddd9921bf0a12fe3386da42a71682786c68a0fe9cd3f6435a46c1a265a23cd86,static-scan,"changed input bound to software receipt; specific deep/behavior/device evidence in issue ledger, not blanket branch coverage"
app/src/test/java/com/deepseekharness/app/backup/HostRuntimeCrashProcess.java,test-or-gate,unchanged,cb63b5fd271cc1b387a6d74d5967eea8061b28edb1b81f85c5f8de9bb47abf7e,cb63b5fd271cc1b387a6d74d5967eea8061b28edb1b81f85c5f8de9bb47abf7e,static-scan,baseline classification retained
app/src/test/java/com/deepseekharness/app/backup/HostSnapshotTest.java,test-or-gate,unchanged,017f6b095aa60f1b8ebd5ad534c33d0f4751edeec64c55c7e0cfe12dad40cefe,017f6b095aa60f1b8ebd5ad534c33d0f4751edeec64c55c7e0cfe12dad40cefe,static-scan,baseline classification retained
app/src/test/java/com/deepseekharness/app/backup/HostTransactionCrashProcess.java,test-or-gate,unchanged,5f345a2b9edc7805f562780ef9195401d22c67c4e7a840a6ae25adbbcaecfe99,5f345a2b9edc7805f562780ef9195401d22c67c4e7a840a6ae25adbbcaecfe99,static-scan,baseline classification retained
app/src/test/java/com/deepseekharness/app/backup/JvmBackupFileSystem.java,test-or-gate,unchanged,e7b7a8fa51d8ff207b0989fb2a5df6e25ae218782bf8fce62a352e0074bf669f,e7b7a8fa51d8ff207b0989fb2a5df6e25ae218782bf8fce62a352e0074bf669f,static-scan,baseline classification retained
app/src/test/java/com/deepseekharness/app/backup/L2sSnapshotTest.java,test-or-gate,unchanged,121e22ac836682a010385c5e5d901b5d14ee8a378935fcb2ed171f4828298036,121e22ac836682a010385c5e5d901b5d14ee8a378935fcb2ed171f4828298036,static-scan,baseline classification retained
app/src/test/java/com/deepseekharness/app/backup/LegacyBackupImporterTest.java,test-or-gate,unchanged,4e6bab98a335f3751745fbcb72f1714ae56397b655cd3a0a2ed1e5ed2cffccdc,4e6bab98a335f3751745fbcb72f1714ae56397b655cd3a0a2ed1e5ed2cffccdc,static-scan,baseline classification retained
app/src/test/java/com/deepseekharness/app/backup/LegacyTarReaderTest.java,test-or-gate,unchanged,cce4f24bac7d30abd042e5681a2250322118ddd8c919ed5aba91dca4cb641ab8,cce4f24bac7d30abd042e5681a2250322118ddd8c919ed5aba91dca4cb641ab8,static-scan,baseline classification retained
app/src/test/java/com/deepseekharness/app/backup/ManagedRuntimeTransactionTest.java,test-or-gate,modified,5ead48b2edfcc439e3f512d719ef59feb35e26ec86f8e5af82c8b3f02e049f10,f258dc6c1dcfdaf6566f6b1c4d2729c28ef04255731fe317671934be5f53cff5,static-scan,"changed input bound to software receipt; specific deep/behavior/device evidence in issue ledger, not blanket branch coverage"
app/src/test/java/com/deepseekharness/app/backup/NativeConfigurationResetTest.java,test-or-gate,unchanged,4293ed2a62f1848a7511d2798b764be173ad612022a0147ddb1e51d3a41d67e6,4293ed2a62f1848a7511d2798b764be173ad612022a0147ddb1e51d3a41d67e6,static-scan,baseline classification retained
app/src/test/java/com/deepseekharness/app/backup/NativeEnvironmentRebuildTest.java,test-or-gate,unchanged,53d03e4ff56998a7c65b94a0b6685cb95bbef8d06a90bf88f4776b9f052adfff,53d03e4ff56998a7c65b94a0b6685cb95bbef8d06a90bf88f4776b9f052adfff,static-scan,baseline classification retained
app/src/test/java/com/deepseekharness/app/backup/NativePluginGraphTest.java,test-or-gate,unchanged,a2c74d416581f546bfe5c61148325d8ce6b1a4db450b02d38a8e1916e70784d2,a2c74d416581f546bfe5c61148325d8ce6b1a4db450b02d38a8e1916e70784d2,static-scan,baseline classification retained
app/src/test/java/com/deepseekharness/app/backup/NativeRestorePlanTest.java,test-or-gate,unchanged,d3c684693b4e70bbba769430cd02c8edd25adae84608cc9db494060432143145,d3c684693b4e70bbba769430cd02c8edd25adae84608cc9db494060432143145,static-scan,baseline classification retained
app/src/test/java/com/deepseekharness/app/backup/NativeSafeProfileTest.java,test-or-gate,unchanged,f48410b34a440fb915732662c0223926035aef27c722c5649bb606f59f31da7b,f48410b34a440fb915732662c0223926035aef27c722c5649bb606f59f31da7b,static-scan,baseline classification retained
app/src/test/java/com/deepseekharness/app/backup/PluginInstallJournalsTest.java,test-or-gate,modified,2a4562f5d137aebf52db292700d0ab33daf371b5c3075191108a9a8bd5e31fb5,b4f578e27abf3d14668700c95ea46491dcf6abfada27ab299fa0159b43a4f420,static-scan,"changed input bound to software receipt; specific deep/behavior/device evidence in issue ledger, not blanket branch coverage"
app/src/test/java/com/deepseekharness/app/backup/PluginRestoreGraphTest.java,test-or-gate,unchanged,d1e2c06214faedbe67cdc1b7ed6fd0c867f43f8fb73a2eb2d01fee195680ee32,d1e2c06214faedbe67cdc1b7ed6fd0c867f43f8fb73a2eb2d01fee195680ee32,static-scan,baseline classification retained
app/src/test/java/com/deepseekharness/app/backup/PortableBackupCryptoTest.java,test-or-gate,unchanged,114211aafa367488845b47662cb3c474b6e0823f44c93f026399d0ddd08903ca,114211aafa367488845b47662cb3c474b6e0823f44c93f026399d0ddd08903ca,static-scan,baseline classification retained
app/src/test/java/com/deepseekharness/app/backup/PortablePreferenceProjectionTest.java,test-or-gate,unchanged,a4d11aa91ad718c73719355588401e9659424365785b96597d444b860b0c57c2,a4d11aa91ad718c73719355588401e9659424365785b96597d444b860b0c57c2,static-scan,baseline classification retained
app/src/test/java/com/deepseekharness/app/backup/QuarantinedPluginReviewTest.java,test-or-gate,unchanged,80f47b12c824a3f48248f66e52395530d73eac62c211b0957e074c8e152fbaf3,80f47b12c824a3f48248f66e52395530d73eac62c211b0957e074c8e152fbaf3,static-scan,baseline classification retained
app/src/test/java/com/deepseekharness/app/backup/RestoreStagingTest.java,test-or-gate,unchanged,bcac8cc4d27dae73480a6f676c999c97b448d83c1a20d9a9f116036c59143a42,bcac8cc4d27dae73480a6f676c999c97b448d83c1a20d9a9f116036c59143a42,static-scan,baseline classification retained
app/src/test/java/com/deepseekharness/app/backup/RetainedCatalogueTest.java,test-or-gate,modified,6c518184606775ecb51422501731e9a093c70d7f6670d63d1e7f06025985b81d,8b1b47cd7093e302836359f26fd091650cddb3fe634357ddc9e8acbb70c3e0e6,static-scan,"changed input bound to software receipt; specific deep/behavior/device evidence in issue ledger, not blanket branch coverage"
app/src/test/java/com/deepseekharness/app/backup/RetiredEnvironmentCleanupTest.java,test-or-gate,unchanged,e71a737a36b129927c48a27549499dc3d439df2e5b048a10f4345645e0828907,e71a737a36b129927c48a27549499dc3d439df2e5b048a10f4345645e0828907,static-scan,baseline classification retained
app/src/test/java/com/deepseekharness/app/backup/RuntimeDescriptorTest.java,test-or-gate,unchanged,a691a9cc6b1914fb19b4373e48a71cdedfa3ebc9a1bc6815251b9db0c2193fe7,a691a9cc6b1914fb19b4373e48a71cdedfa3ebc9a1bc6815251b9db0c2193fe7,static-scan,baseline classification retained
app/src/test/java/com/deepseekharness/app/backup/RuntimeTrialRecordsTest.java,test-or-gate,unchanged,8809c5ff1792a8871b8ecd52584678384551578c4c062150e2ca0b638c67cb98,8809c5ff1792a8871b8ecd52584678384551578c4c062150e2ca0b638c67cb98,static-scan,baseline classification retained
app/src/test/java/com/deepseekharness/app/backup/SystemPluginStateTest.java,test-or-gate,unchanged,05cb8c43528e1c708c51603b32fb64b3cb121d189523ac082ea0d8cc904f0f62,05cb8c43528e1c708c51603b32fb64b3cb121d189523ac082ea0d8cc904f0f62,static-scan,baseline classification retained
app/src/test/java/com/deepseekharness/app/backup/UserDataLayoutTest.java,test-or-gate,modified,0652b1ffa35a730e9f24483d99551b61c08f8fd7432f5970c5c29f55d0659463,98cf014a409179c66160d6dd3c430c29a00d8cb7b96b786aec6e806a8c68aba9,static-scan,"changed input bound to software receipt; specific deep/behavior/device evidence in issue ledger, not blanket branch coverage"
app/src/test/java/com/deepseekharness/app/backup/VerifiedBackupCopyTest.java,test-or-gate,unchanged,52ec23037c3aa3eb8faa6695293d4618fe97aaaaf93059cd62f4f5253d1390fb,52ec23037c3aa3eb8faa6695293d4618fe97aaaaf93059cd62f4f5253d1390fb,static-scan,baseline classification retained
app/src/test/java/com/deepseekharness/app/backup/WorkerQuiescenceTest.java,test-or-gate,unchanged,dc06db89798d67aefa086b2e86fdb4d13ffc2df235e9a1128a7265cad7812b0c,dc06db89798d67aefa086b2e86fdb4d13ffc2df235e9a1128a7265cad7812b0c,static-scan,baseline classification retained
app/src/test/java/com/deepseekharness/app/core/ConfigStoreRuntimeSettingsTest.java,added source/test/input; see issue ledger,new,,56bd08462a3bf19e7aa2baa0c32762dd9e02daab990b1d16d4cfa7f71c058b42,not in baseline,"changed input bound to software receipt; specific deep/behavior/device evidence in issue ledger, not blanket branch coverage"
app/src/test/java/com/deepseekharness/app/core/HarnessControllerAssetTest.java,added source/test/input; see issue ledger,new,,ca16bdb7dac86f3472846b87c92f56aad0144e9986d2255422cf4503d5f7deca,not in baseline,"changed input bound to software receipt; specific deep/behavior/device evidence in issue ledger, not blanket branch coverage"
app/src/test/java/com/deepseekharness/app/core/HarnessControllerRunTest.java,added source/test/input; see issue ledger,new,,ecfee53a134fd4ee77115d873b0b39395c1a9153c89b536f2bc2dad4d43409b7,not in baseline,"changed input bound to software receipt; specific deep/behavior/device evidence in issue ledger, not blanket branch coverage"
app/src/test/java/com/deepseekharness/app/core/InstallRepositoryTest.java,test-or-gate,unchanged,e36875e960749ee5e1a77ff9843db4f6556932fd4e38dd614e15b34629cd0990,e36875e960749ee5e1a77ff9843db4f6556932fd4e38dd614e15b34629cd0990,static-scan,baseline classification retained
app/src/test/java/com/deepseekharness/app/core/PluginRepositoryDiscardTest.java,added source/test/input; see issue ledger,new,,b863d2117579147d3d55d31a978bcb86975dec58765df0d067cecdbe5bf6d8c7,not in baseline,"changed input bound to software receipt; specific deep/behavior/device evidence in issue ledger, not blanket branch coverage"
app/src/test/java/com/deepseekharness/app/core/TerminalSessionOwnerTest.java,added source/test/input; see issue ledger,new,,9910575e90784ffa6cc3337825a9f26b921b6d39fc64fa30d04e9e2ec4fb5871,not in baseline,"changed input bound to software receipt; specific deep/behavior/device evidence in issue ledger, not blanket branch coverage"
app/src/test/java/com/deepseekharness/app/runtime/AdbWheelBundleTest.java,test-or-gate,unchanged,e9f5f94c99c2f0ea2fe36ed157e2ffee5b3f2b3544c14e773726ae60015a0c95,e9f5f94c99c2f0ea2fe36ed157e2ffee5b3f2b3544c14e773726ae60015a0c95,static-scan,baseline classification retained
app/src/test/java/com/deepseekharness/app/runtime/BoundedGuestLifetimeTest.java,added source/test/input; see issue ledger,new,,a13336ccae4038e4ba539b6d82b29a69afdecf5ddce0a422f2609bbb121207d5,not in baseline,"changed input bound to software receipt; specific deep/behavior/device evidence in issue ledger, not blanket branch coverage"
app/src/test/java/com/deepseekharness/app/runtime/BoundedGuestSessionsTest.java,added source/test/input; see issue ledger,new,,f8ef11a41fc360a6fba734668612f09761bc3c3d51ca5601b1c01679d6794e3d,not in baseline,"changed input bound to software receipt; specific deep/behavior/device evidence in issue ledger, not blanket branch coverage"
app/src/test/java/com/deepseekharness/app/runtime/InstallPipelineTest.java,test-or-gate,unchanged,63668ef9b333cd4578903637d2be05664539129c9dd7bfa2099b9c20b7473d9f,63668ef9b333cd4578903637d2be05664539129c9dd7bfa2099b9c20b7473d9f,static-scan,baseline classification retained
app/src/test/java/com/deepseekharness/app/runtime/RuntimeHostPortsTest.java,added source/test/input; see issue ledger,new,,0d7ddd0fbf2c22c48d916241955ce8d2f0a3c3fea45ca6a1136ede3d1d812a66,not in baseline,"changed input bound to software receipt; specific deep/behavior/device evidence in issue ledger, not blanket branch coverage"
app/src/test/java/com/deepseekharness/app/runtime/WebProcessScanPolicyTest.java,test-or-gate,unchanged,86317d933c44cfccc4f0906156290acfaf3babed473087a2725c291766a093a8,86317d933c44cfccc4f0906156290acfaf3babed473087a2725c291766a093a8,static-scan,baseline classification retained
app/src/test/java/com/deepseekharness/app/ui/ModelSetupDraftTest.java,test-or-gate,unchanged,a60f7e893ef17f37c08acf2f3e0f5c5f414896b342b5660e461e8d631e15e6f9,a60f7e893ef17f37c08acf2f3e0f5c5f414896b342b5660e461e8d631e15e6f9,static-scan,baseline classification retained
app/src/test/java/com/deepseekharness/app/util/AdbEnvironmentTaskTest.java,test-or-gate,unchanged,015736211241f6164815dabfbb63e5050ed028645ced6cf4a665c683d2a5733d,015736211241f6164815dabfbb63e5050ed028645ced6cf4a665c683d2a5733d,static-scan,baseline classification retained
app/src/test/java/com/deepseekharness/app/util/AdbPairingInfoTest.java,test-or-gate,unchanged,1c5f67da14dc18624b3b3f1ebe9a315931cdf4812e1bf2e3402ccf770779cb23,1c5f67da14dc18624b3b3f1ebe9a315931cdf4812e1bf2e3402ccf770779cb23,static-scan,baseline classification retained
app/src/test/java/com/deepseekharness/app/util/AdbResultTest.java,test-or-gate,unchanged,8f9600cdba5396d938015fc1708a18dabea7ff0d64da7ba0b6718a7eb98d6d8e,8f9600cdba5396d938015fc1708a18dabea7ff0d64da7ba0b6718a7eb98d6d8e,static-scan,baseline classification retained
app/src/test/java/com/deepseekharness/app/util/AdbWheelCacheTest.java,test-or-gate,unchanged,2124b6e535c925020221e0b4ebb6bac8d78909ed987bc9efceca318cedd7eacd,2124b6e535c925020221e0b4ebb6bac8d78909ed987bc9efceca318cedd7eacd,static-scan,baseline classification retained
app/src/test/java/com/deepseekharness/app/util/AppLocaleDispatchTest.java,added source/test/input; see issue ledger,new,,94589fcdbb618d3c04192ddd9d321a44357ca56497f63d4a280e67de4349a240,not in baseline,"changed input bound to software receipt; specific deep/behavior/device evidence in issue ledger, not blanket branch coverage"
app/src/test/java/com/deepseekharness/app/util/AutomaticBackupPolicyTest.java,test-or-gate,unchanged,33b90a511ec191e577a63a822caae81054ffee78b864f67cda11c9b27ad9d2a6,33b90a511ec191e577a63a822caae81054ffee78b864f67cda11c9b27ad9d2a6,static-scan,baseline classification retained
app/src/test/java/com/deepseekharness/app/util/BackupScopeTest.java,test-or-gate,unchanged,9234140294dcb8604e5221ee01d5da64f59ff1197b147e81bfc7092cbc9c6820,9234140294dcb8604e5221ee01d5da64f59ff1197b147e81bfc7092cbc9c6820,static-scan,baseline classification retained
app/src/test/java/com/deepseekharness/app/util/BackupTaskStateTest.java,test-or-gate,unchanged,60656ba62b19c95e93b321eff9103bd851387ae191898633414e8925f7c02b06,60656ba62b19c95e93b321eff9103bd851387ae191898633414e8925f7c02b06,static-scan,baseline classification retained
app/src/test/java/com/deepseekharness/app/util/BoundedProcessRunnerTest.java,test-or-gate,unchanged,90b3bb5c7f6721ea4b4c4ca814636154ed1216bd31695b0c4df68119d59a90df,90b3bb5c7f6721ea4b4c4ca814636154ed1216bd31695b0c4df68119d59a90df,static-scan,baseline classification retained
app/src/test/java/com/deepseekharness/app/util/BoundedUiCallTest.java,test-or-gate,unchanged,3b80ffbb83c210a44b5c5fafa30e1f573e0dae45ae5ac3363a9dd049fdcb37a9,3b80ffbb83c210a44b5c5fafa30e1f573e0dae45ae5ac3363a9dd049fdcb37a9,static-scan,baseline classification retained
app/src/test/java/com/deepseekharness/app/util/BridgeConfirmationsTest.java,test-or-gate,unchanged,441a2267dfdb1c9384903a278bb027908c31f50911791031c77792b70263d41c,441a2267dfdb1c9384903a278bb027908c31f50911791031c77792b70263d41c,static-scan,baseline classification retained
app/src/test/java/com/deepseekharness/app/util/BridgeLifecycleTest.java,test-or-gate,unchanged,2fe8bbbce4aa3f86450f05987c85a050e39f2788277cb00a440788e83294c518,2fe8bbbce4aa3f86450f05987c85a050e39f2788277cb00a440788e83294c518,static-scan,baseline classification retained
app/src/test/java/com/deepseekharness/app/util/BridgePathPolicyTest.java,test-or-gate,unchanged,f7273fd2aa3b52a4a8ae9497c0b4f18e65b9df9c29fc2e326ae977644af944e0,f7273fd2aa3b52a4a8ae9497c0b4f18e65b9df9c29fc2e326ae977644af944e0,static-scan,baseline classification retained
app/src/test/java/com/deepseekharness/app/util/BridgeQuestionsTest.java,test-or-gate,unchanged,edc9b4bdd997943405f2cec78fff4f14a5cde6a109e7e0b16b7c6b14a574d343,edc9b4bdd997943405f2cec78fff4f14a5cde6a109e7e0b16b7c6b14a574d343,static-scan,baseline classification retained
app/src/test/java/com/deepseekharness/app/util/BrowserDiagnosticTest.java,test-or-gate,unchanged,776e85af5ee80fcfce26e049ce86765793c5dc4d17680a6e620f1e165262a81a,776e85af5ee80fcfce26e049ce86765793c5dc4d17680a6e620f1e165262a81a,static-scan,baseline classification retained
app/src/test/java/com/deepseekharness/app/util/BrowserUploadRequestStateTest.java,added source/test/input; see issue ledger,new,,36cb5c0c6b4b8953ede81bf27db36447f58291cbc7338870358c2235ac7c5a24,not in baseline,"changed input bound to software receipt; specific deep/behavior/device evidence in issue ledger, not blanket branch coverage"
app/src/test/java/com/deepseekharness/app/util/BuiltinPluginsTest.java,test-or-gate,unchanged,803c920454265991638b987cdae516596a1c63b40d350ded5ada6c7f08d33559,803c920454265991638b987cdae516596a1c63b40d350ded5ada6c7f08d33559,static-scan,baseline classification retained
app/src/test/java/com/deepseekharness/app/util/ConfigInputTest.java,test-or-gate,unchanged,6abdebf2ceb8cefe51d9506d5a46f0030e690548af641fa562b699df1d656f03,6abdebf2ceb8cefe51d9506d5a46f0030e690548af641fa562b699df1d656f03,static-scan,baseline classification retained
app/src/test/java/com/deepseekharness/app/util/CredentialReadTest.java,test-or-gate,unchanged,63568076244b13c2e160a64ce6567715b2fe58e634f6f5435a21ff4af0146cba,63568076244b13c2e160a64ce6567715b2fe58e634f6f5435a21ff4af0146cba,static-scan,baseline classification retained
app/src/test/java/com/deepseekharness/app/util/CredentialWriteTest.java,test-or-gate,unchanged,e0d89c0df920514ef131839a627152445a49a9db50102d8910bf8ee7108f36b3,e0d89c0df920514ef131839a627152445a49a9db50102d8910bf8ee7108f36b3,static-scan,baseline classification retained
app/src/test/java/com/deepseekharness/app/util/DeviceAppPolicyTest.java,test-or-gate,unchanged,b4655f8337826f41b38874b5b19edb0dfb495b588d3cd80a7e5ec7eadfb1acc2,b4655f8337826f41b38874b5b19edb0dfb495b588d3cd80a7e5ec7eadfb1acc2,static-scan,baseline classification retained
app/src/test/java/com/deepseekharness/app/util/DeviceCommandResultTest.java,test-or-gate,unchanged,e070cd14e4b84e43f80fbd165b1516aea19510f5bac6833b76a2c01ea831cdf9,e070cd14e4b84e43f80fbd165b1516aea19510f5bac6833b76a2c01ea831cdf9,static-scan,baseline classification retained
app/src/test/java/com/deepseekharness/app/util/DeviceShellPolicyTest.java,test-or-gate,unchanged,e3ed154da8294ffd180b3973216008c843e2f7430d5d2e252f5775f41f736200,e3ed154da8294ffd180b3973216008c843e2f7430d5d2e252f5775f41f736200,static-scan,baseline classification retained
app/src/test/java/com/deepseekharness/app/util/DocumentPathsTest.java,test-or-gate,unchanged,2705e36afddc27b4150a10e9794d152da77e2358c0018ef0a5a75ba86789203d,2705e36afddc27b4150a10e9794d152da77e2358c0018ef0a5a75ba86789203d,static-scan,baseline classification retained
app/src/test/java/com/deepseekharness/app/util/DshAuthLogTest.java,test-or-gate,unchanged,2d8b15d031c029906478da6592a3906306b7c38acf8ee239bfc12bac903f4799,2d8b15d031c029906478da6592a3906306b7c38acf8ee239bfc12bac903f4799,static-scan,baseline classification retained
app/src/test/java/com/deepseekharness/app/util/DshAuthSessionTest.java,test-or-gate,unchanged,45167d5c0c5a7039914538ac154fa7a948f7842ee1c5742411fbba34b0c07f1f,45167d5c0c5a7039914538ac154fa7a948f7842ee1c5742411fbba34b0c07f1f,static-scan,baseline classification retained
app/src/test/java/com/deepseekharness/app/util/DshAuthUrlTest.java,test-or-gate,unchanged,feadf2c9c1d5ae1067dd776f8c4565954173bd24accb98761ebe2d2f744e3196,feadf2c9c1d5ae1067dd776f8c4565954173bd24accb98761ebe2d2f744e3196,static-scan,baseline classification retained
app/src/test/java/com/deepseekharness/app/util/EnvironmentIdentityTest.java,test-or-gate,unchanged,5d9b01457c3d93ed3ab69beef832d6a6569c1b8a5c23fcfe7fcd2a09f766bda9,5d9b01457c3d93ed3ab69beef832d6a6569c1b8a5c23fcfe7fcd2a09f766bda9,static-scan,baseline classification retained
app/src/test/java/com/deepseekharness/app/util/EnvironmentTaskGateTest.java,test-or-gate,unchanged,0560e7716ea0a31f9af111f2acfc3d7f29c4cdf977f345620f9ce74159b08544,0560e7716ea0a31f9af111f2acfc3d7f29c4cdf977f345620f9ce74159b08544,static-scan,baseline classification retained
app/src/test/java/com/deepseekharness/app/util/ExactTextPatchTest.java,test-or-gate,unchanged,aef27ff8f072afa42b6283653ccc6b60f7e7d59eb43728b58e8c8c0cb6c34a4f,aef27ff8f072afa42b6283653ccc6b60f7e7d59eb43728b58e8c8c0cb6c34a4f,static-scan,baseline classification retained
app/src/test/java/com/deepseekharness/app/util/ExecutorQuiescenceTest.java,test-or-gate,unchanged,f7a1c68371e4ba17b6f18d728bff2d8f6d97ac279e318a53758d0d64e5c23c3d,f7a1c68371e4ba17b6f18d728bff2d8f6d97ac279e318a53758d0d64e5c23c3d,static-scan,baseline classification retained
app/src/test/java/com/deepseekharness/app/util/FileIntegrityTest.java,test-or-gate,unchanged,49fc68aa60ecdcd1ff5f87af6ad477dedbbbeab3eff290f800a736076faab5c4,49fc68aa60ecdcd1ff5f87af6ad477dedbbbeab3eff290f800a736076faab5c4,static-scan,baseline classification retained
app/src/test/java/com/deepseekharness/app/util/ForegroundReferenceTest.java,test-or-gate,unchanged,be4414d16e72c082567f43149468452d76ea8237f680963ee3cca85beb3232c0,be4414d16e72c082567f43149468452d76ea8237f680963ee3cca85beb3232c0,static-scan,baseline classification retained
app/src/test/java/com/deepseekharness/app/util/FrameRatePolicyTest.java,test-or-gate,unchanged,00dbb4f539c899c7c2cab1bf7e9b86934826d13b3235f8012b536b4d85d288ad,00dbb4f539c899c7c2cab1bf7e9b86934826d13b3235f8012b536b4d85d288ad,static-scan,baseline classification retained
app/src/test/java/com/deepseekharness/app/util/GitHubRefTest.java,test-or-gate,unchanged,bc48d220d81b11927c7dfd1c4a4f90273f959c9a5c78be29a1c6c6ff664f7174,bc48d220d81b11927c7dfd1c4a4f90273f959c9a5c78be29a1c6c6ff664f7174,static-scan,baseline classification retained
app/src/test/java/com/deepseekharness/app/util/GuestCommandOutcomeTest.java,added source/test/input; see issue ledger,new,,a7a6c38acdd0f319bf43f626fe17634e2f4540a3df920b5df932f141aaefca51,not in baseline,"changed input bound to software receipt; specific deep/behavior/device evidence in issue ledger, not blanket branch coverage"
app/src/test/java/com/deepseekharness/app/util/HtmlBootstrapPatchTest.java,test-or-gate,unchanged,ebfea41dc72de58c0029dc2f0def7ed25c32220ef9b7fe2dfde1220722ba7616,ebfea41dc72de58c0029dc2f0def7ed25c32220ef9b7fe2dfde1220722ba7616,static-scan,baseline classification retained
app/src/test/java/com/deepseekharness/app/util/HttpProtocolTest.java,test-or-gate,unchanged,e3e1ca6546589eb1599ce8849cf2ef80942c10fcbc4f605d397f7625f8bcd7b2,e3e1ca6546589eb1599ce8849cf2ef80942c10fcbc4f605d397f7625f8bcd7b2,static-scan,baseline classification retained
app/src/test/java/com/deepseekharness/app/util/InstallProbeTest.java,test-or-gate,unchanged,0912a83fe0a9aeb729d54bfa90c54e434d15128730dc2760e1596c31cff01fd6,0912a83fe0a9aeb729d54bfa90c54e434d15128730dc2760e1596c31cff01fd6,static-scan,baseline classification retained
app/src/test/java/com/deepseekharness/app/util/InstallProcessTest.java,test-or-gate,unchanged,51edb1b60323cc4dba0d0c9bf996778836cf16732cd1624438e2b552e7244a6f,51edb1b60323cc4dba0d0c9bf996778836cf16732cd1624438e2b552e7244a6f,static-scan,baseline classification retained
app/src/test/java/com/deepseekharness/app/util/InstallTaskTest.java,test-or-gate,unchanged,b82c18a900f96cd8bd286349b6517c491f00bccbcdac7c14490a40e3811af0f1,b82c18a900f96cd8bd286349b6517c491f00bccbcdac7c14490a40e3811af0f1,static-scan,baseline classification retained
app/src/test/java/com/deepseekharness/app/util/MaintenanceErrorTextTest.java,test-or-gate,unchanged,fe3afb68432dc812ad06bdfbff5f17bd946bbd781ec697f4af1e606abb56f677,fe3afb68432dc812ad06bdfbff5f17bd946bbd781ec697f4af1e606abb56f677,static-scan,baseline classification retained
app/src/test/java/com/deepseekharness/app/util/MaintenanceGateIntegrationTest.java,added source/test/input; see issue ledger,new,,e83a66c09a5e7a80074ad5cff41fc7a10c832a5ebcdf73b46aad3407355e1372,not in baseline,"changed input bound to software receipt; specific deep/behavior/device evidence in issue ledger, not blanket branch coverage"
app/src/test/java/com/deepseekharness/app/util/MaintenanceGateTest.java,added source/test/input; see issue ledger,new,,2d086eec26780e19c96bb326b8b26ef7a8b0ecb3c8833fc02a802dbabc91752d,not in baseline,"changed input bound to software receipt; specific deep/behavior/device evidence in issue ledger, not blanket branch coverage"
app/src/test/java/com/deepseekharness/app/util/MaintenanceTransactionTest.java,test-or-gate,unchanged,c89bb52e9a482cf6c67a32ff12c7225d190b66c75616d9f7c5a89264bb440c89,c89bb52e9a482cf6c67a32ff12c7225d190b66c75616d9f7c5a89264bb440c89,static-scan,baseline classification retained
app/src/test/java/com/deepseekharness/app/util/ManagedAssetVersionTest.java,test-or-gate,unchanged,4322e6835cf30fe357d43176b30fdbd0d103a10890c89ba86a033a3ee9819ece,4322e6835cf30fe357d43176b30fdbd0d103a10890c89ba86a033a3ee9819ece,static-scan,baseline classification retained
app/src/test/java/com/deepseekharness/app/util/ManagedInstallPathTest.java,added source/test/input; see issue ledger,new,,80e2b681694ff6acdef401d19eefeb92ff8bed81326ba607ec3061758047f4ec,not in baseline,"changed input bound to software receipt; specific deep/behavior/device evidence in issue ledger, not blanket branch coverage"
app/src/test/java/com/deepseekharness/app/util/MicrophonePolicyTest.java,test-or-gate,unchanged,e881be5e117ae884091a599d92a30b8a6bc02388d1e02419c0e853b6c65d8d92,e881be5e117ae884091a599d92a30b8a6bc02388d1e02419c0e853b6c65d8d92,static-scan,baseline classification retained
app/src/test/java/com/deepseekharness/app/util/ModelConfigurationTest.java,test-or-gate,unchanged,23c868e0c02f63898f8d1693ee0dd6844802b16b58bef4bed194f48f36dd8649,23c868e0c02f63898f8d1693ee0dd6844802b16b58bef4bed194f48f36dd8649,static-scan,baseline classification retained
app/src/test/java/com/deepseekharness/app/util/OneShotLaunchAuthorityTest.java,test-or-gate,unchanged,e5df302ebdaef34c3e2cfb81ea541edf940b06edc92f6a9aead871a062c37fb7,e5df302ebdaef34c3e2cfb81ea541edf940b06edc92f6a9aead871a062c37fb7,static-scan,baseline classification retained
app/src/test/java/com/deepseekharness/app/util/OverlayFrameBufferTest.java,test-or-gate,unchanged,59386030bc7e871093e89373d903cd66f56ae0404a315f63734caad83861dcf1,59386030bc7e871093e89373d903cd66f56ae0404a315f63734caad83861dcf1,static-scan,baseline classification retained
app/src/test/java/com/deepseekharness/app/util/PictureInPicturePolicyTest.java,test-or-gate,unchanged,5b378db6b25d32c94226eee568ebe86d188038db028e010b93f7c724c3e32e86,5b378db6b25d32c94226eee568ebe86d188038db028e010b93f7c724c3e32e86,static-scan,baseline classification retained
app/src/test/java/com/deepseekharness/app/util/PluginFailureOwnerTest.java,test-or-gate,unchanged,ea60276fd37a6f0cc5e665218d3c90eb566400106c53269f04dbcf7f2145a131,ea60276fd37a6f0cc5e665218d3c90eb566400106c53269f04dbcf7f2145a131,static-scan,baseline classification retained
app/src/test/java/com/deepseekharness/app/util/PluginInstallLinkTest.java,test-or-gate,unchanged,0558978638f7efcd467a5854bd47bbcc29af4f7b4cb45ad2dd1ea99d75055151,0558978638f7efcd467a5854bd47bbcc29af4f7b4cb45ad2dd1ea99d75055151,static-scan,baseline classification retained
app/src/test/java/com/deepseekharness/app/util/PluginOutputTest.java,test-or-gate,modified,9a2c3bbed6bc18b6de6fb4f90e9a5f0eb95623c475ebf997a2de9add1584e5e2,24154c1b456fe09b113cfe4f0c2dcaab170569a5a0f5f12cbb9eb9da8c28e17e,static-scan,"changed input bound to software receipt; specific deep/behavior/device evidence in issue ledger, not blanket branch coverage"
app/src/test/java/com/deepseekharness/app/util/PluginSortTest.java,test-or-gate,unchanged,47861f59af55ee7cf14a2b2535c680c2041750a0c0e82fcb52ec0838309aeda6,47861f59af55ee7cf14a2b2535c680c2041750a0c0e82fcb52ec0838309aeda6,static-scan,baseline classification retained
app/src/test/java/com/deepseekharness/app/util/PluginSourceTest.java,test-or-gate,unchanged,adadc46dba7a2848ae36510e101e4c918920b9680810a4e27529e019d67736c2,adadc46dba7a2848ae36510e101e4c918920b9680810a4e27529e019d67736c2,static-scan,baseline classification retained
app/src/test/java/com/deepseekharness/app/util/PowerPolicyTest.java,test-or-gate,unchanged,a43268b57c2cbdca9b315a6b6cc53dc636eaf233ae8f5afd2df473a4e62145ec,a43268b57c2cbdca9b315a6b6cc53dc636eaf233ae8f5afd2df473a4e62145ec,static-scan,baseline classification retained
app/src/test/java/com/deepseekharness/app/util/PreferenceValueTest.java,test-or-gate,unchanged,3f280aafb19d9079579b1a770363a95e7822f77ea49bf2045ac8778c10cec235,3f280aafb19d9079579b1a770363a95e7822f77ea49bf2045ac8778c10cec235,static-scan,baseline classification retained
app/src/test/java/com/deepseekharness/app/util/PreviewNavigationTest.java,test-or-gate,unchanged,685c86f1f5524c3f2d02a373cf77b93f30260d8478b519c6f46749255378bbd5,685c86f1f5524c3f2d02a373cf77b93f30260d8478b519c6f46749255378bbd5,static-scan,baseline classification retained
app/src/test/java/com/deepseekharness/app/util/ProcessIdentityTest.java,test-or-gate,unchanged,7a825eaec3e82a3078d26e7c70563c0162681475ecdf0595159bb869f00b244e,7a825eaec3e82a3078d26e7c70563c0162681475ecdf0595159bb869f00b244e,static-scan,baseline classification retained
app/src/test/java/com/deepseekharness/app/util/ProcessOutputCaptureTest.java,test-or-gate,unchanged,908da2c7100585e2c7800f49dc42422fefbe7e3a834d728d0497021ba54277c9,908da2c7100585e2c7800f49dc42422fefbe7e3a834d728d0497021ba54277c9,static-scan,baseline classification retained
app/src/test/java/com/deepseekharness/app/util/ProcessTerminationTest.java,test-or-gate,unchanged,3507538338aaecb80209d662bfdd64d3f74effec8bb75fd7530d0436b70cca88,3507538338aaecb80209d662bfdd64d3f74effec8bb75fd7530d0436b70cca88,static-scan,baseline classification retained
app/src/test/java/com/deepseekharness/app/util/ProfileConfigPathTest.java,test-or-gate,unchanged,e4f0a9eda8fcdd77a9cf23bf1c3286bc462d168dd98f6548d5b6eb29ea623a18,e4f0a9eda8fcdd77a9cf23bf1c3286bc462d168dd98f6548d5b6eb29ea623a18,static-scan,baseline classification retained
app/src/test/java/com/deepseekharness/app/util/QueryTest.java,test-or-gate,unchanged,332a5e137b541b0848e1763cfd258b0e65ccacd866f0bc2f76e2a48596a6305d,332a5e137b541b0848e1763cfd258b0e65ccacd866f0bc2f76e2a48596a6305d,static-scan,baseline classification retained
app/src/test/java/com/deepseekharness/app/util/Rc1MigrationResultTest.java,test-or-gate,unchanged,dc7bb4b43917a90cc45e4e3f0e0840bccb37f1b60110c956f5339b47374731ac,dc7bb4b43917a90cc45e4e3f0e0840bccb37f1b60110c956f5339b47374731ac,static-scan,baseline classification retained
app/src/test/java/com/deepseekharness/app/util/RecoveryArchiveSourceTest.java,test-or-gate,unchanged,bb69d60dd0cabfe575507984323246d84eb2403ad62efb718824c86da6580b8a,bb69d60dd0cabfe575507984323246d84eb2403ad62efb718824c86da6580b8a,static-scan,baseline classification retained
app/src/test/java/com/deepseekharness/app/util/RecoveryBrokerProtocolTest.java,test-or-gate,unchanged,d62668ccf75618a75550a3b6b30f87c990b5140f57569b3cd30535e58b639c3c,d62668ccf75618a75550a3b6b30f87c990b5140f57569b3cd30535e58b639c3c,static-scan,baseline classification retained
app/src/test/java/com/deepseekharness/app/util/RecoveryLocalePolicyTest.java,test-or-gate,modified,0a56fb9b01341ec8524cda33c3584e1267ca3d27e2a413630a0bf0ececfcc0ad,cb73e8b80166523b8c94318f6834d6ece5cb0b5a60adb4c465db141b8dcc9109,static-scan,"changed input bound to software receipt; specific deep/behavior/device evidence in issue ledger, not blanket branch coverage"
app/src/test/java/com/deepseekharness/app/util/RecoveryRepairPlanTest.java,test-or-gate,unchanged,0cd4a22f29c5998040b559e88cdcf6df99855564c6241c75f1ad3ecee1f61932,0cd4a22f29c5998040b559e88cdcf6df99855564c6241c75f1ad3ecee1f61932,static-scan,baseline classification retained
app/src/test/java/com/deepseekharness/app/util/RecoveryStatusTextTest.java,added source/test/input; see issue ledger,new,,c0d98a02eda583d7dabbfd256c7e1a5a744d2018967311f2d8c5944ca536451d,not in baseline,"changed input bound to software receipt; specific deep/behavior/device evidence in issue ledger, not blanket branch coverage"
app/src/test/java/com/deepseekharness/app/util/RegenerableCachePathsTest.java,test-or-gate,unchanged,04fa51bd2d032a15baa4f54657c183f8c91552456a3ece02abc9582725adc99e,04fa51bd2d032a15baa4f54657c183f8c91552456a3ece02abc9582725adc99e,static-scan,baseline classification retained
app/src/test/java/com/deepseekharness/app/util/ResolverConfigTest.java,test-or-gate,unchanged,d209e094256ab27374321d83c02bd568ecccb8a9012cc985d4efdc9f1931d18d,d209e094256ab27374321d83c02bd568ecccb8a9012cc985d4efdc9f1931d18d,static-scan,baseline classification retained
app/src/test/java/com/deepseekharness/app/util/RestartBudgetTest.java,test-or-gate,unchanged,0a6b178cc36bcc43dff7ac231d3c22c1703d3b61af867e8651b2f9998736f377,0a6b178cc36bcc43dff7ac231d3c22c1703d3b61af867e8651b2f9998736f377,static-scan,baseline classification retained
app/src/test/java/com/deepseekharness/app/util/ResumableDownloadTest.java,test-or-gate,unchanged,f4a83fd03227285d4b8185d1412da6feab623cadcf23a799dd910c3898bd8701,f4a83fd03227285d4b8185d1412da6feab623cadcf23a799dd910c3898bd8701,static-scan,baseline classification retained
app/src/test/java/com/deepseekharness/app/util/RootfsBootstrapTest.java,test-or-gate,unchanged,f7bd4f7bf5c96bcd677ca154453484d9b445bcfdaf60c402098baca6991b59e6,f7bd4f7bf5c96bcd677ca154453484d9b445bcfdaf60c402098baca6991b59e6,static-scan,baseline classification retained
app/src/test/java/com/deepseekharness/app/util/RuntimeInstanceReadinessTest.java,test-or-gate,unchanged,4e9bf6dfa4e1729e6c30858e835b11c20027d42ef7e2622505043f230611ea93,4e9bf6dfa4e1729e6c30858e835b11c20027d42ef7e2622505043f230611ea93,static-scan,baseline classification retained
app/src/test/java/com/deepseekharness/app/util/RuntimeInstanceRegistryTest.java,test-or-gate,unchanged,9a1ab3a608fb468d0cfbcf9b1e0121626c0b887eae925518f75404293a66e7a2,9a1ab3a608fb468d0cfbcf9b1e0121626c0b887eae925518f75404293a66e7a2,static-scan,baseline classification retained
app/src/test/java/com/deepseekharness/app/util/RuntimeTaskRegistryTest.java,test-or-gate,unchanged,d0758a2e64f4625385e0d48a8321b20a150a1b5eaeddac17c6676d0929a06d48,d0758a2e64f4625385e0d48a8321b20a150a1b5eaeddac17c6676d0929a06d48,static-scan,baseline classification retained
app/src/test/java/com/deepseekharness/app/util/RuntimeTrialOutputPolicyTest.java,test-or-gate,unchanged,6236136acbf6447282edec07e53da41ac61717a200e01b39e403eee2de18a86e,6236136acbf6447282edec07e53da41ac61717a200e01b39e403eee2de18a86e,static-scan,baseline classification retained
app/src/test/java/com/deepseekharness/app/util/RuntimeUpdateTransactionTest.java,test-or-gate,unchanged,8edead17c7ab7a4c5214e9e042afd7e1fb9c25f3528848f152f5cbd3e771cbf3,8edead17c7ab7a4c5214e9e042afd7e1fb9c25f3528848f152f5cbd3e771cbf3,static-scan,baseline classification retained
app/src/test/java/com/deepseekharness/app/util/ScreenSessionGrantTest.java,test-or-gate,modified,a6244c610b6ccaf88a61aee2f403afb1aa429b700a63255dda7990658541025e,a76a2d7e6434a40283ac87185148f3ce4a768f7b6da674edd41e9c59cbe47304,static-scan,"changed input bound to software receipt; specific deep/behavior/device evidence in issue ledger, not blanket branch coverage"
app/src/test/java/com/deepseekharness/app/util/SensitiveDataTest.java,test-or-gate,unchanged,d6091de918a0f4bf380a9d44f211aec8b02ea52d998d2a3bba2edfe57b4a5f63,d6091de918a0f4bf380a9d44f211aec8b02ea52d998d2a3bba2edfe57b4a5f63,static-scan,baseline classification retained
app/src/test/java/com/deepseekharness/app/util/SharedServiceLeasesTest.java,test-or-gate,unchanged,88321a6569c4340cb983be16a1aedc9bc87db06c7b640976afcbc4aff3af56f2,88321a6569c4340cb983be16a1aedc9bc87db06c7b640976afcbc4aff3af56f2,static-scan,baseline classification retained
app/src/test/java/com/deepseekharness/app/util/ShellQuoteTest.java,test-or-gate,unchanged,86e60cd82e5fad8b55524487197d4fd08ba95202efaf9b72075637f20068d3f7,86e60cd82e5fad8b55524487197d4fd08ba95202efaf9b72075637f20068d3f7,static-scan,baseline classification retained
app/src/test/java/com/deepseekharness/app/util/SmsQueryTest.java,test-or-gate,unchanged,63e88b3b3835213903db3ed70d78d814947b06d30d5d27d7a8b4ad6647c20b56,63e88b3b3835213903db3ed70d78d814947b06d30d5d27d7a8b4ad6647c20b56,static-scan,baseline classification retained
app/src/test/java/com/deepseekharness/app/util/SocketDispatchTest.java,test-or-gate,unchanged,45d5b99537bdb560ddf7beacb1f350341df9dbd7e891e26bc214fc437863158a,45d5b99537bdb560ddf7beacb1f350341df9dbd7e891e26bc214fc437863158a,static-scan,baseline classification retained
app/src/test/java/com/deepseekharness/app/util/StartupHistoryStoreTest.java,test-or-gate,unchanged,0084150f8ba12e7a45bdaf8c535620c4326d87d5d6ada8b6e12b36b97e2e58f7,0084150f8ba12e7a45bdaf8c535620c4326d87d5d6ada8b6e12b36b97e2e58f7,static-scan,baseline classification retained
app/src/test/java/com/deepseekharness/app/util/StartupTextTest.java,test-or-gate,unchanged,c571c63b7a4593b06708e058d3f6f2400fca745d4f04d1533b598425ccaf1b0c,c571c63b7a4593b06708e058d3f6f2400fca745d4f04d1533b598425ccaf1b0c,static-scan,baseline classification retained
app/src/test/java/com/deepseekharness/app/util/StartupTraceTest.java,test-or-gate,unchanged,7f3f9e76efd7494f400426efe44546d2a3716542394aedf4ecbca0a588849789,7f3f9e76efd7494f400426efe44546d2a3716542394aedf4ecbca0a588849789,static-scan,baseline classification retained
app/src/test/java/com/deepseekharness/app/util/TerminalReadyTest.java,added source/test/input; see issue ledger,new,,e331eee1f91780af90898aff85efd64fc71a6d7e924703173a56fac4067d6ce2,not in baseline,"changed input bound to software receipt; specific deep/behavior/device evidence in issue ledger, not blanket branch coverage"
app/src/test/java/com/deepseekharness/app/util/TerminalSessionTest.java,test-or-gate,modified,c8e4329bf1f96ed703c39cb8ebf4c6544ea4f6185c0c0eb3009db09452efc514,20b6596d7a951ab6480610947b48dd565b6db06eb590b41fc6240dcc649e8f09,static-scan,"changed input bound to software receipt; specific deep/behavior/device evidence in issue ledger, not blanket branch coverage"
app/src/test/java/com/deepseekharness/app/util/TerminalTabsTest.java,test-or-gate,modified,6c22222dc08697a66f9bf14297c0be6bb13243a08931799837330ceaae613031,40ae7e7b3aa7ff35263ee589844f5c24a9025324e7ecbb756676458ccae351bf,static-scan,"changed input bound to software receipt; specific deep/behavior/device evidence in issue ledger, not blanket branch coverage"
app/src/test/java/com/deepseekharness/app/util/TextLogTailTest.java,test-or-gate,unchanged,431f46318d921d59e22f66c17b9fe08b06077399e94fef332778f92fda4850d8,431f46318d921d59e22f66c17b9fe08b06077399e94fef332778f92fda4850d8,static-scan,baseline classification retained
app/src/test/java/com/deepseekharness/app/util/UiLanguagePreferenceTest.java,test-or-gate,modified,e25155345068ca5a13bea5f5e4d70c109c0b4cee9f158ea2bc4b57f75d9e43d6,04d635abd7ddcf6d2a6b6ccafdddd564c41f0f2b5ef639b81cc717a251ea5c36,static-scan,"changed input bound to software receipt; specific deep/behavior/device evidence in issue ledger, not blanket branch coverage"
app/src/test/java/com/deepseekharness/app/util/UiStateTextTest.java,test-or-gate,unchanged,9bfa4b339d875b69b7d09ffe72e1060666f648ecab0cb43857ee33b8f0558d8e,9bfa4b339d875b69b7d09ffe72e1060666f648ecab0cb43857ee33b8f0558d8e,static-scan,baseline classification retained
app/src/test/java/com/deepseekharness/app/util/UiTextTest.java,test-or-gate,unchanged,844fe3609fc6457e128d9a29de1425ee363469544cd13035e894bd726cebd60c,844fe3609fc6457e128d9a29de1425ee363469544cd13035e894bd726cebd60c,static-scan,baseline classification retained
app/src/test/java/com/deepseekharness/app/util/UiThemePreferenceTest.java,test-or-gate,unchanged,81042a99950bccfc59138f66cc633d004ea5e4828453ff012d54a1e3c6e945aa,81042a99950bccfc59138f66cc633d004ea5e4828453ff012d54a1e3c6e945aa,static-scan,baseline classification retained
app/src/test/java/com/deepseekharness/app/util/UpdatePolicyTest.java,test-or-gate,unchanged,c8924aa5cc21f133cea3c659c8b045ab86e1528ae0634f56eee1815b4a8a5f40,c8924aa5cc21f133cea3c659c8b045ab86e1528ae0634f56eee1815b4a8a5f40,static-scan,baseline classification retained
app/src/test/java/com/deepseekharness/app/util/VirtualScreenPolicyTest.java,test-or-gate,unchanged,41f506808607186757791ae9ffe19b3f0b9b2696239343d65e7bf5ff40b7cbfb,41f506808607186757791ae9ffe19b3f0b9b2696239343d65e7bf5ff40b7cbfb,static-scan,baseline classification retained
app/src/test/java/com/deepseekharness/app/util/VirtualScreenRoutesTest.java,test-or-gate,unchanged,db44048448315f8d7eb278dc593588914fa4fe0fe067fe98ef67ad09ff34d1aa,db44048448315f8d7eb278dc593588914fa4fe0fe067fe98ef67ad09ff34d1aa,static-scan,baseline classification retained
app/src/test/java/com/deepseekharness/app/util/WebLifecycleTest.java,test-or-gate,unchanged,2cb7edce0b2c7d396954e89ef89e02656540fda78a959c1d3095838f8a895be6,2cb7edce0b2c7d396954e89ef89e02656540fda78a959c1d3095838f8a895be6,static-scan,baseline classification retained
app/src/test/java/com/deepseekharness/app/util/WebPidIdentityTest.java,test-or-gate,unchanged,0b67df9313eed31893be833e07721cb905f193fe2f4cbe44aaa0a0d14d326aca,0b67df9313eed31893be833e07721cb905f193fe2f4cbe44aaa0a0d14d326aca,static-scan,baseline classification retained
app/src/test/java/com/deepseekharness/app/util/WebPortPolicyTest.java,test-or-gate,unchanged,61d3011950f0ca999c5836df8723d2d0b3def286e2d323e9721c357763f6e00c,61d3011950f0ca999c5836df8723d2d0b3def286e2d323e9721c357763f6e00c,static-scan,baseline classification retained
app/src/test/java/com/deepseekharness/app/util/WebPreviewPolicyTest.java,test-or-gate,unchanged,c4f15fb8d046e649d39f1253e780974f65b446143e8bf34bfda8ad9b0088ce36,c4f15fb8d046e649d39f1253e780974f65b446143e8bf34bfda8ad9b0088ce36,static-scan,baseline classification retained
app/src/test/java/com/deepseekharness/app/util/WebProcSelTest.java,test-or-gate,unchanged,bbab44369269d0b6571e465f510f22b0b9f3359abcb954f14553fc8027ba71db,bbab44369269d0b6571e465f510f22b0b9f3359abcb954f14553fc8027ba71db,static-scan,baseline classification retained
app/src/test/java/com/deepseekharness/app/util/WebRuntimeFallbackTest.java,test-or-gate,unchanged,857ef05b1b4d9dbd0c4574cb9a8af14dda6b0ad7b6b60d18641fa322ee70e4f5,857ef05b1b4d9dbd0c4574cb9a8af14dda6b0ad7b6b60d18641fa322ee70e4f5,static-scan,baseline classification retained
app/src/test/java/com/deepseekharness/app/util/WebStopEvidenceTest.java,test-or-gate,unchanged,353ad43edb713571e7f4d610ee69075132d1a681dde98b9b668c4c3ec6c68d2f,353ad43edb713571e7f4d610ee69075132d1a681dde98b9b668c4c3ec6c68d2f,static-scan,baseline classification retained
app/src/test/java/com/deepseekharness/app/util/WebTransferPolicyTest.java,test-or-gate,unchanged,c065f67f9d202c88e5a3710759f6756caea475ef4626c14293527c2bf227dec7,c065f67f9d202c88e5a3710759f6756caea475ef4626c14293527c2bf227dec7,static-scan,baseline classification retained
app/src/test/java/com/deepseekharness/app/util/WebUploadSessionBudgetTest.java,test-or-gate,unchanged,a74b2c45706a9f84829d4f81f40af0dbdf4b3685e8e3e0468083dfe6234e1434,a74b2c45706a9f84829d4f81f40af0dbdf4b3685e8e3e0468083dfe6234e1434,static-scan,baseline classification retained
app/src/test/java/com/deepseekharness/app/vscreen/VirtualScreenManagerRevocationTest.java,added source/test/input; see issue ledger,new,,03e34af4a7923002938ff05b16285097233221278fbad12b48bf8b311384c440,not in baseline,"changed input bound to software receipt; specific deep/behavior/device evidence in issue ledger, not blanket branch coverage"
app/src/test/resources/backups/v5-aesgcm-vector.json,test-or-gate,unchanged,ff2340d7289f764f3486af4dae225650b296745dba5840aea476361319102bc6,ff2340d7289f764f3486af4dae225650b296745dba5840aea476361319102bc6,enumerated,baseline classification retained
build.gradle,configuration,unchanged,47e094b953d3951ab097c173a334a41a5ae80f9d9980f459b1b7b48436df7805,47e094b953d3951ab097c173a334a41a5ae80f9d9980f459b1b7b48436df7805,enumerated,baseline classification retained
build.sh,source,unchanged,dc7a8c5555f90519bcc70436b20fb9ce23391c6067adca00e129fefa367ec34c,dc7a8c5555f90519bcc70436b20fb9ce23391c6067adca00e129fefa367ec34c,static-scan,baseline classification retained
gradle.properties,configuration,unchanged,8460e3e359eff76ea3f8294fad3692e944bffe46216b9943551fb5c71870bafa,8460e3e359eff76ea3f8294fad3692e944bffe46216b9943551fb5c71870bafa,enumerated,baseline classification retained
gradle/wrapper/gradle-wrapper.jar,binary-or-resource,unchanged,b3a875ddc1f044746e1b1a55f645584505f4a10438c1afea9f15e92a7c42ec13,b3a875ddc1f044746e1b1a55f645584505f4a10438c1afea9f15e92a7c42ec13,enumerated,baseline classification retained
gradle/wrapper/gradle-wrapper.properties,configuration,unchanged,1e3d87ddfd70069f68afa0c9ddcaab26913c3baf3d809447b0362d2d49f57325,1e3d87ddfd70069f68afa0c9ddcaab26913c3baf3d809447b0362d2d49f57325,enumerated,baseline classification retained
gradlew,source,unchanged,fb68debc1b1acf8ec55dc0d5e5495e1dedd0bd6b61f304bee61613eeb2bd9b92,fb68debc1b1acf8ec55dc0d5e5495e1dedd0bd6b61f304bee61613eeb2bd9b92,enumerated,baseline classification retained
gradlew.bat,source,unchanged,fedad02c18e266ec094995a5751b7fe1eb6e74f66bf75db64fae2e50eb22c234,fedad02c18e266ec094995a5751b7fe1eb6e74f66bf75db64fae2e50eb22c234,enumerated,baseline classification retained
settings.gradle,configuration,unchanged,fc2088bfe4d720d161016032982f0b614a70c03b9a875475fb4ef2bc12235351,fc2088bfe4d720d161016032982f0b614a70c03b9a875475fb4ef2bc12235351,enumerated,baseline classification retained
tools/TarRepro.java,source,unchanged,a01874d60e6f4879244c0959c88a50503278a15fb58c218d2d394450d4468ce1,a01874d60e6f4879244c0959c88a50503278a15fb58c218d2d394450d4468ce1,static-scan,baseline classification retained
tools/aidl-stub/README.md,documentation,unchanged,ef314a670d53676ac332a31ff54ec2f5065b1181433524d7fe7a63e6300869eb,ef314a670d53676ac332a31ff54ec2f5065b1181433524d7fe7a63e6300869eb,enumerated,baseline classification retained
tools/aidl-stub/com/deepseekharness/app/IShellService.java,source,unchanged,00d4becc8c92167d84432672fbfceead9e836a32b22a72f96589dafe17f0bd62,00d4becc8c92167d84432672fbfceead9e836a32b22a72f96589dafe17f0bd62,static-scan,baseline classification retained
tools/apply-mobile-client-patches.mjs,source,unchanged,2c936d3e80597b97236dae3a4ef7a4b29904dd80fd8c11af3a394a08e054ffb5,2c936d3e80597b97236dae3a4ef7a4b29904dd80fd8c11af3a394a08e054ffb5,static-scan,baseline classification retained
tools/audit-standard-apk.py,test-or-gate,unchanged,41b20ab3119cee52ae880ea694909be07aec0a2533ae5fffd0d7eb71f9351f83,41b20ab3119cee52ae880ea694909be07aec0a2533ae5fffd0d7eb71f9351f83,static-scan,baseline classification retained
tools/backup-dependencies.lock.json,configuration,unchanged,6f21aa5fd867653c8a63c023265ac7c18d81aad348949bec92b42cc55ffa384e,6f21aa5fd867653c8a63c023265ac7c18d81aad348949bec92b42cc55ffa384e,enumerated,baseline classification retained
tools/build-dsh-runtime.py,source,unchanged,f15e89ceef0b00c6930146301d0417e34fef5118ffafac9239a7b64d0b6d2341,f15e89ceef0b00c6930146301d0417e34fef5118ffafac9239a7b64d0b6d2341,static-scan,baseline classification retained
tools/build-low-proot.py,source,unchanged,40bffd6a99e7fd5abef38570559d627095e4258f63b063ccd0d6ad889d5112d7,40bffd6a99e7fd5abef38570559d627095e4258f63b063ccd0d6ad889d5112d7,static-scan,baseline classification retained
tools/build-standard-runtime.py,source,unchanged,f5d1106fc70eba055428a51383501b5dddccc5cb61f32d88410134ba721b1cf9,f5d1106fc70eba055428a51383501b5dddccc5cb61f32d88410134ba721b1cf9,static-scan,baseline classification retained
tools/control-adb-flow-audit.py,source,unchanged,5a638ceecd60fb4760c0574f32067346ef99ac186630a58e4b16fd4464a5e4c5,5a638ceecd60fb4760c0574f32067346ef99ac186630a58e4b16fd4464a5e4c5,static-scan,baseline classification retained
tools/control-functional-audit.py,source,unchanged,92965eb1b339d81b028307880ca208acbd86f0b2b7c0e1529ff85522eda2a691,92965eb1b339d81b028307880ca208acbd86f0b2b7c0e1529ff85522eda2a691,static-scan,baseline classification retained
tools/device-backup-audit.init.gradle,configuration,unchanged,2282eb856cc737563c2168f8ffd3fb8824a3774e7085cfb4a77ed7c5aff9e36b,2282eb856cc737563c2168f8ffd3fb8824a3774e7085cfb4a77ed7c5aff9e36b,enumerated,baseline classification retained
tools/device-policy-device-audit.py,source,unchanged,f5a8fc3ee29600bf9f8ce28cdbddbe5dfd8f427a7bd8f9602f6ccf78515d30a8,f5a8fc3ee29600bf9f8ce28cdbddbe5dfd8f427a7bd8f9602f6ccf78515d30a8,static-scan,baseline classification retained
tools/device-startup-diagnostics.py,source,unchanged,98143bf2eff170890f45db054aab01976a32f5f42c503e15c10573fd4268eb88,98143bf2eff170890f45db054aab01976a32f5f42c503e15c10573fd4268eb88,static-scan,baseline classification retained
tools/device-startup-performance.py,source,unchanged,69022ec09ec44c734d6c3114bd59637c13f14671c40e4bbdcf19611d39cadc01,69022ec09ec44c734d6c3114bd59637c13f14671c40e4bbdcf19611d39cadc01,static-scan,baseline classification retained
tools/dns-compat-fixture.c,source,unchanged,78a16156cdf473972ba3954a54b5be1aeaf048012842cd027e38f30566c5ddab,78a16156cdf473972ba3954a54b5be1aeaf048012842cd027e38f30566c5ddab,static-scan,baseline classification retained
tools/dsh-runtime/package-lock.json,configuration,unchanged,47cbce895098dcf0e108658c832e71ee7583435197710c91ff492ae88a4dfe64,47cbce895098dcf0e108658c832e71ee7583435197710c91ff492ae88a4dfe64,enumerated,baseline classification retained
tools/dsh-runtime/package.json,configuration,unchanged,35107c3f644fe3deffe27d96d3d70ce6fafa9d05a8776318633523a93b69bed3,35107c3f644fe3deffe27d96d3d70ce6fafa9d05a8776318633523a93b69bed3,enumerated,baseline classification retained
tools/fixtures/WebUiHostFixture.java,test-or-gate,unchanged,900380e28cd0d99cc8fe2b5ccc4e3f253f59a53667950b8634394fb5d48d4c52,900380e28cd0d99cc8fe2b5ccc4e3f253f59a53667950b8634394fb5d48d4c52,static-scan,baseline classification retained
tools/fixtures/documents-parent/DocumentParentFixture.java,added source/test/input; see issue ledger,new,,4855c029283ed8f0bdb9b5e261d3df7e7313aa28e586c8f418519a6cf6c43d6e,not in baseline,"changed input bound to software receipt; specific deep/behavior/device evidence in issue ledger, not blanket branch coverage"
tools/fixtures/documents-parent/com/deepseekharness/app/util/UiText.java,added source/test/input; see issue ledger,new,,8400cd20d1a8dddcb716323f378d5b96b6a9302ed16592a3ca68b83f0ea941b9,not in baseline,"changed input bound to software receipt; specific deep/behavior/device evidence in issue ledger, not blanket branch coverage"
tools/fixtures/sessions/provenance.json,test-or-gate,unchanged,9dd6da91a105694d028e381369cdf9307dd63c3789c0402cd9a80dc836bb0fc4,9dd6da91a105694d028e381369cdf9307dd63c3789c0402cd9a80dc836bb0fc4,enumerated,baseline classification retained
tools/fixtures/sessions/released-v0-real-shapes.jsonl,test-or-gate,unchanged,79f44919a664f867c22d91eb42f97b3de1c88df1a66bd79c0aa3945926873668,79f44919a664f867c22d91eb42f97b3de1c88df1a66bd79c0aa3945926873668,enumerated,baseline classification retained
tools/gen-star-history.py,source,unchanged,9d96d0bcf2e06ed1d7552b22226a9d4bbea43864cb26783151c1003f5ea0b674,9d96d0bcf2e06ed1d7552b22226a9d4bbea43864cb26783151c1003f5ea0b674,static-scan,baseline classification retained
tools/generate-backup-vector.mjs,source,unchanged,1a507e981eb1b84414f177c769759072a797125ddfac403db49280997d1c2216,1a507e981eb1b84414f177c769759072a797125ddfac403db49280997d1c2216,static-scan,baseline classification retained
tools/generate-release-manifest.py,source,unchanged,fd74f521f9fb87fcbd78a5620827140fd4e292c3f945e2a6b721e6574fa0b927,fd74f521f9fb87fcbd78a5620827140fd4e292c3f945e2a6b721e6574fa0b927,static-scan,baseline classification retained
tools/generated_asset_directory.py,source,unchanged,eb58fb7b1b1b815c59155eb4520baaa223b08efdd26916cc4b9f5f117f4ca639,eb58fb7b1b1b815c59155eb4520baaa223b08efdd26916cc4b9f5f117f4ca639,static-scan,baseline classification retained
tools/i18n/messages.json,configuration,modified,e6d1a83271d9abb284ce04e17cfe7aac6cc5ca9a2c26acbf4b9d18ece94366a6,fcc2181ab0c345951201eae9e7ed29ebcdbf38c3f0546ccd6cb6dbf0a9f882ee,enumerated,"changed input bound to software receipt; specific deep/behavior/device evidence in issue ledger, not blanket branch coverage"
tools/inject-arm64-natives.py,source,unchanged,8f9af620e97b7c9ec0d068c1fa6f6780807faaca17eab538c45b603cf37cd592,8f9af620e97b7c9ec0d068c1fa6f6780807faaca17eab538c45b603cf37cd592,static-scan,baseline classification retained
tools/localize-android-ui.py,source,unchanged,6efc01d16dfdcb31d571cf6cc4feb6e5190673b61bd5cb3e1a72e772649bcaf5,6efc01d16dfdcb31d571cf6cc4feb6e5190673b61bd5cb3e1a72e772649bcaf5,static-scan,baseline classification retained
tools/measure-rc1-sidebar.mjs,source,unchanged,29f6c185796264f21ed3232bc32c584a3a3e14ec86ab5b37c3478ccb5e978599,29f6c185796264f21ed3232bc32c584a3a3e14ec86ab5b37c3478ccb5e978599,static-scan,baseline classification retained
tools/measure-stability-device.py,source,unchanged,5171d35d9d7aac651b930a06d6caaee16b086c223c9f6b1a28acf8a59ca73310,5171d35d9d7aac651b930a06d6caaee16b086c223c9f6b1a28acf8a59ca73310,static-scan,baseline classification retained
tools/mobile-shortcut-guard.js,source,unchanged,8f07810b3209cd64aea8e41c8c1ea5866cb7eb4cf42be08077adc82c104cd1a6,8f07810b3209cd64aea8e41c8c1ea5866cb7eb4cf42be08077adc82c104cd1a6,static-scan,baseline classification retained
tools/native-session/build.ps1,source,unchanged,ead15e76a6454ccffd43d5b6005dfe2dd79ee45bfef463827de34fad59813ef0,ead15e76a6454ccffd43d5b6005dfe2dd79ee45bfef463827de34fad59813ef0,static-scan,baseline classification retained
tools/native-session/session-launcher.c,source,modified,7639826657f031da7c1b8fef42ddfeea911fcde02d8f21f4c388e8818203b463,9bd09bc8b7c7326331c7319d091fe34a4b204fa0987a8e9f5f0e141251cf987f,static-scan,"changed input bound to software receipt; specific deep/behavior/device evidence in issue ledger, not blanket branch coverage"
tools/overlay-bridge-test.mjs,source,unchanged,fb6aef6be3c2924cc68371cef5d833651f1bd071d4295e5beaca207f4c26658a,fb6aef6be3c2924cc68371cef5d833651f1bd071d4295e5beaca207f4c26658a,static-scan,baseline classification retained
tools/prepare-app-icon.py,source,unchanged,efa44abdbc8c69c567cba4af507775e003e146bf6d65a6bd4d539e75315484ac,efa44abdbc8c69c567cba4af507775e003e146bf6d65a6bd4d539e75315484ac,static-scan,baseline classification retained
tools/prepare-backup-assets.py,source,unchanged,116abe8ac8558da9ffa066e571f5125f85968f068271a091354ad621f4cc869b,116abe8ac8558da9ffa066e571f5125f85968f068271a091354ad621f4cc869b,static-scan,baseline classification retained
tools/prepare-dsh-runtime.py,source,unchanged,0f0c6fea4f9fb8e4d665b16842958f36f67fcb6bf9d0bd98b5d09518dd891804,0f0c6fea4f9fb8e4d665b16842958f36f67fcb6bf9d0bd98b5d09518dd891804,static-scan,baseline classification retained
tools/prepare-recovery-assets.py,source,modified,85d9d3bead5d26f8fe5cf47669ce51b61015577a81cbbc72300ee1e28824b205,8d335562698778cac48d4c28682d6535a9fc7d33c14ef6c1274cf45bf08814c2,static-scan,"changed input bound to software receipt; specific deep/behavior/device evidence in issue ledger, not blanket branch coverage"
tools/prepare-runtime-descriptor.py,source,modified,d2c2b7477841024d4240cf6aef34ebf90e4a596e0f9b3ad85b9a3c289f014ba8,bdb2ce96393397410ecde2febbeeb60d43d25a91cfd8437c51ddbc57617d5936,static-scan,"changed input bound to software receipt; specific deep/behavior/device evidence in issue ledger, not blanket branch coverage"
tools/prepare-standard-assets.py,source,unchanged,ceeec013da89864b5f371888b81d69d44612991807610c6ed264175f76f9594f,ceeec013da89864b5f371888b81d69d44612991807610c6ed264175f76f9594f,static-scan,baseline classification retained
tools/prepare-test-runtime.py,source,unchanged,f6fbf185c1f9904a99c422c9b7ab49bcb521c320fbf4c443a332ea25f6624b75,f6fbf185c1f9904a99c422c9b7ab49bcb521c320fbf4c443a332ea25f6624b75,static-scan,baseline classification retained
tools/prepare-ubuntu-tools.py,source,unchanged,4f36f206280bcc92a2868ee1914ec97ec9ff922245a29ed9fdeea853f40fb88c,4f36f206280bcc92a2868ee1914ec97ec9ff922245a29ed9fdeea853f40fb88c,static-scan,baseline classification retained
tools/prepare-ui-languages.py,source,unchanged,569f43452bb2550440a38ad19542a0020e81bee9dbd65a361bcc35536e041ee1,569f43452bb2550440a38ad19542a0020e81bee9dbd65a361bcc35536e041ee1,static-scan,baseline classification retained
tools/prepare-web-compat.mjs,source,unchanged,4db35b342d1e829c7a0fe7fb90b6992e1e3d50f15a58b32477706adeadf29d40,4db35b342d1e829c7a0fe7fb90b6992e1e3d50f15a58b32477706adeadf29d40,static-scan,baseline classification retained
tools/rc1-browser-fixture.mjs,source,unchanged,9dbc2c0a7bb831bb42d5e0032519db46c8e8b6179986b2fc5ff7bdc824425dd4,9dbc2c0a7bb831bb42d5e0032519db46c8e8b6179986b2fc5ff7bdc824425dd4,static-scan,baseline classification retained
tools/rebuild-dsh.py,source,unchanged,5c8d25a8e06659096404634d332dcbe17ac2580e917bd75273c0ed5504e9c629,5c8d25a8e06659096404634d332dcbe17ac2580e917bd75273c0ed5504e9c629,static-scan,baseline classification retained
tools/recovery-runtime/.gitignore,source,unchanged,0b38c216dfff1b64515e2bbaa4525a5bee556a85d2a96d289cf22758e5878534,0b38c216dfff1b64515e2bbaa4525a5bee556a85d2a96d289cf22758e5878534,enumerated,baseline classification retained
tools/recovery-runtime/README.md,documentation,unchanged,b0b062b51ebfd702a547da1be408146f17aa0bee9939966935d373c535ff8ce8,b0b062b51ebfd702a547da1be408146f17aa0bee9939966935d373c535ff8ce8,enumerated,baseline classification retained
tools/recovery-runtime/lock.json,configuration,unchanged,db3ca071b299931d1c5ac78db53dd5e300a8a18551de341a73691c6c2a9ec356,db3ca071b299931d1c5ac78db53dd5e300a8a18551de341a73691c6c2a9ec356,enumerated,baseline classification retained
tools/recovery_apk_assets.py,source,unchanged,d314c730d9dc57cb8b70d9b618ccb069b21ffdc95d3256310d8a94f159af467e,d314c730d9dc57cb8b70d9b618ccb069b21ffdc95d3256310d8a94f159af467e,static-scan,baseline classification retained
tools/recovery_runtime_overlay.py,added source/test/input; see issue ledger,new,,7214e11be13ab74a5143737311c816d5b711679f152b59158f366ba05b6f8a74,not in baseline,"changed input bound to software receipt; specific deep/behavior/device evidence in issue ledger, not blanket branch coverage"
tools/release-acceptance.json,added source/test/input; see issue ledger,new,,a26a6425c2cc9fc06520b6313894be49dcf38bf712c86dd4da63c9966edb0ac9,not in baseline,"changed input bound to software receipt; specific deep/behavior/device evidence in issue ledger, not blanket branch coverage"
tools/release_acceptance.py,added source/test/input; see issue ledger,new,,3d7f27069224621a4810506328dcb6ed16a156000a93bf24a1eec454f457ca10,not in baseline,"changed input bound to software receipt; specific deep/behavior/device evidence in issue ledger, not blanket branch coverage"
tools/run-backup-device-audit.py,source,unchanged,433f7721c7497dbedbaccfad0cd171ad4645458e84f67885139bc832a6398afe,433f7721c7497dbedbaccfad0cd171ad4645458e84f67885139bc832a6398afe,static-scan,baseline classification retained
tools/run-unit-tests.py,source,unchanged,1dacf632a4865aaed1c00890877424c08642f2fa1d7b3a7a67c3ea85a8a6c41b,1dacf632a4865aaed1c00890877424c08642f2fa1d7b3a7a67c3ea85a8a6c41b,static-scan,baseline classification retained
tools/runtime_input_contract.py,added source/test/input; see issue ledger,new,,5cc336b93cb1899fb40698061969dfc581e3c69b10eb05969f8197de0fb86bea,not in baseline,"changed input bound to software receipt; specific deep/behavior/device evidence in issue ledger, not blanket branch coverage"
tools/smoke-dsh-runtime.mjs,source,unchanged,2abb72bd708e3596871604d328c583eec1425173446edce22dc32d167ecbac58,2abb72bd708e3596871604d328c583eec1425173446edce22dc32d167ecbac58,static-scan,baseline classification retained
tools/termux-jni/LICENSE-2.0.txt,documentation,unchanged,cfc7749b96f63bd31c3c42b5c471bf756814053e847c10f3eb003417bc523d30,cfc7749b96f63bd31c3c42b5c471bf756814053e847c10f3eb003417bc523d30,enumerated,baseline classification retained
tools/termux-jni/LICENSE.upstream.md,documentation,unchanged,a8992ad867b1b4ea442693acb2e1ee829a814758e79a099bd8243a04ae383304,a8992ad867b1b4ea442693acb2e1ee829a814758e79a099bd8243a04ae383304,enumerated,baseline classification retained
tools/termux-jni/README.md,documentation,unchanged,c29a880a9d7014d58b125bd57e6f7a52a4bae4bda64e76dd22a2819382f521ca,c29a880a9d7014d58b125bd57e6f7a52a4bae4bda64e76dd22a2819382f521ca,enumerated,baseline classification retained
tools/termux-jni/build.ps1,source,unchanged,259b5f77bfe0d744894b33bcda122edc2f0929e127fea28666991e3dd9c2e002,259b5f77bfe0d744894b33bcda122edc2f0929e127fea28666991e3dd9c2e002,static-scan,baseline classification retained
tools/termux-jni/dsha-process.c,source,unchanged,38dc57e07c50b6a789c41d881e5aef302f4e0756409f8dae9a7426f4f4e9f452,38dc57e07c50b6a789c41d881e5aef302f4e0756409f8dae9a7426f4f4e9f452,static-scan,baseline classification retained
tools/termux-jni/dsha-pty.c,source,unchanged,0e6831f187b0e8c7c7c5b154dfac3a1d88cabf3ac5305b10746af457f04d7ebc,0e6831f187b0e8c7c7c5b154dfac3a1d88cabf3ac5305b10746af457f04d7ebc,static-scan,baseline classification retained
tools/termux-jni/dsha-pty.h,source,unchanged,5d4ea133eb6c51ec960f0a352dea0f34679fe2d594c7d7b8aefa97105914aeea,5d4ea133eb6c51ec960f0a352dea0f34679fe2d594c7d7b8aefa97105914aeea,static-scan,baseline classification retained
tools/termux-jni/termux.c,source,unchanged,729112f2e66cdddb7e7311ddf8a89ad54037a54bddbf4d5291f2e1fff5b97373,729112f2e66cdddb7e7311ddf8a89ad54037a54bddbf4d5291f2e1fff5b97373,static-scan,baseline classification retained
tools/test-adb-flow-audit.py,test-or-gate,unchanged,a4f2faa9d47defd6b9f6802852e3c938180a5487c2ddf89c1caa64de9e0de92d,a4f2faa9d47defd6b9f6802852e3c938180a5487c2ddf89c1caa64de9e0de92d,static-scan,baseline classification retained
tools/test-adb-flow.py,test-or-gate,modified,816f246d2a75263210b3d229680041260ec4badce2ec3da47f12f6de17708e5c,7c109c6d828f6206424e89ea1170bfa95e55f5210b4cfd9a6f7dd3edcdde6cd5,static-scan,"changed input bound to software receipt; specific deep/behavior/device evidence in issue ledger, not blanket branch coverage"
tools/test-adb-vscreen-bridge.py,test-or-gate,unchanged,c8d3cfb2645321f00d435166612b03666b7758919783834085d4ad846aeca9ec,c8d3cfb2645321f00d435166612b03666b7758919783834085d4ad846aeca9ec,static-scan,baseline classification retained
tools/test-agent-preset-switch.mjs,test-or-gate,unchanged,ae7be7a37984487351cda5ee47d07606c0ff525c544b5c8e15325799aaf32a41,ae7be7a37984487351cda5ee47d07606c0ff525c544b5c8e15325799aaf32a41,static-scan,baseline classification retained
tools/test-aidl-shim.ps1,test-or-gate,unchanged,07d51ea609dc2e6c73d7b42cf8255d439322c51805f6629b0beefd2126d5bc46,07d51ea609dc2e6c73d7b42cf8255d439322c51805f6629b0beefd2126d5bc46,static-scan,baseline classification retained
tools/test-alpha1-startup.mjs,test-or-gate,unchanged,5049709b1857b5fca0075925dd8cef39080448152dbf6f0ff3fa9656f8926974,5049709b1857b5fca0075925dd8cef39080448152dbf6f0ff3fa9656f8926974,static-scan,baseline classification retained
tools/test-alpha2-upgrade.mjs,test-or-gate,unchanged,7faa6e155a6ce1e52331485274945cf307f2de38bb553564457f1c73cda14924,7faa6e155a6ce1e52331485274945cf307f2de38bb553564457f1c73cda14924,static-scan,baseline classification retained
tools/test-android-computer-use.mjs,test-or-gate,unchanged,3d372e3dd64ca35baa1279d82bb7934c2a681c850be00481b4a129e9bf7a774a,3d372e3dd64ca35baa1279d82bb7934c2a681c850be00481b4a129e9bf7a774a,static-scan,baseline classification retained
tools/test-app-activity.mjs,test-or-gate,unchanged,1bd9bf1537875c6fbb1aea95c991ff204ae80b6f42fb2c71c10d93555f20f656,1bd9bf1537875c6fbb1aea95c991ff204ae80b6f42fb2c71c10d93555f20f656,static-scan,baseline classification retained
tools/test-architecture-boundaries.py,added source/test/input; see issue ledger,new,,f96826819388cc757acc33434f1483a2ae4a7669636ea180bbbd42409041b922,not in baseline,"changed input bound to software receipt; specific deep/behavior/device evidence in issue ledger, not blanket branch coverage"
tools/test-attachment-store.mjs,test-or-gate,unchanged,ec9a308912eb6f7aff6e4ded5621206fffdf498e08573f890cd96c6da57d95dd,ec9a308912eb6f7aff6e4ded5621206fffdf498e08573f890cd96c6da57d95dd,static-scan,baseline classification retained
tools/test-backup-device.py,test-or-gate,unchanged,22e493dfd991df623e09089487c171d21c60085750adf304946b0f308809e0a1,22e493dfd991df623e09089487c171d21c60085750adf304946b0f308809e0a1,static-scan,baseline classification retained
tools/test-backup-engine.py,test-or-gate,unchanged,51a0c31d608b4a2e9a3883d26288826a3634b459d8ca1cff679d45046feee81a,51a0c31d608b4a2e9a3883d26288826a3634b459d8ca1cff679d45046feee81a,static-scan,baseline classification retained
tools/test-bridge-logic.ps1,test-or-gate,unchanged,f29c3be2400bd533c58337d71a05e0cbcbd705b5197014b6a5029836751dfd6d,f29c3be2400bd533c58337d71a05e0cbcbd705b5197014b6a5029836751dfd6d,static-scan,baseline classification retained
tools/test-bridge-routes.py,test-or-gate,unchanged,44125d885fbffa3cb734ee3769e23a1d4e5ab8bd3568285da228571c62725115,44125d885fbffa3cb734ee3769e23a1d4e5ab8bd3568285da228571c62725115,static-scan,baseline classification retained
tools/test-browser-compat.mjs,test-or-gate,unchanged,bdf78717e111f821fd9b1523f7bb8ee46ce52fe17c46243c67eadc8a0924e656,bdf78717e111f821fd9b1523f7bb8ee46ce52fe17c46243c67eadc8a0924e656,static-scan,baseline classification retained
tools/test-chat-render-performance.mjs,test-or-gate,unchanged,060808f8ab9413c66242c8ab03ca8b9f3c1a32e06c08f21aa45b81f048e7f612,060808f8ab9413c66242c8ab03ca8b9f3c1a32e06c08f21aa45b81f048e7f612,static-scan,baseline classification retained
tools/test-client-combo-cache.mjs,test-or-gate,unchanged,ad953b1b6d254cdd0a8fc797e18f3cd3c4c6db7ce2ebd6c5b7133725032ccc8f,ad953b1b6d254cdd0a8fc797e18f3cd3c4c6db7ce2ebd6c5b7133725032ccc8f,static-scan,baseline classification retained
tools/test-composer-enter.mjs,test-or-gate,unchanged,0a0748fdfa89963b2d20c0d45a64bae3510202b1e2eebd00c54b27b040124b38,0a0748fdfa89963b2d20c0d45a64bae3510202b1e2eebd00c54b27b040124b38,static-scan,baseline classification retained
tools/test-conversation-materialized.mjs,test-or-gate,unchanged,09bcf469730b6b0aa114c8ca567a64cab8953ccb2c71fc874d2946727ded9503,09bcf469730b6b0aa114c8ca567a64cab8953ccb2c71fc874d2946727ded9503,static-scan,baseline classification retained
tools/test-deepseek-messages-compat.mjs,test-or-gate,unchanged,cc16d216b900f50f747434f19462f097b6f94bb7729e95a7bea544486d6bf2e5,cc16d216b900f50f747434f19462f097b6f94bb7729e95a7bea544486d6bf2e5,static-scan,baseline classification retained
tools/test-device-shell-policy.py,test-or-gate,unchanged,e950f4328ef5a4fc4e80af2f3a5740b93a98126c41584c9b6186e06bcb8e50b4,e950f4328ef5a4fc4e80af2f3a5740b93a98126c41584c9b6186e06bcb8e50b4,static-scan,baseline classification retained
tools/test-dns-compat-device.mjs,test-or-gate,unchanged,038f3b90ba6c4cdc4e0030f11472bbbe7a42e38718eec9e3ac001b691b630a28,038f3b90ba6c4cdc4e0030f11472bbbe7a42e38718eec9e3ac001b691b630a28,static-scan,baseline classification retained
tools/test-dns-compat.mjs,test-or-gate,unchanged,eaee9a0c18431aa5123287714b066d42c0ff64bf518115fdef638bbc601fb0e5,eaee9a0c18431aa5123287714b066d42c0ff64bf518115fdef638bbc601fb0e5,static-scan,baseline classification retained
tools/test-documents-parent.ps1,added source/test/input; see issue ledger,new,,4200265bdc7d02bd10cf2d2fa3b9694e7a3c2c4161cb942e2f45c6f890d6abb4,not in baseline,"changed input bound to software receipt; specific deep/behavior/device evidence in issue ledger, not blanket branch coverage"
tools/test-dsh-builtins.mjs,test-or-gate,unchanged,aa6e8260b98842eb46f8e1ab25a0ff2cf26f880d74e757ca54c3b9073fa4a131,aa6e8260b98842eb46f8e1ab25a0ff2cf26f880d74e757ca54c3b9073fa4a131,static-scan,baseline classification retained
tools/test-dsh-sessions.mjs,test-or-gate,unchanged,c949fa6549cf8f66b47698e44ab167005d6abbcd375ad0de6e2b07a3388a99d3,c949fa6549cf8f66b47698e44ab167005d6abbcd375ad0de6e2b07a3388a99d3,static-scan,baseline classification retained
tools/test-dsha-ui-regressions.py,test-or-gate,unchanged,5b1e3b8570ce9135e00b9c0a344f6e0f7844c91ea57a8ad70c6d781774ad8996,5b1e3b8570ce9135e00b9c0a344f6e0f7844c91ea57a8ad70c6d781774ad8996,static-scan,baseline classification retained
tools/test-environment-data.py,test-or-gate,unchanged,e5daca3937ebda5072df5ed6ba486cc4efbc09b1d1a1df0772ffd069d248e313,e5daca3937ebda5072df5ed6ba486cc4efbc09b1d1a1df0772ffd069d248e313,static-scan,baseline classification retained
tools/test-gecko-model-navigation.mjs,test-or-gate,unchanged,8fce7b499dbc640951a70d2a3163047936d45a505c344000e3bc892139d43d89,8fce7b499dbc640951a70d2a3163047936d45a505c344000e3bc892139d43d89,static-scan,baseline classification retained
tools/test-generated-asset-directory.py,test-or-gate,unchanged,9227d0009c44f49897accbd2255641baec8e05a5e4571dea5dad65dec9ce8f82,9227d0009c44f49897accbd2255641baec8e05a5e4571dea5dad65dec9ce8f82,static-scan,baseline classification retained
tools/test-issue67-startup.mjs,test-or-gate,unchanged,a5acca25dc98f23387d655abfa2e94fcd96b0a6cb8bc12bd2ea7374400ce9e15,a5acca25dc98f23387d655abfa2e94fcd96b0a6cb8bc12bd2ea7374400ce9e15,static-scan,baseline classification retained
tools/test-lexical-claim-compat.mjs,test-or-gate,unchanged,3d362ce68b4b4c371fcabc120851b6d5ba70e1bc89e406d4edec48d1d5212683,3d362ce68b4b4c371fcabc120851b6d5ba70e1bc89e406d4edec48d1d5212683,static-scan,baseline classification retained
tools/test-mobile-auth.mjs,test-or-gate,unchanged,c371c7654114c36bf63cd09e3c9f2e9c19de95a2406b0be23b9ec87447af2bc5,c371c7654114c36bf63cd09e3c9f2e9c19de95a2406b0be23b9ec87447af2bc5,static-scan,baseline classification retained
tools/test-mobile-delete.mjs,test-or-gate,unchanged,825eb6df466ca18a3a53694d2d197e8a034b233e0568c864d91b2a322231e626,825eb6df466ca18a3a53694d2d197e8a034b233e0568c864d91b2a322231e626,static-scan,baseline classification retained
tools/test-mobile-gesture-guard.mjs,test-or-gate,unchanged,ed2f24d71e0d97ac8938c4c73871f4122fe321e9b7b1e58eb1bed316bac6cef6,ed2f24d71e0d97ac8938c4c73871f4122fe321e9b7b1e58eb1bed316bac6cef6,static-scan,baseline classification retained
tools/test-mobile-modal-behavior.mjs,test-or-gate,unchanged,fadd4449b34ae63db390df86ecd852729243a9ceff77a2fe422dc0a1231e887a,fadd4449b34ae63db390df86ecd852729243a9ceff77a2fe422dc0a1231e887a,static-scan,baseline classification retained
tools/test-mobile-update.mjs,test-or-gate,unchanged,a7f1fef34d450c2acf822b66a7fa332fe4fcde6afb7f287440cac5eea43ce09f,a7f1fef34d450c2acf822b66a7fa332fe4fcde6afb7f287440cac5eea43ce09f,static-scan,baseline classification retained
tools/test-native-plugin-manager.mjs,test-or-gate,unchanged,1a80d779fd57bb65ee1b42cfc4929fa13d2387eab085e3b586a4b34971f8fe66,1a80d779fd57bb65ee1b42cfc4929fa13d2387eab085e3b586a4b34971f8fe66,static-scan,baseline classification retained
tools/test-notification-actions.py,test-or-gate,unchanged,02ed8b06325c5ca4b5e440d313eca6608b9b77de48c864b637757e15fa29754b,02ed8b06325c5ca4b5e440d313eca6608b9b77de48c864b637757e15fa29754b,static-scan,baseline classification retained
tools/test-office-fonts.mjs,test-or-gate,unchanged,ed0b4032a4d9cc69c462868828836a1295745780ccff1f4f862e9d922759fb2d,ed0b4032a4d9cc69c462868828836a1295745780ccff1f4f862e9d922759fb2d,static-scan,baseline classification retained
tools/test-pdf-compat.mjs,test-or-gate,unchanged,519486557f7a2af187136f52726f14b94f767196a740c4be5c2fef5bd7ae77e8,519486557f7a2af187136f52726f14b94f767196a740c4be5c2fef5bd7ae77e8,static-scan,baseline classification retained
tools/test-plugin-dependencies.py,test-or-gate,unchanged,48179a58d890276b934d712d9e0eef872cb43a280e4b9d5d2e9501c67dbf3a3c,48179a58d890276b934d712d9e0eef872cb43a280e4b9d5d2e9501c67dbf3a3c,static-scan,baseline classification retained
tools/test-plugin-discovery.py,test-or-gate,unchanged,53df222b4c4205697e3430a7e7d1c420fdd1064847f2ea5ccf641fe7edf7e3a6,53df222b4c4205697e3430a7e7d1c420fdd1064847f2ea5ccf641fe7edf7e3a6,static-scan,baseline classification retained
tools/test-plugin-review.py,test-or-gate,unchanged,fcf08167c5ba3c92b509e9881fa3b8d4fb53aadc348d7c16b5498d1c0cf1fc18,fcf08167c5ba3c92b509e9881fa3b8d4fb53aadc348d7c16b5498d1c0cf1fc18,static-scan,baseline classification retained
tools/test-plugin-semver.cjs,test-or-gate,unchanged,43b4f4f29580e2ee7d0f2484d0f648cf0a87c2b7c17bb8732bc3d86fb57e1f08,43b4f4f29580e2ee7d0f2484d0f648cf0a87c2b7c17bb8732bc3d86fb57e1f08,static-scan,baseline classification retained
tools/test-plugin-states.mjs,test-or-gate,unchanged,d8980d7aa8aa61fc9a6083c353d075726fb77dcb9ac5405a32d232be2112b5eb,d8980d7aa8aa61fc9a6083c353d075726fb77dcb9ac5405a32d232be2112b5eb,static-scan,baseline classification retained
tools/test-plugin-transactions.py,test-or-gate,modified,ea5a2595a5ce7a6052ed8739e629d1e3c07fd5388da035f168cc61879349d327,9f4d73996410fb4773d74e48bf5d665a5260252f166ae65d3333b706de5f1572,static-scan,"changed input bound to software receipt; specific deep/behavior/device evidence in issue ledger, not blanket branch coverage"
tools/test-profile-settings-cli.mjs,test-or-gate,unchanged,fef6ec38d17076bbeb1e7ba8218a2f6032bc35ba2987080cfcd2b029eddd5b0b,fef6ec38d17076bbeb1e7ba8218a2f6032bc35ba2987080cfcd2b029eddd5b0b,static-scan,baseline classification retained
tools/test-profile-settings-review.mjs,test-or-gate,unchanged,5e96a20baf2e1bc35ac9b45b3981b0dfc989e61a5f5e813b9c6080a630ad06c6,5e96a20baf2e1bc35ac9b45b3981b0dfc989e61a5f5e813b9c6080a630ad06c6,static-scan,baseline classification retained
tools/test-rc1-browser-behavior.mjs,test-or-gate,unchanged,feb990f48357497dad37b34818d6e68c48fdb7cf61e06aff5b4eac053b0aced2,feb990f48357497dad37b34818d6e68c48fdb7cf61e06aff5b4eac053b0aced2,static-scan,baseline classification retained
tools/test-rc1-migration.py,test-or-gate,unchanged,f2dadf4e6812f68a52965f8c24a510e96be7b9aa58784b7d0ed51403c735f81f,f2dadf4e6812f68a52965f8c24a510e96be7b9aa58784b7d0ed51403c735f81f,static-scan,baseline classification retained
tools/test-rc1-settings-migration.mjs,test-or-gate,unchanged,a67e18b2172e78a753dcd849a98327ec543692db1e44f9a066dbde84809b14b3,a67e18b2172e78a753dcd849a98327ec543692db1e44f9a066dbde84809b14b3,static-scan,baseline classification retained
tools/test-recovery-agent.mjs,test-or-gate,unchanged,100459787babe1e7e90c4638d0d55f4adb99ecf7dcf90093010d48f633e6d6f5,100459787babe1e7e90c4638d0d55f4adb99ecf7dcf90093010d48f633e6d6f5,static-scan,baseline classification retained
tools/test-recovery-apk-assets.py,test-or-gate,modified,a43ba915a5ad20e742905d6bc3c4364ee8e7b4991c1eb64be5c94f87ad0f3d33,6d777adc9103f2f2ac4cd3ea0b725ab7d4e06f8e0ffe7935c4e9afdefa103922,static-scan,"changed input bound to software receipt; specific deep/behavior/device evidence in issue ledger, not blanket branch coverage"
tools/test-recovery-assets.py,test-or-gate,modified,8a67d3f9307deb41bc2f60d398d29ed998543e1ea974647d6b4fe78d375ff6de,1873df4187ca09f0efc8999d8b7c977e9da45897b79b76d3482d0d2ed1d60d10,static-scan,"changed input bound to software receipt; specific deep/behavior/device evidence in issue ledger, not blanket branch coverage"
tools/test-recovery-browser-overlay.mjs,added source/test/input; see issue ledger,new,,54e61ad4d60f2d0dc0a0dc13d406082ab191a76ac76a97d4dcf0b3bfef524e82,not in baseline,"changed input bound to software receipt; specific deep/behavior/device evidence in issue ledger, not blanket branch coverage"
tools/test-recovery-profile-boot.mjs,test-or-gate,unchanged,88a291e59bff7c0b582eb5ee32bb86c5865bc30e07774fb9e5c9846a12f4edc7,88a291e59bff7c0b582eb5ee32bb86c5865bc30e07774fb9e5c9846a12f4edc7,static-scan,baseline classification retained
tools/test-release-acceptance.py,added source/test/input; see issue ledger,new,,1784700b0daf28e3b78d37d76aff2a918d77e65f758a06dd3948f75bb83957c9,not in baseline,"changed input bound to software receipt; specific deep/behavior/device evidence in issue ledger, not blanket branch coverage"
tools/test-release-evidence.py,test-or-gate,modified,374499fb9c41c3412b417d1349f081ce9fdc237255b6bd41fc1cf0f3eeaf1552,03a3675ba1742a2ff4f77a2568fdfbf153898266130bed32ebda1fb9b1a57221,static-scan,"changed input bound to software receipt; specific deep/behavior/device evidence in issue ledger, not blanket branch coverage"
tools/test-restore-merge-plugins.py,test-or-gate,unchanged,5751e96bf896d05e5846e756d31fd529f31b4fda7fc950e3fd5c6cf36795251a,5751e96bf896d05e5846e756d31fd529f31b4fda7fc950e3fd5c6cf36795251a,static-scan,baseline classification retained
tools/test-restore-merge-wsdir.py,test-or-gate,unchanged,4c884a94b13ea730aca444b9bfb5b579da614ca14fab025ff81a144299b60162,4c884a94b13ea730aca444b9bfb5b579da614ca14fab025ff81a144299b60162,static-scan,baseline classification retained
tools/test-runtime-descriptor-inputs.py,test-or-gate,modified,cf3a005e0813067751c2426419213fe3c7cd2b9d7414f86c31de9682c35a2312,c7eab495cefd1cc34d0bae19f96b93f65f72b81fda5d66e9ed43a955332a0bb1,static-scan,"changed input bound to software receipt; specific deep/behavior/device evidence in issue ledger, not blanket branch coverage"
tools/test-runtime-fixture.mjs,test-or-gate,unchanged,8b31272043f4a774b2c486b4f0428c0a651267fea06873e0c8e81f5eaa1a9050,8b31272043f4a774b2c486b4f0428c0a651267fea06873e0c8e81f5eaa1a9050,static-scan,baseline classification retained
tools/test-runtime-input-contract.py,added source/test/input; see issue ledger,new,,20dc4ac42fd1a34cccdacaa052ac39ae75b4ed6041b021c401deddaf14dc8e20,not in baseline,"changed input bound to software receipt; specific deep/behavior/device evidence in issue ledger, not blanket branch coverage"
tools/test-runtime-publish.mjs,test-or-gate,unchanged,18e79f165a412d4d8605e549a8d3b66f20988f053029d37c828e1e1116d7f92d,18e79f165a412d4d8605e549a8d3b66f20988f053029d37c828e1e1116d7f92d,static-scan,baseline classification retained
tools/test-runtime-trial.mjs,test-or-gate,unchanged,be35c77e05f4a0bae2c72cd7a5756f04f35c1b3045fdb4584cb0ac6022fd501c,be35c77e05f4a0bae2c72cd7a5756f04f35c1b3045fdb4584cb0ac6022fd501c,static-scan,baseline classification retained
tools/test-session-interaction.mjs,test-or-gate,unchanged,7483be2c4a958fe66a5d02712c3ed384a1103e36bfdd0db387e7ee7ea54eb6b5,7483be2c4a958fe66a5d02712c3ed384a1103e36bfdd0db387e7ee7ea54eb6b5,static-scan,baseline classification retained
tools/test-startup-checkpoints.py,test-or-gate,unchanged,eddcf4ca15993c0d0ffcd560468abe60c3e9fb427ffb45798ad7171f3f0508a8,eddcf4ca15993c0d0ffcd560468abe60c3e9fb427ffb45798ad7171f3f0508a8,static-scan,baseline classification retained
tools/test-startup-diagnostics.mjs,test-or-gate,unchanged,e86326046376be550b35638b5760a66c449852e25a6bef1e8adc1796780050c0,e86326046376be550b35638b5760a66c449852e25a6bef1e8adc1796780050c0,static-scan,baseline classification retained
tools/test-startup-recovery.py,test-or-gate,unchanged,6b34d1ced1033c58e7ba53ddfa7827ff61fd0949d6c2e9376f536344824b9b15,6b34d1ced1033c58e7ba53ddfa7827ff61fd0949d6c2e9376f536344824b9b15,static-scan,baseline classification retained
tools/test-storage-json-proroot-dirent.mjs,test-or-gate,unchanged,313e08f519539314f3a8ec6e99b1a8511e40a269e7d69a856ad2fa6c236ccb07,313e08f519539314f3a8ec6e99b1a8511e40a269e7d69a856ad2fa6c236ccb07,static-scan,baseline classification retained
tools/test-subagent-touch.mjs,test-or-gate,unchanged,e27e5ffc42f5bd6e008587cafcd5533343af3f445f8e5b3e4f255c183118e7a2,e27e5ffc42f5bd6e008587cafcd5533343af3f445f8e5b3e4f255c183118e7a2,static-scan,baseline classification retained
tools/test-tooltips.mjs,test-or-gate,unchanged,f2840891b3deaea4b1940df49e405f7fb1056ec10fc0ab95b0c49900843ba59c,f2840891b3deaea4b1940df49e405f7fb1056ec10fc0ab95b0c49900843ba59c,static-scan,baseline classification retained
tools/test-ui-colors.py,test-or-gate,unchanged,dcf04cfae130c39fef5bcec9175a3238d5125ecfac6441922ea42065e36a4a57,dcf04cfae130c39fef5bcec9175a3238d5125ecfac6441922ea42065e36a4a57,static-scan,baseline classification retained
tools/test-ui-language.mjs,test-or-gate,unchanged,c8f7a190c7e9cec70408f0c3ed6da19c2dc6645e8f345cb22578a999925339eb,c8f7a190c7e9cec70408f0c3ed6da19c2dc6645e8f345cb22578a999925339eb,static-scan,baseline classification retained
tools/test-update-flow.ps1,test-or-gate,unchanged,6e64c07b48b913df801f33e05c1db852fcc5f1b3686c8647a7d095bdde0abacb,6e64c07b48b913df801f33e05c1db852fcc5f1b3686c8647a7d095bdde0abacb,static-scan,baseline classification retained
tools/test-update-process.py,test-or-gate,unchanged,a41a54b471f843a91e9f0489a4d2390e8086dd5920b27005c8e87ef532438031,a41a54b471f843a91e9f0489a4d2390e8086dd5920b27005c8e87ef532438031,static-scan,baseline classification retained
tools/test-vscreen.mjs,test-or-gate,unchanged,28bb243245421c04ee8cbb6190459ea3eb04375ba6870e7a7042e337aff454bb,28bb243245421c04ee8cbb6190459ea3eb04375ba6870e7a7042e337aff454bb,static-scan,baseline classification retained
tools/test-web-compat.mjs,test-or-gate,unchanged,7d33110302415ab221a4bc90fc56376c6946557c4c5d219eccc53228bd95e441,7d33110302415ab221a4bc90fc56376c6946557c4c5d219eccc53228bd95e441,static-scan,baseline classification retained
tools/test-web-drafts.mjs,test-or-gate,unchanged,26edfa8c71db98faa9da46258fd83dbf98dc78c0cbc8177aa235ba08692af1f0,26edfa8c71db98faa9da46258fd83dbf98dc78c0cbc8177aa235ba08692af1f0,static-scan,baseline classification retained
tools/test-web-ui-host-fixtures.mjs,test-or-gate,modified,5f3e31e3e66bb426f08779e542965e42b3df7587786d8702c6048106a245757c,db0bb2f6a8df853e7d12008fc34ca5d6bb358f11cc77ab3c6e697f2d529aeb7a,static-scan,"changed input bound to software receipt; specific deep/behavior/device evidence in issue ledger, not blanket branch coverage"
tools/test-workflow-compat-alias.mjs,test-or-gate,unchanged,05c8e3745915739c77e5aeb9e343c8c56227ff4183605ddf3f1231a4993bfe08,05c8e3745915739c77e5aeb9e343c8c56227ff4183605ddf3f1231a4993bfe08,static-scan,baseline classification retained
tools/test_runtime_fixture.py,source,unchanged,f397b83cdbe57fce717d52e298446d3cc38d69588745b468efb23ef84230a608,f397b83cdbe57fce717d52e298446d3cc38d69588745b468efb23ef84230a608,static-scan,baseline classification retained
tools/ubuntu-tools/packages.lock.json,configuration,unchanged,ad942fb7e88689b77f4920a4ce73ed8d638fd87bd0bef79dc930d10f0adfd762,ad942fb7e88689b77f4920a4ce73ed8d638fd87bd0bef79dc930d10f0adfd762,enumerated,baseline classification retained
tools/vendor-plugin-semver.cjs,source,unchanged,98ac7f3eb390da22eae7630c2bf6db120e121fac503169ff29058f165341fdad,98ac7f3eb390da22eae7630c2bf6db120e121fac503169ff29058f165341fdad,static-scan,baseline classification retained
tools/verify-backup-upgrade.py,test-or-gate,unchanged,9cb4f54128cc176d23e31eb97bbcb7ddae058d172d2d1f188d0f5ded0467fc5b,9cb4f54128cc176d23e31eb97bbcb7ddae058d172d2d1f188d0f5ded0467fc5b,static-scan,baseline classification retained
tools/verify-dsh-upgrade-apk.py,test-or-gate,unchanged,ff51ceae3017a007065ac2b29efbb41c835884562b0d2bcbf16da846324d3483,ff51ceae3017a007065ac2b29efbb41c835884562b0d2bcbf16da846324d3483,static-scan,baseline classification retained
tools/verify-plugin-upgrade-gate.py,test-or-gate,unchanged,4d760b557dfafe4f39a2c0efa127a40d2641f77062a2f35214970c1b473f69d8,4d760b557dfafe4f39a2c0efa127a40d2641f77062a2f35214970c1b473f69d8,static-scan,baseline classification retained
tools/verify-recovery-apk.py,test-or-gate,modified,dfe3e17c5f83cee1962d25d1d18b8f4d82c6f9bda8ccc5656487fd124dd8508e,65023df6de98748b734280f4352de271384baac128ecc9e0b88e054eb8f211a8,static-scan,"changed input bound to software receipt; specific deep/behavior/device evidence in issue ledger, not blanket branch coverage"
tools/verify-stability.py,test-or-gate,modified,39c9653298285f023d1c272f29457a55ed0e0a6e5b630c69fe4a548f3e708cac,6e28dc031c58bd0c86fd1092baf565f3c5f4d0dc87607701a8404f5ba3af9971,static-scan,"changed input bound to software receipt; specific deep/behavior/device evidence in issue ledger, not blanket branch coverage"
tools/web-compat/entry.cjs,source,unchanged,001e3b9bdf17cc633ce22caf830c0e86a510aeaf2aaa6de0520916da2230d837,001e3b9bdf17cc633ce22caf830c0e86a510aeaf2aaa6de0520916da2230d837,static-scan,baseline classification retained
tools/web-compat/package-lock.json,configuration,unchanged,2b7787112947ce7a706dcfbeb3e854b856ef6ec46f2f431d874789f59670bc7e,2b7787112947ce7a706dcfbeb3e854b856ef6ec46f2f431d874789f59670bc7e,enumerated,baseline classification retained
tools/web-compat/package.json,configuration,unchanged,d94d5034497123d2975d13e09ae74b833b8be07595a1870760d3748dab5a8054,d94d5034497123d2975d13e09ae74b833b8be07595a1870760d3748dab5a8054,enumerated,baseline classification retained
