"path","kind","tracked","bytes","sha256","review_level","owner"
".gitattributes","build-config","True","337","3f048e69b3abe8d1b9b0ecd45f64fc8e8202e077e565891164cb2b642b212026","enumerated","cross"
".gitignore","build-config","True","824","8db14b7418d2cb06b40a0df910757e110bbc27c24855f890de8533a92e698579","enumerated","cross"
"agent-skills/device-shell/SKILL.md","documentation","True","2862","164319af3762a3c01f16421d9370aeb6df2dd798526d4983caa7c435cf5d390d","enumerated","cross"
"agent-skills/README.md","documentation","True","1145","3524023b3d31ec0fc56824265fa342223d22c24a16717ad6d7d0016a69cd63d1","enumerated","cross"
"agent-skills/screen-ocr-operator/SKILL.md","documentation","True","4336","8cec4cabad81d9a0b56ea449579807c77ce758a909809bb54557993b2f71a47d","enumerated","cross"
"AGENTS.md","root-or-preview","True","34533","4d4fa420ab6b11762c24c5b94aa6a69cde060fb2bfd6668459558f12007f2dfa","deep-read","cross"
"app/build.gradle","root-or-preview","True","13197","7e9770e91ccb7c0d99cd0c6e6078f16f175025566797a209488dc5a36aaf20e8","enumerated","cross"
"app/proguard-rules.pro","root-or-preview","True","183","ed63ecbbdebb647960d834334394a681d5789256164610dfd7f31fa50d33b2cd","enumerated","cross"
"app/src/androidTest/assets/web-state-fixture.html","test-or-gate","True","5585","89646d1144cc80a477514d3a9cbd252fd02f3623ea296c30bd6d1cd112d9dfc9","enumerated","cross"
"app/src/androidTest/java/com/deepseekharness/app/BackupInstrumentation.java","test-or-gate","True","8910","e42d193a4da27eaaaa0d92fa546c41e6b71450385d38ea07a012cd9d6227939c","enumerated","B"
"app/src/androidTest/java/com/deepseekharness/app/core/OptimizationInstrumentation.java","test-or-gate","True","11644","d1f6e14cba044d53a3ea2eabb211b731f58526dd9fc2fa03eaf97c3008a3b645","enumerated","cross"
"app/src/androidTest/java/com/deepseekharness/app/core/PluginUiInstrumentation.java","test-or-gate","True","7722","21604638def9469e76849c18801c5e335902361ab005fd577cf225c7458aba58","enumerated","E"
"app/src/androidTest/java/com/deepseekharness/app/core/RecoveryInstrumentation.java","test-or-gate","True","9992","4573db45253b1203a70c169c6006c89c38a1d271f6110937f5243f500f06fd87","enumerated","cross"
"app/src/androidTest/java/com/deepseekharness/app/core/UpdateFlowInstrumentation.java","test-or-gate","True","25926","a3430f0a4e98e5aabcf72ef090bda26183ad82f0d395b35e003911796a2bd3bf","enumerated","cross"
"app/src/androidTest/java/com/deepseekharness/app/core/UpdateProcessInstrumentation.java","test-or-gate","True","11350","6fc2df6d91327d956f5d62472e55d3be13218cc94a88bddda3ce971cc175db3d","enumerated","cross"
"app/src/androidTest/java/com/deepseekharness/app/Rc13Instrumentation.java","test-or-gate","True","21759","d12bd2755bf96a3e315851685681bfd044da1d52c9d9d7b02750f87489761fa8","enumerated","cross"
"app/src/androidTest/java/com/deepseekharness/app/ui/RealWebInstrumentation.java","test-or-gate","True","3772","3358cafa790d441dc61d9a51b1a2bc25e1ed46ab3b2612d90bdc8ea7018e6605","enumerated","D"
"app/src/androidTest/java/com/deepseekharness/app/ui/ThemeInstrumentation.java","test-or-gate","True","16268","928434f970bced590264fa61160dd0b204107ac5e7c55205df27b0c479b794e2","enumerated","D"
"app/src/androidTest/java/com/deepseekharness/app/ui/WebInstrumentation.java","test-or-gate","True","17918","6ae2cf2e8c8efa9186c50cfab90bde9dd1f8f7a6f7acd7e7cb87b0686b678df6","enumerated","D"
"app/src/debug/AndroidManifest.xml","app-source-or-resource","True","7064","25d232d7dcc8417c8a36fa46bd5a0c7281b50534b0d4c1dadbeeb0a0492be969","syntax-only","cross"
"app/src/debug/assets/web-state-fixture.html","app-source-or-resource","True","5747","52578517a4e0d3feb0b17f7021886a101000deffb09dda3b8b4d2162bfed07dd","enumerated","cross"
"app/src/debug/java/com/deepseekharness/app/BridgeAuditInstrumentation.java","app-source-or-resource","True","33179","6992978339c4c0fab8fcadcaf3624f732f495cbe126557483e2fd5ee0e4d0b56","enumerated","cross"
"app/src/debug/java/com/deepseekharness/app/core/Alpha2Audit.java","app-source-or-resource","True","4873","8ed69b8a082df1619e7c4addecdcab30069f670b923eb7ffec975a480e4eeef5","enumerated","cross"
"app/src/debug/java/com/deepseekharness/app/core/MaintenanceFixtureInstrumentation.java","app-source-or-resource","True","48581","5f7039a339db83baa7d06c283cda5ab275a15bfa34c3a9846795b1e0739e61f6","enumerated","cross"
"app/src/debug/java/com/deepseekharness/app/core/Rc21AttachmentAudit.java","app-source-or-resource","True","4113","43f8c205a0151637ab079233f9d9f04c7473315062786f0d71b8b4d9b78b6f47","enumerated","cross"
"app/src/debug/java/com/deepseekharness/app/core/Rc21RecoveryAudit.java","app-source-or-resource","True","6122","4f2851f2cae4f2c75571fe4720e60517b445ed6fc04e4771dda7bcbb9fb3c703","enumerated","cross"
"app/src/debug/java/com/deepseekharness/app/core/RuntimeFallbackAudit.java","app-source-or-resource","True","3133","434be3daebbf83d53d03a5b25b0d94115ce3a8f160ef7851aac2705fab8569ee","enumerated","cross"
"app/src/debug/java/com/deepseekharness/app/core/StartupDiagnosticsAudit.java","app-source-or-resource","True","8979","cc2bc5c760311166600227f68a87f46b787602e2ab520c2657174d91aa22d0fc","enumerated","cross"
"app/src/debug/java/com/deepseekharness/app/core/UpdateFlowAuditInstrumentation.java","app-source-or-resource","True","25937","3a008153cd7735df901016342a30d8c7b426e20e67c7f35f61f2a95bf31bbb2c","enumerated","cross"
"app/src/debug/java/com/deepseekharness/app/core/UpgradeDeviceAudit.java","app-source-or-resource","True","11892","1938c926bcbfdc3a9d2d7c4f3df384ad905cba059be37c62077e5855ce6a75e8","enumerated","cross"
"app/src/debug/java/com/deepseekharness/app/core/WebPortAudit.java","app-source-or-resource","True","9064","d4e2c1daf5fc546bda7f7e0798939a74317e3bbd7790dccb5498f03e19f5b00e","enumerated","cross"
"app/src/debug/java/com/deepseekharness/app/DeviceCapabilityAudit.java","app-source-or-resource","True","8255","3ca672cd7257ad99bc47318fd723b93ed90ab01df7ed166c6753db323b35fc98","enumerated","C"
"app/src/debug/java/com/deepseekharness/app/DevicePolicyAudit.java","app-source-or-resource","True","5458","3f5ff2eb0a054ab68e899300df2a8dba6ead3d6661dcc0c120a176bd9fa6f828","enumerated","C"
"app/src/debug/java/com/deepseekharness/app/DocumentsAudit.java","app-source-or-resource","True","9268","40c2d2833c9a982dd6dcc65f835019b4d785088ff2a13354b2b81ade60cde12d","enumerated","B"
"app/src/debug/java/com/deepseekharness/app/DocumentsAuditProvider.java","app-source-or-resource","True","396","3618253e69e54b50d9e26b0290ad8256bbbde4a180b9f40f8940bf5da430215c","enumerated","B"
"app/src/debug/java/com/deepseekharness/app/runtime/PidMaintenanceAudit.java","app-source-or-resource","True","7933","d7054c7e282949ec83825b193c70fb9d8c72e8bfc366b660e384a8225fb28e55","enumerated","A"
"app/src/debug/java/com/deepseekharness/app/runtime/ProotCommandAuditInstrumentation.java","app-source-or-resource","True","4996","2325784df07a3b838b4e35509a10f9e6bf690d51f1915b60cc229c8b66f5f705","enumerated","A"
"app/src/debug/java/com/deepseekharness/app/runtime/RestartRaceAudit.java","app-source-or-resource","True","3993","418d0d12ab45512517404d7d999ef3127ed465fbfd08fdb709f9a1e29bb3a13c","enumerated","A"
"app/src/debug/java/com/deepseekharness/app/runtime/RuntimeStartupAudit.java","app-source-or-resource","True","23482","daa74ff983cb7eb51549d200f816199316a196dae2527a3065a6fd4f54244cd8","enumerated","A"
"app/src/debug/java/com/deepseekharness/app/runtime/TabletEnvironmentAudit.java","app-source-or-resource","True","6711","571ea622953a0e4902226bf700bfe850e946683527ea6d4465898ebc0da56c63","enumerated","A"
"app/src/debug/java/com/deepseekharness/app/SmsGrantAudit.java","app-source-or-resource","True","3735","bf392d2c93a7c024d29d48529eba911976cf8ca65dc312e1eab7d90a2b15e19f","enumerated","C"
"app/src/debug/java/com/deepseekharness/app/ui/AdbFlowAudit.java","app-source-or-resource","True","24095","af6c27ab1d2c44d38446f92da67be269905c82f7037ef500b025e9dc047f2493","enumerated","D"
"app/src/debug/java/com/deepseekharness/app/ui/BrowserCompatibilityAudit.java","app-source-or-resource","True","14292","a1a840c9082ffe925ed23d94a20b7c3528ca97b298a5fe6260fd97b354bd3a5f","enumerated","D"
"app/src/debug/java/com/deepseekharness/app/ui/ConfigurationAuditInstrumentation.java","app-source-or-resource","True","4458","b78ae100015d9a024fc0b499c41c4e4b36de11d457f7f45a5312504e97e7602d","enumerated","D"
"app/src/debug/java/com/deepseekharness/app/ui/DiagnosticPtyAudit.java","app-source-or-resource","True","6733","727e89694a037f85ddbe81a9e5c07940aca91a633a65d4175e28818cd7db6da0","enumerated","D"
"app/src/debug/java/com/deepseekharness/app/ui/FragmentEntrySelfTest.java","app-source-or-resource","True","15455","80ac9f9650b47acc321e28a5d16f74b2eb65347492fdde1907d627f427da0238","enumerated","D"
"app/src/debug/java/com/deepseekharness/app/ui/FragmentSessionInstrumentation.java","app-source-or-resource","True","17394","572ebee727ced3ea2fced46b503371c08d0b8e4011d31c9120450e73821ebeb2","enumerated","D"
"app/src/debug/java/com/deepseekharness/app/ui/FragmentSessionTestActivity.java","app-source-or-resource","True","775","3bc4e4924420e8859242cdbd222deb83d39e81c692cbc7b3f0d57a4430f6bb60","enumerated","D"
"app/src/debug/java/com/deepseekharness/app/ui/FunctionalAuditInstrumentation.java","app-source-or-resource","True","30627","7273cd229462512a41cfb14e1f94ddb72ccea400b5f1fa2c10177c2fe9d3b96b","enumerated","D"
"app/src/debug/java/com/deepseekharness/app/ui/InputInsetsAudit.java","app-source-or-resource","True","10568","f35f9e835ce5345aaea0a2459b989b84578d075dab75d2a2c3234eb3a460d5c9","enumerated","D"
"app/src/debug/java/com/deepseekharness/app/ui/InstallAuditInstrumentation.java","app-source-or-resource","True","21040","afd306c71be36da733b98d9d669af931c0a1e67ea6a756579fb40dacb6127beb","enumerated","D"
"app/src/debug/java/com/deepseekharness/app/ui/InstallSettingsAudit.java","app-source-or-resource","True","5889","412daab1d95aa00f324bc2e91b0fbafaae96dadcecd4f6d180c6a1d1c9fac362","enumerated","D"
"app/src/debug/java/com/deepseekharness/app/ui/LanguageSettingsAudit.java","app-source-or-resource","True","7568","cf773297584e85d1b046aea68deeabbee3a8a7161bd9a0d3a9d446ea71bdb55b","enumerated","D"
"app/src/debug/java/com/deepseekharness/app/ui/LaunchLogAudit.java","app-source-or-resource","True","8540","329ee5be6041b6b40f8c15a3d60e05c5e1a435ba9464e9fec21aef875a0584e8","enumerated","D"
"app/src/debug/java/com/deepseekharness/app/ui/LayoutAuditInstrumentation.java","app-source-or-resource","True","27261","fcc11207b252c28b49847d918f2da8705641c5ca2d6b73d79be87593e9eb8a59","enumerated","D"
"app/src/debug/java/com/deepseekharness/app/ui/LayoutPreviewActivity.java","app-source-or-resource","True","10837","6f3d6bb4581237d42b9bce5042ff275c9e1bcc1b374d31e00d342c87e45889bb","enumerated","D"
"app/src/debug/java/com/deepseekharness/app/ui/LogPanelAudit.java","app-source-or-resource","True","9388","25d6950431be525a8b0a0f079bd52e3b0caa61edf501aa3b8049a963f4a8c6d7","enumerated","D"
"app/src/debug/java/com/deepseekharness/app/ui/MultiTerminalLanguageAudit.java","app-source-or-resource","True","13743","61d361cfd7a2046381ebc42d82f29fbc375238eb5bfcc90cab39e97c1ba01cc9","enumerated","D"
"app/src/debug/java/com/deepseekharness/app/ui/PluginListAudit.java","app-source-or-resource","True","3503","de462cd10b6e0e8c3760d2ba258ee1ad87a0bbe6fd1652cc73c688b50d103c4a","enumerated","E"
"app/src/debug/java/com/deepseekharness/app/ui/PluginSortAudit.java","app-source-or-resource","True","9721","c112c5db7f80f3421fb2176af8cbd7755ed3f50174eff859bc8e0d9c2e4df240","enumerated","E"
"app/src/debug/java/com/deepseekharness/app/ui/RecoveryEntryAudit.java","app-source-or-resource","True","5995","4738882d38ea085d1c02a73fd49cd81c3e6bae66e9fb791479e32887137de0a2","enumerated","D"
"app/src/debug/java/com/deepseekharness/app/ui/StartupRecoveryAudit.java","app-source-or-resource","True","16902","3a4ff8857dcbe19f6c8ba0cd5084bc84d9f081f51a4eaa5dbc2c8113d7daaf7c","enumerated","D"
"app/src/debug/java/com/deepseekharness/app/ui/TerminalSessionSelfTest.java","app-source-or-resource","True","11258","ef0fd7f99b09951ecd87808e4750a27d117b127913b4859aebd94f7df0b6838a","enumerated","D"
"app/src/debug/java/com/deepseekharness/app/ui/UiMotionAudit.java","app-source-or-resource","True","3091","b6470a4071f069ea9dc19606b91dd9e92d727ca09d4954b86c76f4c3e8f9d44c","enumerated","D"
"app/src/debug/java/com/deepseekharness/app/ui/UiPolishAudit.java","app-source-or-resource","True","7788","6c0471fbb0a43e2e857e08b6acf103207eaee9cad765f45186a52e5797054a65","enumerated","D"
"app/src/debug/java/com/deepseekharness/app/ui/WebRegressionAudit.java","app-source-or-resource","True","21206","e19e1330b87ca9ae48110d017d4ee432eb3aa7b6f3cb86b053e98e243eaf0a91","enumerated","D"
"app/src/deviceAudit/AndroidManifest.xml","app-source-or-resource","True","4167","245fb39a8f005e9adf7ac913521df0df9772e203a2ef5ec987e8ccdd720fae7e","syntax-only","cross"
"app/src/deviceAudit/java/com/deepseekharness/app/backup/AuditDocumentProvider.java","app-source-or-resource","True","6792","0a6ea343fdd2f6b37a7339e1e697ba95e9a830cb2a350a8963bdc6ce51cab5f4","enumerated","B"
"app/src/deviceAudit/java/com/deepseekharness/app/backup/AuditOperationsScope.java","app-source-or-resource","True","2637","0035840008094f75aa618ae833134837d6d66e0b106d2e375729625f4edf42f0","enumerated","B"
"app/src/deviceAudit/java/com/deepseekharness/app/backup/BackupCrashService.java","app-source-or-resource","True","1872","2115d1dd26c13277bb9c49d46d9c74796cdc8a866035c6e2bf356a8616182246","enumerated","B"
"app/src/deviceAudit/java/com/deepseekharness/app/backup/BackupDeviceAudit.java","app-source-or-resource","True","13498","cb8497004638babbd2ff8a2cf47b7fd84bf8b2ccead553b9ef513fe618c77a9d","enumerated","B"
"app/src/deviceAudit/java/com/deepseekharness/app/backup/BackupWorkflowDeviceAudit.java","app-source-or-resource","True","8600","d31801b49bda193bc2c6d90f8dde38a5b87c52b7f5daeac37405c2c6d2283a03","enumerated","B"
"app/src/deviceAudit/java/com/deepseekharness/app/backup/DocumentIoDeviceAudit.java","app-source-or-resource","True","6302","9e9ea5d603390c651657e1334affefeded4b94b71f482805247b5e2c70186086","enumerated","B"
"app/src/deviceAudit/java/com/deepseekharness/app/backup/PluginRecoveryDeviceAudit.java","app-source-or-resource","True","4703","5f04992beeb16d8c595f34dc2aa7e806e0bd552c8a9fe372e9063ebba5473994","enumerated","E"
"app/src/deviceAudit/java/com/deepseekharness/app/backup/PluginWorkflowDeviceAudit.java","app-source-or-resource","True","9235","eda7e283daaa4c9ef1574b6a621d9d3ee30b9e926b5b3e27071feb337b76fb7c","enumerated","E"
"app/src/deviceAudit/java/com/deepseekharness/app/backup/ReexportDeviceAudit.java","app-source-or-resource","True","6345","89f7db3865477393f1bd72a03b695cc36c7fcb975a851b238d69f1aafd98d0e9","enumerated","B"
"app/src/deviceAudit/java/com/deepseekharness/app/backup/RetainedWorkflowDeviceAudit.java","app-source-or-resource","True","9373","f06d249890762d1d5481725e6e662baabc72d89d7b72c619469cd2a0c707bfbe","enumerated","B"
"app/src/deviceAudit/java/com/deepseekharness/app/core/AttachmentDeviceAudit.java","app-source-or-resource","True","3206","132cbe5d82af342bb093dd164453d67dbd5ed4573af511e6c8def0b99beb6e62","enumerated","cross"
"app/src/deviceAudit/java/com/deepseekharness/app/core/ConfigurationResetDeviceAudit.java","app-source-or-resource","True","7099","a069e9fdc39067dc499b2178021fc3249b1a6cfa82ecd1d818a2844563a9bc7a","enumerated","cross"
"app/src/deviceAudit/java/com/deepseekharness/app/core/Issue67DeviceAudit.java","app-source-or-resource","True","13013","b78803f1b54e5b4e15341c43290b553e671f47d28129aac745e8980b7e6987d6","enumerated","cross"
"app/src/deviceAudit/java/com/deepseekharness/app/core/RuntimeDeviceAudit.java","app-source-or-resource","True","5011","543bba4cba68e6b1128c398de7ce10e62147bc6e7956162ee85fdc8fd59d9e99","enumerated","cross"
"app/src/deviceAudit/java/com/deepseekharness/app/data/CredentialDeviceAudit.java","app-source-or-resource","True","7411","5ca45d598b0b45d2f25f31ec07cf0ed5b4040c1e7d647bc6e36de52bac4f1256","enumerated","cross"
"app/src/deviceAudit/java/com/deepseekharness/app/DeviceAuditActivity.java","app-source-or-resource","True","717","c63bd74cc3d7a8c0572e11cb64c315f9809b3b7ee6c6f0157aa8f457b70f4689","enumerated","C"
"app/src/deviceAudit/java/com/deepseekharness/app/DeviceAuditSupport.java","app-source-or-resource","True","3143","e564ac750f6fbbc26c410d1bca04f11946de1e3bcade5effa6cfa0a8d1736065","enumerated","C"
"app/src/deviceAudit/java/com/deepseekharness/app/LocalBridgeDeviceAudit.java","app-source-or-resource","True","5416","8b2423e336de0b28c65eeb4b6c51f1afcaf4780825f6690aafd55f2a522ae41c","enumerated","cross"
"app/src/deviceAudit/java/com/deepseekharness/app/NetworkDeviceAudit.java","app-source-or-resource","True","17682","d6a41b83c5459349d6881adab195e9d1dc6c14520b94a81810397cd9ff5b47cf","enumerated","cross"
"app/src/deviceAudit/java/com/deepseekharness/app/PluginScriptsDeviceAudit.java","app-source-or-resource","True","3711","2fff7b26142f7748613646ee611611f52be472225318fefe3a1f9a3085bb8358","enumerated","E"
"app/src/deviceAudit/java/com/deepseekharness/app/ui/NativeDataUiAudit.java","app-source-or-resource","True","12309","f1abd9e8bf5546517404c2be88c38a32012748059b713bd2a4ac6fb123ae0916","enumerated","D"
"app/src/low/AndroidManifest.xml","app-source-or-resource","True","999","3e91f5b2ab9d5592cbbb6b61533172b9ec10b8a7f652cd84b6f1e9a185d737d4","syntax-only","cross"
"app/src/low/assets/licenses/proot-COPYING.txt","app-source-or-resource","True","19106","0ffa6454acbe7e410ac6f0007df83b9b3161fe55484c1f4b87487c0f2d228a6d","enumerated","cross"
"app/src/low/java/com/deepseekharness/app/ui/GeckoMicrophoneDelegate.java","app-source-or-resource","False","3654","fb7cb5a87e80985f32f69234da178c5e01fdfea0262d5f8f8167a1211155d3a2","deep-read","D"
"app/src/low/java/com/deepseekharness/app/ui/GeckoPreviewActivity.java","app-source-or-resource","True","29120","25903b42d3470678e892fe876700a86f623d9c0e259da75dafa3c0fc7c6d3d25","deep-read","D"
"app/src/low/java/com/deepseekharness/app/ui/GeckoRuntimeProbe.java","app-source-or-resource","True","1548","e2d1e6dded94e1135648d711de0bbe4cf4c83666f0234a4726f99d345ad93604","import-and-pattern-scan","D"
"app/src/low/java/com/deepseekharness/app/ui/PreviewFallback.java","app-source-or-resource","True","1694","922bf64e1d4797065697f0e79902cd5fae9cea6a0c1426e17d3a5e26b17c608e","import-and-pattern-scan","D"
"app/src/low/java/com/deepseekharness/app/ui/RecoveryBrowserFactory.java","app-source-or-resource","False","275","8d5238f15db216f151006dae1533d2b95eaa4510551836904f7f77a33bc07e56","import-and-pattern-scan","D"
"app/src/low/java/com/deepseekharness/app/ui/RecoveryGeckoSurface.java","app-source-or-resource","False","4706","7c9406aa1e40863d3d27fdeb18fbfa2cd55681c40c50b4c8b930d7dc4b1d9356","deep-read","D"
"app/src/low/jniLibs/arm64-v8a/libproot_legacy.so","binary-asset","True","248776","c4cec36906b973c5923023e3492b2b221a739a4a5fa1f6dc5bc834ac9a05e9db","metadata-and-hash-if-small","cross"
"app/src/low/jniLibs/arm64-v8a/libprootloader_legacy.so","binary-asset","True","18000","e2d450b84960cf5e897a36549e86801b8010f440b6355983acce93c339bba610","metadata-and-hash-if-small","cross"
"app/src/low/res/values-en/edition.xml","app-source-or-resource","True","323","96e73c80d5330fd8ab0fdc828ebf9a93d477f1fa0ecfd1fd2add33117742af78","syntax-only","cross"
"app/src/low/res/values/edition.xml","app-source-or-resource","True","279","420885af456b0f260d634b22d60140d3b7ac5a815971815c93a858fbf467bd12","syntax-only","cross"
"app/src/main/aidl/com/deepseekharness/app/IShellService.aidl","app-source-or-resource","True","221","1a1fd2a1d257b1b5c50acdb483eab60c624866d5a9339510fe96cfc0ac693677","enumerated","cross"
"app/src/main/AndroidManifest.xml","app-source-or-resource","True","12239","399cd9aaab8b65ab32dddd165d3e34b237b4b5fce49b8999aa2d1348b6901fd2","syntax-only","cross"
"app/src/main/assets/adb-pair.py","app-source-or-resource","True","7464","88a8f71c61e8403002377d629cb53978d85c60d2fcaa052101a3451b6ca2e746","syntax-only","cross"
"app/src/main/assets/adb-setup.sh","app-source-or-resource","True","4851","29e498b76af4b902e55cd70f7fdc2d69edad49f135a3ad3974c96711a73a4c3a","syntax-only","cross"
"app/src/main/assets/adb-shell.py","app-source-or-resource","True","20027","ea4fda4df6a89982b8c6d397fea6c14b229bc487b0bf7903c3ae56d4a5dbe54b","syntax-only","cross"
"app/src/main/assets/adb-wheels.tar.gz","app-source-or-resource","True","9951074","173000bd60f8d58f90f988320b9b675540806139da9eae64ea78a0e6ecf5d9d4","enumerated","cross"
"app/src/main/assets/agent-preset-patch.json","app-source-or-resource","True","8157","98025f90d8039cd4e329906a86c24ca9e9c805635c19a28d1eb359dad6ac2c08","syntax-only","cross"
"app/src/main/assets/app-integration/activity.js","app-source-or-resource","True","1392","8c33bfd8dbdf6b6ebc46825071a11d16b2f596cab26dca425e6d1f4bf000181f","syntax-only","cross"
"app/src/main/assets/app-integration/client.js","app-source-or-resource","True","14778","6721fa70ff15b708abf8f560e400f07893e97dd32c294885d70e9dc394652de4","syntax-only","cross"
"app/src/main/assets/app-integration/cordis.patch.yml","app-source-or-resource","True","72","9ebf20f8521b2bf357dc568b8998d0d505be0dd7c0e941d74941ae9690300f09","enumerated","cross"
"app/src/main/assets/app-integration/index.js","app-source-or-resource","True","1417","24bc24fa4f6b1128f6f66a6f57e0aa7148d0712484027a37d26b5afd8932270c","syntax-only","cross"
"app/src/main/assets/app-integration/package.json","app-source-or-resource","True","705","1fdfc1489ea51599a4910096937ca981068c15250958a779bec6eaf57d2e4c01","syntax-only","cross"
"app/src/main/assets/app-integration/runtime-plugins.js","app-source-or-resource","True","885","0ec4632cd54a3868f5c37f3de19ca338f0630cfb18afe6e07f5d01bcbb3653aa","syntax-only","cross"
"app/src/main/assets/backup-engine.py","app-source-or-resource","True","46509","3c7a5e1299eac636085bd86796443b6f3d73dda9daac4e992351f0769ada1b81","syntax-only","B"
"app/src/main/assets/backup-plugin-graph.py","app-source-or-resource","True","14252","2014545c9491327ce0095bb3d2735a76ca8ccae3ef1256d9f558718784e2bb63","syntax-only","E"
"app/src/main/assets/backup-prepare.py","app-source-or-resource","True","12627","8fd9bc95f12d0e26d281349eca94e5a0a96da1aeaf6d9cc5528435070ae8bee2","syntax-only","B"
"app/src/main/assets/builtin-plugins/dsh-auto-review/cordis.patch.yml","upstream-adaptation","True","88","21d456d0053b3d52ca8ad4ceef60e4cd5618e8c850ab8fe9e6377dfcdcb3bc2a","enumerated","E"
"app/src/main/assets/builtin-plugins/dsh-auto-review/lib/index.js","upstream-adaptation","True","171","6d1fe2b721dbbbb8b35057e2192a6efa58297718fd7f7d2c34b1dc131219f49e","syntax-only","E"
"app/src/main/assets/builtin-plugins/dsh-auto-review/package.json","upstream-adaptation","True","523","163a623a777acbc578e61c92743146e375a81f3b72691143680bab117c2bbd44","syntax-only","E"
"app/src/main/assets/builtin-plugins/dsh-computer-use-android/cordis.patch.yml","upstream-adaptation","True","163","b0c36d7d6f7a162addbbfc4d31fcca3c8256140925f6aa99316e62506ee05dff","enumerated","E"
"app/src/main/assets/builtin-plugins/dsh-computer-use-android/lib/index.js","upstream-adaptation","True","809","a6886c4585d30f44ca4b2b8209225b11f938e5ad1b7467b505fae12865f3a0f4","syntax-only","E"
"app/src/main/assets/builtin-plugins/dsh-computer-use-android/lib/server.cjs","upstream-adaptation","True","6544","27b637239e192a3c5afa35ccf774b5a1d5cfc25c09a1454f545d5e9f5c765773","syntax-only","E"
"app/src/main/assets/builtin-plugins/dsh-computer-use-android/package.json","upstream-adaptation","True","552","1ad1db26b43f333b025c77dca48e4a358aa66269579cdbdd6319d4ff7aa24138","syntax-only","E"
"app/src/main/assets/builtin-plugins/dsh-device-shell-guide/cordis.patch.yml","upstream-adaptation","True","76","7210a96bb4e908adcd4b7736c32b8fd30fe65bce6f6deadc7a7b3032ed967c70","enumerated","E"
"app/src/main/assets/builtin-plugins/dsh-device-shell-guide/lib/index.js","upstream-adaptation","True","6367","c78108281a3ec0a4bbba405b55aefea62e235ee8541d018d25852de956008660","syntax-only","E"
"app/src/main/assets/builtin-plugins/dsh-device-shell-guide/package.json","upstream-adaptation","True","574","a7de3537f41ab3ec0a60b6f0e46185ff425da13223a19150b42a584a09e66d96","syntax-only","E"
"app/src/main/assets/builtin-plugins/dsh-status-overlay/cordis.patch.yml","upstream-adaptation","True","273","b5bffe96400a2164f313f8c86b071840387015976796fdce1e3e476f233490bd","enumerated","E"
"app/src/main/assets/builtin-plugins/dsh-status-overlay/lib/index.js","upstream-adaptation","True","17202","bc7ef479f93d21becf508e0775d568418973dc85ff7576669b041d5713f7766c","syntax-only","E"
"app/src/main/assets/builtin-plugins/dsh-status-overlay/package.json","upstream-adaptation","True","561","ad01cc4dd6a34a5a5592ca404ba60f95fdafce57f0ba065b64dea5060623c43c","syntax-only","E"
"app/src/main/assets/builtin-plugins/dsh-task-notifier/cordis.patch.yml","upstream-adaptation","True","153","bdfd53321389b451a91a077aa12c07533a983f0534dccb63ff48979d8f07ee92","enumerated","E"
"app/src/main/assets/builtin-plugins/dsh-task-notifier/lib/index.js","upstream-adaptation","True","2870","c469c3bd7696524f64b2dd10fa760a5d4f4999108fc4cbe078e9e2c01a780444","syntax-only","E"
"app/src/main/assets/builtin-plugins/dsh-task-notifier/package.json","upstream-adaptation","True","363","da7a5a52b2d25a572a575acba3b5e48237b74cf4a5bacf8d30f57bb205dd5b4f","syntax-only","E"
"app/src/main/assets/builtin-plugins/dsh-tool-vscreen/cordis.patch.yml","upstream-adaptation","True","3","37517e5f3dc66819f61f5a7bb8ace1921282415f10551d2defa5c3eb0985b570","enumerated","E"
"app/src/main/assets/builtin-plugins/dsh-tool-vscreen/lib/index.js","upstream-adaptation","True","605","e35a0571b1e084abc0d8dd6046308957928b8d67c446a2b1f09b562b4dea3ae4","syntax-only","E"
"app/src/main/assets/builtin-plugins/dsh-tool-vscreen/lib/server.cjs","upstream-adaptation","True","7268","90f6755016892e6b6c9e7068d7287bad127918cbae494e928eb1db99bdf0fe0f","syntax-only","E"
"app/src/main/assets/builtin-plugins/dsh-tool-vscreen/package.json","upstream-adaptation","True","415","2f9bc9eaebde7f8f12e2d10760ea283a2209a100cd216031f47f0867941041d4","syntax-only","E"
"app/src/main/assets/builtin-plugins/dsh-web-mobile/cordis.patch.yml","upstream-adaptation","True","283","ebe9dacdd1ea6a4cc8432038146133e3966942c5f1e3a663f5ded0537f0ed382","enumerated","E"
"app/src/main/assets/builtin-plugins/dsh-web-mobile/lib/client.js","upstream-adaptation","True","545162","306bc33d0636b66586ea81728ffe448e0fb826098ca8ae719460bae10d5c4395","deep-read","E"
"app/src/main/assets/builtin-plugins/dsh-web-mobile/lib/compress.js","upstream-adaptation","True","8339","68ffd80fe0ff46ad4ce1d630388696a7dc21000a31932d268397132b2f6127b2","syntax-only","E"
"app/src/main/assets/builtin-plugins/dsh-web-mobile/lib/compress.js.map","upstream-adaptation","True","5719","8232dd5c75ed7acb04349b6e8014f4d30685dc1dc115236842e809c7156067b8","enumerated","E"
"app/src/main/assets/builtin-plugins/dsh-web-mobile/lib/delete-session.js","upstream-adaptation","True","18100","a52432b6bd2a9db67d4e4ddf82a3162a594f3719d932641ad3fa5e2e5165c11d","syntax-only","E"
"app/src/main/assets/builtin-plugins/dsh-web-mobile/lib/delete-session.js.map","upstream-adaptation","True","10471","3b89e888a1d4bc5334f39a0eef53f0b17f71eb317a3c1f7473f2342152e662e2","enumerated","E"
"app/src/main/assets/builtin-plugins/dsh-web-mobile/lib/index.js","upstream-adaptation","True","6731","2722a68a795515da906cb71f20e4ad837a2f85ef647b6402064fbcc5bf229cb4","syntax-only","E"
"app/src/main/assets/builtin-plugins/dsh-web-mobile/lib/index.js.map","upstream-adaptation","True","4134","c6ad0d4bb629acac81187511a1774109f9085652144a468079c3aa9de63ea6e8","enumerated","E"
"app/src/main/assets/builtin-plugins/dsh-web-mobile/lib/types/client/components/ComposerFileButton.d.ts","upstream-adaptation","True","1954","8fa251413b07afed818b00dfc37622a8be39978adf3ef0f6f792d64ff8ae5272","enumerated","E"
"app/src/main/assets/builtin-plugins/dsh-web-mobile/lib/types/client/components/ComposerFileButton.d.ts.map","upstream-adaptation","True","468","5e7d64d2a30f610e3400cfc221c578611c3927d4b06127035ba0168f451d62f1","enumerated","E"
"app/src/main/assets/builtin-plugins/dsh-web-mobile/lib/types/client/components/MobileDrawerFooter.d.ts","upstream-adaptation","True","1374","591008640cc9cfbc9bc517957dfeac2c1b8e66a830c4a98d144d92a661832650","enumerated","E"
"app/src/main/assets/builtin-plugins/dsh-web-mobile/lib/types/client/components/MobileDrawerFooter.d.ts.map","upstream-adaptation","True","524","ccd3ff6bc40b5d484dfdde4e1b13ea81d2c507b4435cf490ddf58f3ae3f9ecc0","enumerated","E"
"app/src/main/assets/builtin-plugins/dsh-web-mobile/lib/types/client/components/MobileNavToggle.d.ts","upstream-adaptation","True","1114","e5297d02a734f761e1f5bb88e58bf1b8e943bbc426e1cc8a77c5948cdc972910","enumerated","E"
"app/src/main/assets/builtin-plugins/dsh-web-mobile/lib/types/client/components/MobileNavToggle.d.ts.map","upstream-adaptation","True","479","849baec73d8e1bedddbcd1543982bb49082a09188ada0bbd745b35f60a52057b","enumerated","E"
"app/src/main/assets/builtin-plugins/dsh-web-mobile/lib/types/client/components/open-files-panel.d.ts","upstream-adaptation","True","1910","0f5a8da6f2a3652cb8e54ac982aeac8b38cdef3a23c112c6006cc2d470d1efa7","enumerated","E"
"app/src/main/assets/builtin-plugins/dsh-web-mobile/lib/types/client/components/open-files-panel.d.ts.map","upstream-adaptation","True","608","c3002442dc76c5a136a963645c7afdc62843ebc14b3c9a764b209cb540d82d5c","enumerated","E"
"app/src/main/assets/builtin-plugins/dsh-web-mobile/lib/types/client/core/css-rules.d.ts","upstream-adaptation","True","1570","4cdade56b485982cb9869acdd2e756439a75aace8d55104a5c1980c0765081a3","enumerated","E"
"app/src/main/assets/builtin-plugins/dsh-web-mobile/lib/types/client/core/css-rules.d.ts.map","upstream-adaptation","True","674","0988e2ef61ba92fec882d1db5e7c6b887f5006e3148cfbe1414160479376fdc7","enumerated","E"
"app/src/main/assets/builtin-plugins/dsh-web-mobile/lib/types/client/core/icon-compat.d.ts","upstream-adaptation","True","1988","299db680e7e5c0ef2c2f50f9837fdae95cdde89b1b88bf7396d51e0b75c6ad01","enumerated","E"
"app/src/main/assets/builtin-plugins/dsh-web-mobile/lib/types/client/core/icon-compat.d.ts.map","upstream-adaptation","True","554","1e87249d21e731e9664af840ceb83b3fc45a328cf691252d2808a28b0ec50967","enumerated","E"
"app/src/main/assets/builtin-plugins/dsh-web-mobile/lib/types/client/core/layout-compat.d.ts","upstream-adaptation","True","599","321248eb070fe06fbea69da56ea222b50f1efa21c0ed2ae5cfda687d0a41db57","enumerated","E"
"app/src/main/assets/builtin-plugins/dsh-web-mobile/lib/types/client/core/layout-compat.d.ts.map","upstream-adaptation","True","237","a4debe51acac29de05d9a71b22ee1240a93952baf0b2c0c3c20186c3905d3085","enumerated","E"
"app/src/main/assets/builtin-plugins/dsh-web-mobile/lib/types/client/core/raf-scheduler.d.ts","upstream-adaptation","True","274","706ceabf30286c5ffe8ca1af37dd82a3200ab23316f950ccb716891397adefaa","enumerated","E"
"app/src/main/assets/builtin-plugins/dsh-web-mobile/lib/types/client/core/raf-scheduler.d.ts.map","upstream-adaptation","True","383","bcab0aabf6bb31ea3fd76faa26e9572a84b906023e105906715e8ebfb6b5c935","enumerated","E"
"app/src/main/assets/builtin-plugins/dsh-web-mobile/lib/types/client/core/reconciler-core.d.ts","upstream-adaptation","True","1987","0377d4b176b3ceaecf36cbdaef5a5f18028e1d5db8402e11db75626182924321","enumerated","E"
"app/src/main/assets/builtin-plugins/dsh-web-mobile/lib/types/client/core/reconciler-core.d.ts.map","upstream-adaptation","True","1065","473d33f4ebb0507df28608882623a7c23520d9ccad2ceb9625642ed75e7b931f","enumerated","E"
"app/src/main/assets/builtin-plugins/dsh-web-mobile/lib/types/client/core/sessions-compat.d.ts","upstream-adaptation","True","648","d08f7401e77843027e7d6686efb3f4a24fad89781766514265e1ea9a1f81f8c9","enumerated","E"
"app/src/main/assets/builtin-plugins/dsh-web-mobile/lib/types/client/core/sessions-compat.d.ts.map","upstream-adaptation","True","356","0288f8702d6266042ecc20d9c138716db3e9bed407fe58da39007b1f7da9aa77","enumerated","E"
"app/src/main/assets/builtin-plugins/dsh-web-mobile/lib/types/client/debug.d.ts","upstream-adaptation","True","463","b1e4fb739502d922f3529da9080017507c2d7b9437442bcebcd7f00e96efabcf","enumerated","E"
"app/src/main/assets/builtin-plugins/dsh-web-mobile/lib/types/client/debug.d.ts.map","upstream-adaptation","True","234","30c2d7a6b6bf58c31f4ce765e2c095741a87946a7cae3a5f425c6d57cb3f94af","enumerated","E"
"app/src/main/assets/builtin-plugins/dsh-web-mobile/lib/types/client/effects/aionui-compat.d.ts","upstream-adaptation","True","502","a5a30154617099476411584a182ee7b375ee48a59ce02dca6e48ad8fa890d714","enumerated","E"
"app/src/main/assets/builtin-plugins/dsh-web-mobile/lib/types/client/effects/aionui-compat.d.ts.map","upstream-adaptation","True","381","97e2222ee9188c20efc5328196f044ca3fcdd24ac116a684b19d2f50f02e36c0","enumerated","E"
"app/src/main/assets/builtin-plugins/dsh-web-mobile/lib/types/client/effects/composer-keyboard-guard.d.ts","upstream-adaptation","True","212","75987b9e3a2c5bbc1d7376fb0c7c1ad8ac38117225924f2a5be0fb9f176b5259","enumerated","E"
"app/src/main/assets/builtin-plugins/dsh-web-mobile/lib/types/client/effects/composer-keyboard-guard.d.ts.map","upstream-adaptation","True","268","a9ee760d2b062356797f7088fcad98f4c88b6939e6b15098e7a24e8effdd69d7","enumerated","E"
"app/src/main/assets/builtin-plugins/dsh-web-mobile/lib/types/client/effects/composer-plus-toggle.d.ts","upstream-adaptation","True","206","ff6617d63ba5e5b1163e1d34b4545633e46fa89ff008f1caa350b67703b01028","enumerated","E"
"app/src/main/assets/builtin-plugins/dsh-web-mobile/lib/types/client/effects/composer-plus-toggle.d.ts.map","upstream-adaptation","True","262","341c4094ac6214f484e1687498afbef9e2d8e93e378724098517bd8ff8d9edeb","enumerated","E"
"app/src/main/assets/builtin-plugins/dsh-web-mobile/lib/types/client/effects/file-viewer-compat.d.ts","upstream-adaptation","True","1390","84f65db30a90025cd0b0f0ff1fb8cc864fe9851fda5a1ec82021c66edee7314d","enumerated","E"
"app/src/main/assets/builtin-plugins/dsh-web-mobile/lib/types/client/effects/file-viewer-compat.d.ts.map","upstream-adaptation","True","265","36d87260166201163730514120449cf61540c24050bf7df10e4134665eaf9871","enumerated","E"
"app/src/main/assets/builtin-plugins/dsh-web-mobile/lib/types/client/effects/gesture-guard.d.ts","upstream-adaptation","True","2925","ff1c26e8cd7061b9d286293086be6302a2dd00d242a4c1b5f866718a0157f791","enumerated","E"
"app/src/main/assets/builtin-plugins/dsh-web-mobile/lib/types/client/effects/gesture-guard.d.ts.map","upstream-adaptation","True","587","1eaa11dccaa7825c6546a5eff994b60b2636d520e401e9029272446096c2a9ba","enumerated","E"
"app/src/main/assets/builtin-plugins/dsh-web-mobile/lib/types/client/effects/git-chip-reparent.d.ts","upstream-adaptation","True","176","4ff09fd3a280eb53e557ac8a3cbf576b1a24a0625ae12dfb77f8af83cc313dda","enumerated","E"
"app/src/main/assets/builtin-plugins/dsh-web-mobile/lib/types/client/effects/git-chip-reparent.d.ts.map","upstream-adaptation","True","235","bd65b92f4a26dd5f447c9c53851d3d1234ae4ff04dc0ba3d3cd5ac395a0746d9","enumerated","E"
"app/src/main/assets/builtin-plugins/dsh-web-mobile/lib/types/client/effects/model-menu-anchor.d.ts","upstream-adaptation","True","200","ba1438fb358ec61e746c4b76ce3e6d53e1bc9bc84a1ec93734f4b349ed02f12c","enumerated","E"
"app/src/main/assets/builtin-plugins/dsh-web-mobile/lib/types/client/effects/model-menu-anchor.d.ts.map","upstream-adaptation","True","256","af34764334bc49d44ab05d205334ece1e0c78907d4d2f4ae10d54ec947e5d57e","enumerated","E"
"app/src/main/assets/builtin-plugins/dsh-web-mobile/lib/types/client/effects/overlay-backdrop-fab.d.ts","upstream-adaptation","True","1196","b2c7728c67dfac613bbd846d838c52835cb494b55ccd08dc2c6ebf38528740b7","enumerated","E"
"app/src/main/assets/builtin-plugins/dsh-web-mobile/lib/types/client/effects/overlay-backdrop-fab.d.ts.map","upstream-adaptation","True","497","2da7f9666610e1b8dbd0710624e1dde7d114c6aba68051e6f9e1bdb34b73d516","enumerated","E"
"app/src/main/assets/builtin-plugins/dsh-web-mobile/lib/types/client/effects/panel-exit.d.ts","upstream-adaptation","True","4377","df3f5237bdf6cf25934b1e32e6e91ddf4303cc175aa1a3060c82f58960fdb792","enumerated","E"
"app/src/main/assets/builtin-plugins/dsh-web-mobile/lib/types/client/effects/panel-exit.d.ts.map","upstream-adaptation","True","794","e42238179992ebad97dc26d2e2c36e4a027c549097a2d545edd68bd50a439b75","enumerated","E"
"app/src/main/assets/builtin-plugins/dsh-web-mobile/lib/types/client/effects/phone-chrome.d.ts","upstream-adaptation","True","9928","69ea9f8f1c4a478c6effd9a3a3a170559c4beca91c6f4bff105f40a217b3c8c4","enumerated","E"
"app/src/main/assets/builtin-plugins/dsh-web-mobile/lib/types/client/effects/phone-chrome.d.ts.map","upstream-adaptation","True","1655","5a21adc93903f9da9c66acd94f8d34c459c39b72361480ed68f0215a4dbfbbfb","enumerated","E"
"app/src/main/assets/builtin-plugins/dsh-web-mobile/lib/types/client/effects/preview-fullscreen.d.ts","upstream-adaptation","True","284","08a37da9a42e1ed1a684df5d573cd726663d27123b503649c398dd58ca19d61f","enumerated","E"
"app/src/main/assets/builtin-plugins/dsh-web-mobile/lib/types/client/effects/preview-fullscreen.d.ts.map","upstream-adaptation","True","320","1b450684dd1bf1570b4dabf69a25a03bbc2509225a2a7b4aa477d9aaee7e2d3a","enumerated","E"
"app/src/main/assets/builtin-plugins/dsh-web-mobile/lib/types/client/effects/session-menu.d.ts","upstream-adaptation","True","2240","2de93bbdd5a36d02d3169bbc363b32a0035c62c99afd00982c6050cceb97f298","enumerated","E"
"app/src/main/assets/builtin-plugins/dsh-web-mobile/lib/types/client/effects/session-menu.d.ts.map","upstream-adaptation","True","299","31496e1ff6cb00e177b9463d5d2205fffee617aefe8b442aa33973fb15e1e81d","enumerated","E"
"app/src/main/assets/builtin-plugins/dsh-web-mobile/lib/types/client/effects/session-row-fiber.d.ts","upstream-adaptation","True","1780","c0a4b03b25fdf21ef286bd3128caa3bcde26db14c3a7dbb0c37d54ab359a2632","enumerated","E"
"app/src/main/assets/builtin-plugins/dsh-web-mobile/lib/types/client/effects/session-row-fiber.d.ts.map","upstream-adaptation","True","819","c53b242e19cdf330472002124d7875742c0cd7423b320426cf074b0a69e7ad50","enumerated","E"
"app/src/main/assets/builtin-plugins/dsh-web-mobile/lib/types/client/effects/settings-toolbar-reparent.d.ts","upstream-adaptation","True","192","b53a1958705a7a76e32d900463b46485c700c779dec7c5652c25ffddd1376747","enumerated","E"
"app/src/main/assets/builtin-plugins/dsh-web-mobile/lib/types/client/effects/settings-toolbar-reparent.d.ts.map","upstream-adaptation","True","251","3c19a0fe5edb273b769086da77a84f17500a012bd8c3be27e8193e5cc0b181e4","enumerated","E"
"app/src/main/assets/builtin-plugins/dsh-web-mobile/lib/types/client/effects/shortcut-modal-keyboard-guard.d.ts","upstream-adaptation","False","404","ec4259af504b0fe2cf13a2d894d92689076ecd3e2289ed622197dd888d08b04e","enumerated","E"
"app/src/main/assets/builtin-plugins/dsh-web-mobile/lib/types/client/effects/shortcut-modal-keyboard-guard.d.ts.map","upstream-adaptation","False","293","5b657e0ddbadc17591b4402ae94610c6ef9ff87c64dcb22d4d4834312e2e6dce","enumerated","E"
"app/src/main/assets/builtin-plugins/dsh-web-mobile/lib/types/client/effects/sidebar-swipe.d.ts","upstream-adaptation","True","11126","811dff016dbac41c97891a8d583f9eab4fab746d896ac66101b1676ef0de67bb","enumerated","E"
"app/src/main/assets/builtin-plugins/dsh-web-mobile/lib/types/client/effects/sidebar-swipe.d.ts.map","upstream-adaptation","True","2593","cbc9614a1c03331112f5ffb283a2615e6c1be9e845b750e7d9ec9c7081ddedf5","enumerated","E"
"app/src/main/assets/builtin-plugins/dsh-web-mobile/lib/types/client/effects/stats-line.d.ts","upstream-adaptation","True","243","776a9ead2aadebb3a4d214fe0b5d53651656b6df2d2331d3ce1756823f4127c4","enumerated","E"
"app/src/main/assets/builtin-plugins/dsh-web-mobile/lib/types/client/effects/stats-line.d.ts.map","upstream-adaptation","True","286","4cc9c6bee16665a0d0e17cf91414a8e1cb24ca5914ffe6b80f0655a759e7054f","enumerated","E"
"app/src/main/assets/builtin-plugins/dsh-web-mobile/lib/types/client/effects/subagent-chip-touch.d.ts","upstream-adaptation","True","204","887823f1737c070d7331dc15a134a3f8f18291ad581080f78be0c824ee918348","enumerated","E"
"app/src/main/assets/builtin-plugins/dsh-web-mobile/lib/types/client/effects/subagent-chip-touch.d.ts.map","upstream-adaptation","True","260","36b20b7763e91aac0c6cc0348718acddd05fe78a8d6d10dea7b207cbac683da4","enumerated","E"
"app/src/main/assets/builtin-plugins/dsh-web-mobile/lib/types/client/effects/team-chip-toggle.d.ts","upstream-adaptation","True","198","1fa4ef8c56171996dbb547dfda4a727e4254461c2b5e362bbaa6f235728f3d93","enumerated","E"
"app/src/main/assets/builtin-plugins/dsh-web-mobile/lib/types/client/effects/team-chip-toggle.d.ts.map","upstream-adaptation","True","254","fe9e9915a82f5809e578d7920ae1dca91ed21d5fd0ea9721807afb96fa30d459","enumerated","E"
"app/src/main/assets/builtin-plugins/dsh-web-mobile/lib/types/client/effects/workspace-chip-toggle.d.ts","upstream-adaptation","True","208","9e0a5f6cd6aef575272519646b302f2825275b34d6d03404f5db904eee3f2660","enumerated","E"
"app/src/main/assets/builtin-plugins/dsh-web-mobile/lib/types/client/effects/workspace-chip-toggle.d.ts.map","upstream-adaptation","True","264","8026079a5899e4a44ae1fae630cbd583e3ef971c7ce0e7ce2acfcba476c42426","enumerated","E"
"app/src/main/assets/builtin-plugins/dsh-web-mobile/lib/types/client/i18n/locales.d.ts","upstream-adaptation","True","1534","6fcf5bf77aa34a70c5d9ec11cd6551d02a2e99b781b8650af389787a7c7b6d7b","enumerated","E"
"app/src/main/assets/builtin-plugins/dsh-web-mobile/lib/types/client/i18n/locales.d.ts.map","upstream-adaptation","True","368","3fc716943c7d42e2abf7d47e41713052e2226cf4076023804f3fe766da08d2f7","enumerated","E"
"app/src/main/assets/builtin-plugins/dsh-web-mobile/lib/types/client/index.d.ts","upstream-adaptation","True","805","4fdfb369f694c1f030e854f46bf4f843212f8518b3a61728852fd48b6459a10d","enumerated","E"
"app/src/main/assets/builtin-plugins/dsh-web-mobile/lib/types/client/index.d.ts.map","upstream-adaptation","True","422","f9e0e37a690411b6a7315c7fd0a4e17eb4ba5d0fb0845a04005a41a4cc0ced0f","enumerated","E"
"app/src/main/assets/builtin-plugins/dsh-web-mobile/lib/types/client/styles/base.css.d.ts","upstream-adaptation","True","15731","8689f5618c98555845a93b73d9c39d91e8cdc4331e97b149c36022452a9e8665","enumerated","E"
"app/src/main/assets/builtin-plugins/dsh-web-mobile/lib/types/client/styles/base.css.d.ts.map","upstream-adaptation","True","166","c4c2783a5a287b09d99da1f42943114f87b27cad820f6228a4ef3da9c493d103","enumerated","E"
"app/src/main/assets/builtin-plugins/dsh-web-mobile/lib/types/client/styles/compat.css.d.ts","upstream-adaptation","True","58219","66d51c162597ae7107205f49e80a3cab8d69cf07041bb54ee3bd2c1110b114bb","enumerated","E"
"app/src/main/assets/builtin-plugins/dsh-web-mobile/lib/types/client/styles/compat.css.d.ts.map","upstream-adaptation","True","172","2dcc3ae3b6eea0648713b6e892cd39161340399efb0419ddb602baaf40010c6a","enumerated","E"
"app/src/main/assets/builtin-plugins/dsh-web-mobile/lib/types/client/styles/index.d.ts","upstream-adaptation","True","342","931e04e6fd477a0d42f0aa8fcdf5ce9fa4519224e1175ea2768d9c89854a4e45","enumerated","E"
"app/src/main/assets/builtin-plugins/dsh-web-mobile/lib/types/client/styles/index.d.ts.map","upstream-adaptation","True","171","f0134cb1766f7e935bc4961fba9d5cf52db031a688fcf51d5cb5b0bffcac8d25","enumerated","E"
"app/src/main/assets/builtin-plugins/dsh-web-mobile/lib/types/client/styles/layout.css.d.ts","upstream-adaptation","True","196856","1b799099d37b51bcf6331f64a90d97002a8ee3aa4476d786496edc9d58c860e7","enumerated","E"
"app/src/main/assets/builtin-plugins/dsh-web-mobile/lib/types/client/styles/layout.css.d.ts.map","upstream-adaptation","True","172","e401bbc9818ce8a94b71a64e70b12631c10583098ab4a362afc49580ce14e409","enumerated","E"
"app/src/main/assets/builtin-plugins/dsh-web-mobile/lib/types/client/styles/misc.css.d.ts","upstream-adaptation","True","16876","b9288c8a5c65784e36fd8b7829f4e443d48eec697cd9d67911f7e59d9267d231","enumerated","E"
"app/src/main/assets/builtin-plugins/dsh-web-mobile/lib/types/client/styles/misc.css.d.ts.map","upstream-adaptation","True","167","534f3d46b6d09e1070b0351a53467726563a9dda58e08efa958267f501b422dd","enumerated","E"
"app/src/main/assets/builtin-plugins/dsh-web-mobile/lib/types/compress.d.ts","upstream-adaptation","True","1087","d94cd5329fd2bd551ed7eabef9d7bd762db2adc74a0604a9a4aab713e5352dc4","enumerated","E"
"app/src/main/assets/builtin-plugins/dsh-web-mobile/lib/types/compress.d.ts.map","upstream-adaptation","True","548","51eeb93dbab0d57ec7f136a8b1143d41a681ad82b302e6cb49f136049a940bc8","enumerated","E"
"app/src/main/assets/builtin-plugins/dsh-web-mobile/lib/types/delete-session.d.ts","upstream-adaptation","True","2185","a9378ffceab13081c202fd7f140d1a3cac2d8a9384981de74cc1953342614519","enumerated","E"
"app/src/main/assets/builtin-plugins/dsh-web-mobile/lib/types/delete-session.d.ts.map","upstream-adaptation","True","1744","c4b3ad77613af706a39aabe7729290b590f86da086122b81e39b2aaf58d25a6f","enumerated","E"
"app/src/main/assets/builtin-plugins/dsh-web-mobile/lib/types/index.d.ts","upstream-adaptation","True","2702","d053afebca0ab1c1cc7b2e917f1d1ac9e20e637c7da18775ff78783a7853e225","enumerated","E"
"app/src/main/assets/builtin-plugins/dsh-web-mobile/lib/types/index.d.ts.map","upstream-adaptation","True","943","eb367b99d6646c688b205ffa9b7b4e5d11df652d9d745e9d2f44b5daa4c89457","enumerated","E"
"app/src/main/assets/builtin-plugins/dsh-web-mobile/LICENSE","upstream-adaptation","True","1088","ba4c736e11f45710d75a9d1094a6e72cb43ec1cebda3d38d0522fe003dacfec6","enumerated","E"
"app/src/main/assets/builtin-plugins/dsh-web-mobile/package.json","upstream-adaptation","True","3647","b75fd151c07e345e26ad0e0ff9177d5c51ee29d59340ef32323219bf180f508b","syntax-only","E"
"app/src/main/assets/builtin-plugins/dsh-web-mobile/README.md","upstream-adaptation","True","14404","501156dd4339da7a1ac0f44b098aab2d45011a606f52955d4c845ca55bf1edc0","enumerated","E"
"app/src/main/assets/ca-certificates.crt","app-source-or-resource","True","240216","9cc2a774b5198dcff14d9be1e66091f538975d867ce029a96bce15a55dfd730f","enumerated","cross"
"app/src/main/assets/client-combo-cache/index.js","app-source-or-resource","True","1268","982c0cdce192d71274b679983ee19549d0089f88a22bdd6177857124ab6de0e7","syntax-only","cross"
"app/src/main/assets/client-combo-cache/package.json","app-source-or-resource","True","92","63e67f4219562187f3ffd74e7af88ac77ae573f35c625973209a654b3ea76173","syntax-only","cross"
"app/src/main/assets/client-combo-patch.json","app-source-or-resource","True","1849","d244bcf4ce35303d2336bbba478c7f09174755754fb477c6cd1959cd9e90c2c8","syntax-only","cross"
"app/src/main/assets/composer-enter-patch.json","app-source-or-resource","True","2818","36ac6aae5a2ea0821669fd697638b04abed031199a9cb5201ea4a8dbba0e040e","syntax-only","cross"
"app/src/main/assets/conversation-materialized-patch.json","app-source-or-resource","True","1153","6986aee62534314253b64e2058e8b2836d092d8980f085528bbc10d97b966558","syntax-only","cross"
"app/src/main/assets/deepseek-messages-compat-patch.json","app-source-or-resource","True","1145","881fc3c2a37aef0bb495d48d262dcf4b055cac76debd918592e7743e8baf521f","syntax-only","cross"
"app/src/main/assets/device-shell-policy.py","app-source-or-resource","True","9372","8186cce9499e1c596a354f97e0c711895c0890483dfeba2cd4d78bbfb623f40a","syntax-only","C"
"app/src/main/assets/dns-compat.cjs","app-source-or-resource","True","1957","7f52122fb87a5f97604069e6938bec15f4e660d8e13c7ae655a29df5a50fb07a","syntax-only","cross"
"app/src/main/assets/dsh-deps-heal.sh","app-source-or-resource","True","4738","6c8f4c44387c9c9a3f3bae2aefdb9d77fb8f58b2ec86d5afb86c268a5e3b5993","syntax-only","cross"
"app/src/main/assets/dsha-builtin.txt","app-source-or-resource","True","133","930f126dd3b77e31cbd9eefbe3bfa9507855a2d1bd04e4c6927a6d6c1587ecc5","enumerated","cross"
"app/src/main/assets/dsha-deepseek-messages-compat.js","app-source-or-resource","True","560","ecaed254bff32b497112d524984aa5b58f3cdbf6fb9ee2b77876e1197f132f37","syntax-only","cross"
"app/src/main/assets/dsha-device-shell.sh","app-source-or-resource","True","172","2b9beea89aa12747a57613ef96017caf6eee7ac8bf787736db1f97e8992d27af","syntax-only","cross"
"app/src/main/assets/dsha-plugin.sh","app-source-or-resource","True","789","ea2941594d35d903c7a007425b9d1b6ef8949c42cb049baec0cba34cdedd55a1","syntax-only","cross"
"app/src/main/assets/dsha-runtime-env.sh","app-source-or-resource","True","1038","16cc9a1bc7d26b8e83c050ec4ee0a6d2ba2520b9318b8d05ddc48ea3c762f52c","syntax-only","cross"
"app/src/main/assets/environment-data.py","app-source-or-resource","True","19011","157c142ff226fc53db1ae242e12d98f294e4b686bee39d103f235d9ba585299a","syntax-only","cross"
"app/src/main/assets/fix-stale-bundles.sh","app-source-or-resource","True","2852","d2f9d905040403f50a271f6cbbfabb5e778c6f5732faac47ff06eba818a4cf4e","syntax-only","cross"
"app/src/main/assets/flatten-l2s.py","app-source-or-resource","True","9283","e64eb220981ae5a4d861a530fe2b6f6dc1a9ccb0a576bdb1feeff588eeeee714","syntax-only","cross"
"app/src/main/assets/fs-write-patch.sh","app-source-or-resource","True","8014","b9491cc67413b166cd419dfdff7f9a6fe47a0885281ba35c76c5ed665271e446","syntax-only","cross"
"app/src/main/assets/glibc-python.tar.gz","app-source-or-resource","True","6565414","d3f472848bf56dc856f23bc7a20d546703075b4851fd3de9cb07936b52feba9d","enumerated","cross"
"app/src/main/assets/heal-pnpm-shells.py","app-source-or-resource","True","7453","e493fcabe2b3ebc07f495864507645cc28f19b215af2e1eb65aa96c0a11a3564","syntax-only","cross"
"app/src/main/assets/heal-profile-boot.py","app-source-or-resource","True","6894","e490ee61fc9dd5469c5c60ed0655eed31b092efbd0b53db66117b73d5706a1ef","syntax-only","cross"
"app/src/main/assets/heal-session.sh","app-source-or-resource","True","1430","68f241a8196d2129b61f959e04524d3b110535ad927a610a23a69aaa3ba63137","syntax-only","cross"
"app/src/main/assets/heal-sessions.py","app-source-or-resource","True","17588","ab2a4c44f7585ac75e927acc6d344804164cbe5ee5c677696b0377d7deec86ab","syntax-only","cross"
"app/src/main/assets/install-basic-tools.sh","app-source-or-resource","True","2706","69e5fa10d3b8e9952b3fd794aa1080d80d57b6b517b47ec3e3652769c2370c8e","syntax-only","cross"
"app/src/main/assets/install-ubuntu-tools.sh","app-source-or-resource","True","710","c0bde7c0f96b8fd917256c862f32e350e754ef5a73e67b354767450568d8d124","syntax-only","cross"
"app/src/main/assets/language-patch.json","app-source-or-resource","True","1215","9fba930e7decb1052c6bdc9481c84e6ff5f9f6ae8c52a08861683d94b1a5f21e","syntax-only","D"
"app/src/main/assets/lexical-claim-patch.json","app-source-or-resource","True","846","f846ea974700c7fe18577a22826a50a64c394a66265522462320d5f1f328e211","syntax-only","cross"
"app/src/main/assets/licenses/bouncycastle-LICENSE.txt","app-source-or-resource","True","1137","b3c0e23a6fd287e05c4849faa17632d0b31bdc31fccc409caeb7661caea9d967","enumerated","cross"
"app/src/main/assets/licenses/certifi-LICENSE.txt","app-source-or-resource","True","989","e93716da6b9c0d5a4a1df60fe695b370f0695603d21f6f83f053e42cfc10caf7","enumerated","cross"
"app/src/main/assets/licenses/DSHA-MIT.txt","app-source-or-resource","True","1074","e0ddc2f4a383d900a26e3148a19c256e9dbe06585a274307509e9714636be0b1","enumerated","cross"
"app/src/main/assets/licenses/gson-LICENSE.txt","app-source-or-resource","True","11358","cfc7749b96f63bd31c3c42b5c471bf756814053e847c10f3eb003417bc523d30","enumerated","cross"
"app/src/main/assets/managed-package-proofs.json","app-source-or-resource","True","58352","1aaf5c5fc7bc5d63c9938727d03406330fe63a32a052542fc3d5ca306adfe634","syntax-only","cross"
"app/src/main/assets/migrate-public-data.sh","app-source-or-resource","True","4212","8496644ec28fd6954d1d1b9eef20c66ef58214e540062b222d83d788ed67d417","syntax-only","cross"
"app/src/main/assets/models-navigation-patch.json","app-source-or-resource","True","1551","d8d15c308c0c09a1a861d27a9e4b05bc4665ee6a57bcf153b6d8c4f4b80f4cc8","syntax-only","cross"
"app/src/main/assets/office-fonts-patch.json","app-source-or-resource","True","445","639533cadea7a8afc03df74a58477419a752e0aeaad6c3141c4b575636c61656","syntax-only","cross"
"app/src/main/assets/offline-rootfs.version","app-source-or-resource","True","3","917df3320d778ddbaa5c5c7742bc4046bf803c36ed2b050f30844ed206783469","enumerated","cross"
"app/src/main/assets/pdf-compat-patch.json","app-source-or-resource","True","779","4efa11804e8e18a2cd1bd3998b67c18874e8974f9bc9333f76ab52a0766298a5","syntax-only","cross"
"app/src/main/assets/persona-compat-patch.json","app-source-or-resource","True","1002","d1f1be9431e52eb71d5769a7cf89f0e21c2de0c9381754cf8e52e83e3e4ac467","syntax-only","cross"
"app/src/main/assets/plugin-dependencies.py","app-source-or-resource","True","19242","c289d2cde883594419b37dffb19745d928e0a1095e0eb53ebc5e18fdb07a2b3a","deep-read","E"
"app/src/main/assets/plugin-lifecycle.py","app-source-or-resource","True","41503","946b762ce56ee122fd5578617596f040cc84f8a0b8f4fc8527d30edae6f1611a","deep-read","E"
"app/src/main/assets/plugin-manager-navigation-patch.json","app-source-or-resource","True","5328","559bab222badd092cd067042c416c222d1e0fae624c1411172ae014a5cd55697","syntax-only","E"
"app/src/main/assets/plugin-manager-policy-patch.json","app-source-or-resource","True","1883","c629cb66f679aff98a3fea4e2b8716ba7506f77d4b0c9f623c2293d243ee8554","syntax-only","E"
"app/src/main/assets/plugin-manager.py","app-source-or-resource","True","43462","218462a1e987a4067df71a0935592cac31a0410179bcec0c9a6ee0e65b2f739f","deep-read","E"
"app/src/main/assets/plugin-semver.cjs","app-source-or-resource","True","70384","e6502ec42bd53521237d5fa04c489d71bff203cb7c2ec5b4aef4cec7f91d88a5","syntax-only","E"
"app/src/main/assets/plugin-transactions.py","app-source-or-resource","True","14263","a858e3816a0943cfa13a0ff861be3c714e75f06eda7f57fa8f975d41bd163313","deep-read","E"
"app/src/main/assets/pnpm-env-fix.sh","app-source-or-resource","True","3206","61003026497d645efdbe66a61a6896cebceae73d1296f5d0c78f0983c4351350","syntax-only","cross"
"app/src/main/assets/pnpm-runtime.bin","binary-asset","True","3837861","08873508c20e5a4af5ffb93a02509aac62a24b91826d8abce9f0d71e9453ce9d","metadata-and-hash-if-small","cross"
"app/src/main/assets/profile-settings-review.js","app-source-or-resource","True","9635","c33cee1bd278ef9077e6ac7c165d742d3feb8e5aa0693fffa772a081b5a8edec","syntax-only","cross"
"app/src/main/assets/python-support.bin","binary-asset","True","904360","9f8299ea3fa7a1cf84c23087ae80f584599a828585f3175f92da575955a63464","metadata-and-hash-if-small","cross"
"app/src/main/assets/rc1-migration.py","app-source-or-resource","True","18194","02fcfdadeda1a7ebc884818784b0767b82e0cf4535a37f3721206b2d05013161","syntax-only","E"
"app/src/main/assets/rc1-settings-migration-patch.json","app-source-or-resource","True","1251","a0ea9e3273304136177001a17d87affeee8a15ab09835bc2b552c37afcd2904b","syntax-only","cross"
"app/src/main/assets/rc1-settings-migration.cjs","app-source-or-resource","True","7768","69012600e3cbd426f076172b1a1df655a8732c33c3d52aedbc1776e7981828fe","syntax-only","cross"
"app/src/main/assets/recovery-agent.js","app-source-or-resource","False","7900","55f732485bd58ab6843324823933a401b3d531ae50c1acaf48695b19a98564f0","syntax-only","cross"
"app/src/main/assets/recovery-profile-package.json","app-source-or-resource","False","209","eac7c32dcfcf8eee051e425ea65b7ce2b25c77d9cd1c438add6a4c74fd99e97f","syntax-only","cross"
"app/src/main/assets/recovery-profile.patch.yml","app-source-or-resource","False","1763","11deb6d463454e278faad4ef110152586d0cf836a478bdc4e2020fba132a25a3","enumerated","cross"
"app/src/main/assets/register-builtin-plugins.py","app-source-or-resource","True","36260","774a15b8cd7d2b5631224d0f3e9847224734bc9020c321a5c226e6528e2b258c","deep-read","E"
"app/src/main/assets/restore-merge.py","app-source-or-resource","True","53339","0fe3d18a01fbe133c9c166aba52f38022fbcd60db6ddd3381e3c6961d185c4d7","syntax-only","cross"
"app/src/main/assets/rootfs-confirm-install.sh","app-source-or-resource","True","8164","3b4a0c149fe871f812a7b0787edc3e36a709e299aed8dbb94345bea68932a0d0","syntax-only","cross"
"app/src/main/assets/runtime-descriptor.json","app-source-or-resource","True","14024","3350c9309dfa2c9ca66483817718137e0fe49ac659e82694a3c358f435ad495a","syntax-only","cross"
"app/src/main/assets/runtime-fs/index.js","app-source-or-resource","True","3818","ea0880b3f6f3eea3427294476b931aa948a0c2efc780a37e802ed48fbf584473","syntax-only","cross"
"app/src/main/assets/runtime-fs/package.json","app-source-or-resource","True","217","9b7081bc29038465263ec0084d1b35634cac7f700b6f36187a37fd1e3734d89c","syntax-only","cross"
"app/src/main/assets/runtime-python/python3.14","app-source-or-resource","True","4448","4f8d78ede7fc26e96e99342dd83ce42d32c9b4d0806bc9a99ff7151396269b25","enumerated","cross"
"app/src/main/assets/runtime-trial-page.js","app-source-or-resource","True","1999","48d7ee3cd6ee2a20418e91cfcb3ed5a15511265d30b2f1f91a5c6fd3814e7308","syntax-only","cross"
"app/src/main/assets/runtime-trial-plugin.js","app-source-or-resource","True","10977","9a15d426e5bf2bab3a7e5b0b2a7a78981d68c8ac7975514c1c9db71be03591ff","syntax-only","cross"
"app/src/main/assets/selftest.py","app-source-or-resource","True","68287","e7bafe7566796e80ec37b74185e199b3c5e002c1187355f8080c23acd8e5dbaa","syntax-only","cross"
"app/src/main/assets/session-compat/index.js","app-source-or-resource","True","3682","0baae8496c8c40eb67cfbe6df06b415bb2919b9c25a790334fbb718d4d35c46c","syntax-only","E"
"app/src/main/assets/session-compat/package.json","app-source-or-resource","True","219","7d415807c05506c6a4e426b362195f710715bce2d47dc8b6cc285809f29654ef","syntax-only","E"
"app/src/main/assets/session-interaction-patch.json","app-source-or-resource","True","3819","bb75bebaa63b9a6d84520b38fe8201cbbe6ae22549169806d4f3c42d86da8ced","syntax-only","cross"
"app/src/main/assets/startup-checkpoints.py","app-source-or-resource","True","9119","3c96e772631d9bbfe12375261f16aa1dd7832365fee895e908b7da93ae4a9b1a","syntax-only","cross"
"app/src/main/assets/startup-observer.cjs","app-source-or-resource","True","8768","28fdc751e4b66c875d02931197d94e30140b305d5bc5292aeede180d4eb49243","syntax-only","cross"
"app/src/main/assets/startup-recovery.py","app-source-or-resource","True","1302","6c307f6ec62aecb1ddb31f57e1588baf9dc262d157185bc6f2f233461ba4d20e","syntax-only","cross"
"app/src/main/assets/subagent-navigation-patch.json","app-source-or-resource","True","892","23e0cd950cf930722071d3945fd2e4a3fdc6550e89828efaa59d31c9a9ca97e3","syntax-only","cross"
"app/src/main/assets/web-integration/agent-preset-header.css","app-source-or-resource","True","2643","92d91c666a61ce23267d05cdecbe98103f7c8e4d7ad79febf12bb9e18942bc6c","enumerated","cross"
"app/src/main/assets/web-integration/agent-preset-switch.js","app-source-or-resource","True","2853","a25c160a0b4e0c4bf8060869589f18179ea4682504a697fea8b597a3d53db664","syntax-only","cross"
"app/src/main/assets/web-integration/blob.js","app-source-or-resource","True","2004","96d4ebd7158ceba7c27f872534b381d95cd6d36400688b9e749191d4ded67ddf","syntax-only","cross"
"app/src/main/assets/web-integration/compat.js","app-source-or-resource","True","5968","c0e53eb673fda76b8c889b71bcbbfb23f81f14a5898432642dce83f812fdade1","syntax-only","cross"
"app/src/main/assets/web-integration/content.js","app-source-or-resource","True","382","68eac6b58c30d11b30cedd8a5f5931295b9061e8ce2ef9c2c3cf04921849b0e6","syntax-only","cross"
"app/src/main/assets/web-integration/core-js.LICENSE","app-source-or-resource","True","1134","b87653fff2d44426ab5cd4723cee3b1364dc8d35a0acdf098c54689543123bf8","enumerated","cross"
"app/src/main/assets/web-integration/es-compat.inputs.json","app-source-or-resource","True","643","7f9e2715c4872db787269cdc8bcb5e7feb2266c46cc5e18c1cb9a77f8d96344c","syntax-only","cross"
"app/src/main/assets/web-integration/es-compat.js","app-source-or-resource","True","116267","a17b4cce3260f37753902ca0214ff61c66ebbf7ce764612b8ddc92aa8a9f51cd","syntax-only","cross"
"app/src/main/assets/web-integration/language.js","app-source-or-resource","True","693","f3b611ef87fb97bcc96dba265f1ff8ed9992c2f46ab40768c7a35a68edaf841a","syntax-only","D"
"app/src/main/assets/web-integration/manifest.json","app-source-or-resource","True","740","10ebeb472e0325854f9098ef05756a65b1ce3fe087c03cf544dc8aaf51c3dc52","syntax-only","cross"
"app/src/main/assets/web-integration/native-plugin-policy.js","app-source-or-resource","True","1419","badd50d66a154f35ea64a9b07c5ace3ca40be403523e4a4d357cef6fd6cf6416","syntax-only","E"
"app/src/main/assets/web-integration/page.js","app-source-or-resource","True","1475","7dc5abf13c7c22f4babd7267ba18aea788f5debdd168c4725f507cab50305afa","syntax-only","cross"
"app/src/main/assets/web-integration/session-interaction.js","app-source-or-resource","True","2983","a12d439355118c835c2e47361cc41dfcf4e5362252a16a3a3a73390da1deaee6","syntax-only","cross"
"app/src/main/assets/web-integration/startup-relay.js","app-source-or-resource","True","1543","83c9d95b75ddc4590c82939f4a4e2709726fa3c8230d553e4d6a2862cfae39fb","syntax-only","cross"
"app/src/main/assets/web-integration/startup.js","app-source-or-resource","True","4990","eb0d785c6eff5e7d5a615d90405694c8aa8aeee10ed29dfd77c8f996fc295df4","syntax-only","cross"
"app/src/main/assets/web-integration/tooltip-component.js","app-source-or-resource","True","3404","fcf51105fab4358f1b249ccd55b47aed179d1e216e1fa3b80f0fe203b3b381fb","syntax-only","cross"
"app/src/main/assets/web-integration/tooltip-interactions.js","app-source-or-resource","True","2713","cdd4867c57be585e2b4074aa242e5e8e7c6a68e249f0329a5700337acd2dbb03","syntax-only","cross"
"app/src/main/assets/web-integration/tooltip-patch.json","app-source-or-resource","True","2181","49fab8986400d0b4a177a8c1a93028796394bfcab573811af0114634cd31eeba","syntax-only","cross"
"app/src/main/assets/webserver-auth-patch.sh","app-source-or-resource","True","5852","ddf9ace21ed833a7659ac90809b4b086b50c13fa7e6b5594b10f2de0ab59e5a2","syntax-only","cross"
"app/src/main/assets/webui-degrade-patch.sh","app-source-or-resource","True","1501","74ee435b97d51cfe1a4883df8a706dccb6e714fd3bb91de6c7396bc7abe050b5","syntax-only","cross"
"app/src/main/assets/webui-origin-port-patch.sh","app-source-or-resource","True","2443","4a461174557b5539ad2ca501faf6dbda8ff2d6e52b9ff2b272783f1f1de6f0a3","syntax-only","cross"
"app/src/main/assets/webui-polyfill.sh","app-source-or-resource","True","4096","436c6e9b430b57e5bc88fc05c6c3d687371f81a75a061e3f7c9c6ca8aa36750a","syntax-only","cross"
"app/src/main/java/com/deepseekharness/app/AdbKeepAliveReceiver.java","app-source-or-resource","True","2492","b7ea0597e67ea0b084f861bc2391f7bb3fa50d8aa7778ffcc14bf3b9e8b993c6","import-and-pattern-scan","cross"
"app/src/main/java/com/deepseekharness/app/backup/AndroidBackupFileSystem.java","app-source-or-resource","True","10093","c3f0e05f3873580f5783819720cabe698b55ba0ccefde3fb374bb6829e17cb3d","deep-read","B"
"app/src/main/java/com/deepseekharness/app/backup/AutomaticBackups.java","app-source-or-resource","True","10051","9335f692cc699960ed4d6c7d16641665b978af3d8b910b52e8961943a6119905","deep-read","B"
"app/src/main/java/com/deepseekharness/app/backup/AutomaticBackupService.java","app-source-or-resource","True","2968","ab2313ede03e7d0c5831fe187f5e9e18f7ba1ead7b22d0ab269700d9c0eb0b42","import-and-pattern-scan","B"
"app/src/main/java/com/deepseekharness/app/backup/BackupArchive.java","app-source-or-resource","True","11838","6160af84ef48c9fa71a1aa48c3068576a9d056ac68ac7b504f4c35056569f0cc","deep-read","B"
"app/src/main/java/com/deepseekharness/app/backup/BackupControl.java","app-source-or-resource","True","1732","1a57801a6a18073cad69aee726b85ee870aafb685f8f9b491e50e7645d030c2c","import-and-pattern-scan","B"
"app/src/main/java/com/deepseekharness/app/backup/BackupErrorCode.java","app-source-or-resource","True","1753","e7582c6b38e82dbb725f2fa9b8a2f7e01915be2c3fbd25a241d6c9cf29b9a189","import-and-pattern-scan","B"
"app/src/main/java/com/deepseekharness/app/backup/BackupFileSystem.java","app-source-or-resource","True","4380","f337aced288085b0921ee4678a61f9973ffabbaec43c4378632074190f3a8819","deep-read","B"
"app/src/main/java/com/deepseekharness/app/backup/BackupJson.java","app-source-or-resource","True","5153","f8029c8745f98a3a8469332c93a86aea957bec2b8a7fdbc35aa907f9a3a477f2","import-and-pattern-scan","B"
"app/src/main/java/com/deepseekharness/app/backup/BackupLimits.java","app-source-or-resource","True","2193","11fe8c47ba593349de9a8a6e184f28b4eeb0fed8122c349b31358c928738ece8","import-and-pattern-scan","B"
"app/src/main/java/com/deepseekharness/app/backup/BackupPreview.java","app-source-or-resource","True","2224","fd100dbac729adfe1a6ad006bf2e68f36f4284125a5beaf7f019332f4742b484","import-and-pattern-scan","B"
"app/src/main/java/com/deepseekharness/app/backup/BackupSource.java","app-source-or-resource","True","1471","d6e81767636499b2a0ecee63b848d3fb2074e712c9b4365abe3d45bf665678d0","import-and-pattern-scan","B"
"app/src/main/java/com/deepseekharness/app/backup/BackupTree.java","app-source-or-resource","True","4319","32565de280696a110f9b56f8214dfabc0360951e02c2f1278d0589a92cd6e5a7","deep-read","B"
"app/src/main/java/com/deepseekharness/app/backup/ConfigurationSnapshots.java","app-source-or-resource","True","22345","28bf14fa13ecb233f0658962b3f4392d725aa66025eacaf691b2bc5954cec203","deep-read","B"
"app/src/main/java/com/deepseekharness/app/backup/CurrentManagedPackages.java","app-source-or-resource","True","1970","591516c9002a7a8069b890379f4502d777895adb32714bf256adf8299047eab7","import-and-pattern-scan","B"
"app/src/main/java/com/deepseekharness/app/backup/DataFormatEvidence.java","app-source-or-resource","True","2174","b3a6eb5c94855d086cb04224069e351c79743fec7abf65b8df90a276cf7a2852","deep-read","B"
"app/src/main/java/com/deepseekharness/app/backup/DataProtectionService.java","app-source-or-resource","True","5415","e1c350519bab2442cea332db3f80de5a054b882cd1d061971946ed7d39f66f90","import-and-pattern-scan","B"
"app/src/main/java/com/deepseekharness/app/backup/DataRootPolicy.java","app-source-or-resource","True","1197","5bee97a731a617d3a105023f6733559c790d577f1e1854fddcf32d48a1a969d0","import-and-pattern-scan","B"
"app/src/main/java/com/deepseekharness/app/backup/DocumentStreams.java","app-source-or-resource","True","6235","7ec802b23e1ac55d3b346997b2c5da63256217ac21ce1ef41fb13b57e3d4df18","deep-read","B"
"app/src/main/java/com/deepseekharness/app/backup/EnvironmentRebuildTransaction.java","app-source-or-resource","True","10964","b4362a7203f7705a6577eda0e6d460b0de627abd81dc25585e50b384aadc295f","deep-read","B"
"app/src/main/java/com/deepseekharness/app/backup/ExternalBackupScanner.java","app-source-or-resource","True","7636","4c8ac3f4ed19ab89250a0384a128cc767b897987052ac24153112c64c5c2911f","import-and-pattern-scan","B"
"app/src/main/java/com/deepseekharness/app/backup/FactoryReset.java","app-source-or-resource","True","18409","ea8cccfc495f67ada764f75378f0377593aaddd8df0243b6682d5dde754b213f","import-and-pattern-scan","B"
"app/src/main/java/com/deepseekharness/app/backup/FileBackupSource.java","app-source-or-resource","True","6400","c357f08c73bb3e7b5121e8ef15d870b0dd4eb4ed45b25120cdefdb0d1bf7dc09","deep-read","B"
"app/src/main/java/com/deepseekharness/app/backup/GuestDataResolver.java","app-source-or-resource","True","6064","df8273b780b46bebc5a548d26e92e3e081bc715835c6d1239c3b6731f60a40d3","deep-read","B"
"app/src/main/java/com/deepseekharness/app/backup/HostDataTransaction.java","app-source-or-resource","True","11787","b3d485db947d14444db8b1491466ddc3ffe048f820dc4247df4c8121fcb8c554","deep-read","B"
"app/src/main/java/com/deepseekharness/app/backup/HostPendingTransactions.java","app-source-or-resource","True","1702","671faec145f7112f103df704b06a8b4563b2075a3654cc449be8279ac3299887","deep-read","B"
"app/src/main/java/com/deepseekharness/app/backup/HostSnapshot.java","app-source-or-resource","True","7003","416caba0482515c9bc36812404ba591371bdccf259c51dc980577e9435008984","deep-read","B"
"app/src/main/java/com/deepseekharness/app/backup/LegacyBackupImporter.java","app-source-or-resource","True","14548","309ca9507585cc1ad5a28b5c081e1bc80e735ee575322c81adbb5830e7d37d13","import-and-pattern-scan","B"
"app/src/main/java/com/deepseekharness/app/backup/LegacyConfigurationSnapshot.java","app-source-or-resource","True","4923","525d0413896e46a89caa781ffad61060fa8545e16c7fcb7bb4a04f74d9efb5e7","import-and-pattern-scan","B"
"app/src/main/java/com/deepseekharness/app/backup/LegacyTarReader.java","app-source-or-resource","True","8476","19f68fd2dd0dfa5bf13f1ce74b2156d0ab57e9a7fa2f4df2e49ae930a6381d84","import-and-pattern-scan","B"
"app/src/main/java/com/deepseekharness/app/backup/MaintenanceDataSnapshot.java","app-source-or-resource","True","14721","680309c2433b410becab51e7072daaded6672cc64da0aa5af006c07a0983cea8","deep-read","B"
"app/src/main/java/com/deepseekharness/app/backup/ManagedPackageProof.java","app-source-or-resource","True","1716","55477062e8147812cd1409db2caa4b2cccdb2935e59336e4a36188be4cae0980","import-and-pattern-scan","B"
"app/src/main/java/com/deepseekharness/app/backup/ManagedRuntimeTransaction.java","app-source-or-resource","True","17573","1de1f0fcf09478121258ce69bfc7b948ce5733f87059fb95fe0d929d0886e08a","deep-read","B"
"app/src/main/java/com/deepseekharness/app/backup/NativeBackupJobs.java","app-source-or-resource","True","34457","000db2983da1d28b43821a59168160f811e61da188effe7cf736b65b01a21f9a","deep-read","B"
"app/src/main/java/com/deepseekharness/app/backup/NativeConfigurationReset.java","app-source-or-resource","True","5434","a9ed822cea23aedc933028a155744b6a8fed8470a74c489cee356718b063623c","deep-read","B"
"app/src/main/java/com/deepseekharness/app/backup/NativeDataLocations.java","app-source-or-resource","True","11851","162d3dfda6c4ee98c93f9d889b866943b506cdf2fa4a2986a74f99ff99dc12ee","deep-read","B"
"app/src/main/java/com/deepseekharness/app/backup/NativePluginGraph.java","app-source-or-resource","True","15357","f5a14716bfec7798506e1b54ba15684c93532408bde72f33ce41b9fddbeb6b65","deep-read","E"
"app/src/main/java/com/deepseekharness/app/backup/NativeRestorePlan.java","app-source-or-resource","True","13892","ef76b2466f47571af712a301daa046697fca925e1f5669fca6baa8e201508a1d","deep-read","B"
"app/src/main/java/com/deepseekharness/app/backup/NativeRestoreTargets.java","app-source-or-resource","True","12160","aee6ec555ac8310a9cea923d7965ebed6b4a2cc05870b61e893a82dc62034f48","deep-read","B"
"app/src/main/java/com/deepseekharness/app/backup/NativeSafeProfile.java","app-source-or-resource","True","1597","011cd280b9658b2152c95d48b9073ae2e652d306d9ab365fc11f8404037983ec","import-and-pattern-scan","B"
"app/src/main/java/com/deepseekharness/app/backup/PluginInstallJournals.java","app-source-or-resource","True","3304","625e72e0cec53e10a7e1186255faf590cabfe9004fe25b3dd9f8cb40cd18aea5","deep-read","E"
"app/src/main/java/com/deepseekharness/app/backup/PluginRestoreGraph.java","app-source-or-resource","True","18619","f53728349c62d275b776a471f23e844686202de524bd1293304d0d1c524ea21a","deep-read","E"
"app/src/main/java/com/deepseekharness/app/backup/PortableBackupCrypto.java","app-source-or-resource","True","3644","25c42dcf31078c4dff0273faabd23b451ad96c366ed5d801f86072de1e3a535c","deep-read","B"
"app/src/main/java/com/deepseekharness/app/backup/PortablePreferenceProjection.java","app-source-or-resource","True","1577","41c7792ce2496338e6c4513ed36ce192618202d20630499326a8fc8eb4309f28","import-and-pattern-scan","B"
"app/src/main/java/com/deepseekharness/app/backup/PostUpgradeCleanupService.java","app-source-or-resource","True","3666","4f92ca14f78cab74d42b2d3b70216bb9bb979081421bf66183936dcb3412503d","import-and-pattern-scan","B"
"app/src/main/java/com/deepseekharness/app/backup/ProfileSettingsTransaction.java","app-source-or-resource","True","13284","5cb23b6816db331adb0942277ec13b01b114ebca3583d7a0b5af6eab4ac57e59","deep-read","B"
"app/src/main/java/com/deepseekharness/app/backup/QuarantinedPluginReview.java","app-source-or-resource","True","5860","aa849e12e298d7735553a828fa216c3cb6e0159978a5586ff3ece756c7bd000a","deep-read","E"
"app/src/main/java/com/deepseekharness/app/backup/RetainedCatalogue.java","app-source-or-resource","True","15633","fa6cb4ef4b087d9b311f68d034b7e3f85db5173f1a1269d1a82e485904dfb697","deep-read","B"
"app/src/main/java/com/deepseekharness/app/backup/RuntimeDescriptor.java","app-source-or-resource","True","5442","416a4cc3a9c7777fa8a6eed6a1972f9d8c60502d5905f7f38a9d398ee6c70d37","deep-read","B"
"app/src/main/java/com/deepseekharness/app/backup/RuntimeTrialRecords.java","app-source-or-resource","True","4951","2131673fef5230b9b7f8dd7da5dcc44a77e5e9f144b8b6598d9d8e0ad309f5d5","deep-read","B"
"app/src/main/java/com/deepseekharness/app/backup/SafBackupSource.java","app-source-or-resource","True","6737","c61087b66d719690ed40d9b78256a451fd8c27d3d120443342c5d06108f4ab17","deep-read","B"
"app/src/main/java/com/deepseekharness/app/backup/StorageMaintenance.java","app-source-or-resource","True","4871","3632ca97b0b4e4c09fa45340c495e423c0d36b8897ec00c80a2748b4aff00a81","deep-read","B"
"app/src/main/java/com/deepseekharness/app/backup/StrictGzipInputStream.java","app-source-or-resource","True","3458","33dafdb322c96d60873035a2b621b538c712a3e695b3b192c4c448dec06d4724","import-and-pattern-scan","B"
"app/src/main/java/com/deepseekharness/app/backup/SystemPluginState.java","app-source-or-resource","True","5050","709794c60bbe76bfc076c3b473980799745d62220e58b9222883a82b83753bb1","deep-read","E"
"app/src/main/java/com/deepseekharness/app/backup/UnavailableBackupSource.java","app-source-or-resource","True","947","adc2346a50e6af4c345623b5e3bb087050dbf8d2c4658668afdbb7f186e27dfb","import-and-pattern-scan","B"
"app/src/main/java/com/deepseekharness/app/backup/UserDataLayout.java","app-source-or-resource","True","5563","5b19f1c879e3d7bccd3c5641df4efcc78a00e67c7ee6806fbccd7c05a2062b1d","deep-read","B"
"app/src/main/java/com/deepseekharness/app/backup/ValueBackupSource.java","app-source-or-resource","True","1529","56b0fcab75047b9960816d0657c2a77dbec68d2756ce32999d3ff5ec8067d08f","import-and-pattern-scan","B"
"app/src/main/java/com/deepseekharness/app/backup/VerifiedBackupCopy.java","app-source-or-resource","True","3890","f2f2bd7b3a4340d874209f114b61c9267d08e2e1853355dc23656dc95ba1f824","deep-read","B"
"app/src/main/java/com/deepseekharness/app/backup/WorkerQuiescence.java","app-source-or-resource","True","1946","e08ba4409e7c780c1308f28f6057727bb1491bcff8cdeccee9ed1d523e44d079","import-and-pattern-scan","B"
"app/src/main/java/com/deepseekharness/app/BackupManager.java","app-source-or-resource","True","31198","d77e5eda13d090450f5335acfcdf25d299b28aafabd9a1f018f7fde803f4d85b","deep-read","B"
"app/src/main/java/com/deepseekharness/app/BootReceiver.java","app-source-or-resource","True","3456","672c0625b961992f07c0a7585d5064facdc19e07cfb6e23e84ad86e0cc2802cb","import-and-pattern-scan","cross"
"app/src/main/java/com/deepseekharness/app/bridge/AdbBridge.java","app-source-or-resource","True","29378","7c598097234aaa2fd08c8a6cf4ce23542218eab1731f0d117b314ea48c7b9048","import-and-pattern-scan","C"
"app/src/main/java/com/deepseekharness/app/bridge/AppBridge.java","app-source-or-resource","True","497","392633d0b3289d9eb3863407fcd543fee1526b391c13050ecf8fce445548f86f","import-and-pattern-scan","C"
"app/src/main/java/com/deepseekharness/app/bridge/LocalNetworkAccess.java","app-source-or-resource","True","1459","60f0f11ba97ee1854dd648bea18776ca173159fadc603445df55d024b3cf2dff","import-and-pattern-scan","C"
"app/src/main/java/com/deepseekharness/app/BridgeAskDialog.java","app-source-or-resource","True","4385","72e4136f721a90f281d19a292b6330528d58e8cd32766b06d8de7a19a0dbbee4","import-and-pattern-scan","cross"
"app/src/main/java/com/deepseekharness/app/ConfirmReceiver.java","app-source-or-resource","True","1001","5edb31bf68b62c0b3ce3d5d3c5414fb1b11df7214c602987b8a772d30187d37c","import-and-pattern-scan","cross"
"app/src/main/java/com/deepseekharness/app/core/BackupTask.java","app-source-or-resource","True","19854","2388fb935d44aba8ec5c406fc90bb7da4b5e6212ab008a7b2a7351f6fef4cf60","import-and-pattern-scan","B"
"app/src/main/java/com/deepseekharness/app/core/ColdInstallDiagnostics.java","app-source-or-resource","True","2630","eea36df809e8df3e99971538d2a8c28bd7073c82d9f2a0763e222a7269093e86","import-and-pattern-scan","cross"
"app/src/main/java/com/deepseekharness/app/core/ConfigStore.java","app-source-or-resource","True","23558","9793bcd7e99b5174ca6d5a50e3c23f891e5eb34a66cca3746bb8786c4f7040ca","deep-read","B"
"app/src/main/java/com/deepseekharness/app/core/DeviceGrants.java","app-source-or-resource","True","638","a9b2c0267e86c618123ece1184c8ef2402cb58d4eb3cc2bb562868e5122b9d30","import-and-pattern-scan","C"
"app/src/main/java/com/deepseekharness/app/core/DiagnosticLog.java","app-source-or-resource","True","2760","49e06dc42570aa506d5505cbd04df1d688a9a5e708433082f70ec18002259942","import-and-pattern-scan","cross"
"app/src/main/java/com/deepseekharness/app/core/DiagnosticRepository.java","app-source-or-resource","True","15323","811db958b83ad8df21085c2b078dcbd501dda5eb00ddf0c9a392d47345bfc92e","import-and-pattern-scan","cross"
"app/src/main/java/com/deepseekharness/app/core/DshModelRepository.java","app-source-or-resource","True","10749","48a3356d1dfe1c9a24a364dbe1805cb796d1ba08d3a723213dba5eb6bb3afc33","import-and-pattern-scan","cross"
"app/src/main/java/com/deepseekharness/app/core/EnvironmentAccess.java","app-source-or-resource","True","1809","d6786e4dacc9cc522d7cfeec5d998441de1c324fcebb88a197c8485a3597f0be","import-and-pattern-scan","cross"
"app/src/main/java/com/deepseekharness/app/core/EnvironmentDataBackup.java","app-source-or-resource","True","6341","c7b7c91041e9a668aa197d82d2d162bf53f2a35aaf6b81f41466ae99960d9d77","import-and-pattern-scan","cross"
"app/src/main/java/com/deepseekharness/app/core/EnvironmentMaintenance.java","app-source-or-resource","True","25045","d6eed8f9117b8b38a830a7535e37a755f55997de2c6f9763eb11a6915798cdd7","deep-read","cross"
"app/src/main/java/com/deepseekharness/app/core/ErrorLogRepository.java","app-source-or-resource","True","10049","dee5475c9fb62ff89e6ec5ab77bc6bdaf922a2e5d15ec25bd3d4e303f450fdf5","import-and-pattern-scan","cross"
"app/src/main/java/com/deepseekharness/app/core/HarnessController.java","app-source-or-resource","True","54363","91416fca7e29366e4ed06eb3f7327fb12216fb19bba7ebd3a7ca5da465179863","deep-read","A"
"app/src/main/java/com/deepseekharness/app/core/InstallRepository.java","app-source-or-resource","True","5085","594e818a8e538f3f99258a1bbc2246fad5f55f82d4c965e7edc5c441ebaaaba7","import-and-pattern-scan","cross"
"app/src/main/java/com/deepseekharness/app/core/PluginActivationHooks.java","app-source-or-resource","True","4552","05a3043067f9d07463401174283da8f16d487283d6c4bbec781e1168306c074c","deep-read","E"
"app/src/main/java/com/deepseekharness/app/core/PluginRepository.java","app-source-or-resource","True","34812","755ff910a8d14d78ab47780184efcfba65399b4161e6c294616f4ae37d6da5dc","deep-read","E"
"app/src/main/java/com/deepseekharness/app/core/PluginTask.java","app-source-or-resource","True","2176","d4a48a5c86adaa8f6cbfea96f5b26bab4f4b7edb7798760ae6d6b3afee542d5d","deep-read","E"
"app/src/main/java/com/deepseekharness/app/core/RuntimeTasks.java","app-source-or-resource","True","6424","816e4d0a12057da23309161fdda86a2a0e9a37aeb70ebf67030a56c71808c39f","deep-read","A"
"app/src/main/java/com/deepseekharness/app/core/StartupDiagnostics.java","app-source-or-resource","True","11491","22dd6e252fb33dc046538d2475dbfea515cf26a176a9628f8fece32bc880deb2","import-and-pattern-scan","cross"
"app/src/main/java/com/deepseekharness/app/core/StartupRecoveryModel.java","app-source-or-resource","True","2439","423d98e39934fe8c9225e659895b9629655d655e0a1e432d952aa6e540737682","import-and-pattern-scan","cross"
"app/src/main/java/com/deepseekharness/app/core/StartupRepairs.java","app-source-or-resource","True","6437","a6cfe43c01d3cd6326b0378289a4ca66174389e620929ef045f237193b30d173","import-and-pattern-scan","cross"
"app/src/main/java/com/deepseekharness/app/core/TrustedNetwork.java","app-source-or-resource","True","3301","aa2c0f75e9b192cf14c2065555832494bb29740e415dbfd81fd24dd0bfa74ac3","import-and-pattern-scan","cross"
"app/src/main/java/com/deepseekharness/app/core/UpdateEngine.java","app-source-or-resource","True","27602","2cd2ed0dc74bbd3ed808202df4b7f6816f2d92aa19872dfe364d120a5d1220f3","import-and-pattern-scan","cross"
"app/src/main/java/com/deepseekharness/app/core/UpdateRepository.java","app-source-or-resource","True","6632","d1f2c12dedd2031bbc79f4c5aab95594879061f2000751f33689f2b57732b5d5","import-and-pattern-scan","cross"
"app/src/main/java/com/deepseekharness/app/core/WebRecovery.java","app-source-or-resource","True","1428","890e86de540118e6977db305511ea463949e5b3547a810fce8d141168c2d8fe1","import-and-pattern-scan","cross"
"app/src/main/java/com/deepseekharness/app/DangerShellGuard.java","app-source-or-resource","True","6541","ab919ecc550f20ee4ab92de72963363a5961503f96e9b351dbb1ea3ef3ce74a6","import-and-pattern-scan","cross"
"app/src/main/java/com/deepseekharness/app/data/DownloadsExport.java","app-source-or-resource","True","5831","a6ae7147b2e8924d17f744c435c122c6ced1f592f783aca758ba0cfc9392fccb","import-and-pattern-scan","cross"
"app/src/main/java/com/deepseekharness/app/data/KeyVault.java","app-source-or-resource","True","6083","4490fc039e856c1cfaa77bb41aebd0f6ce6145d704ee0f21e9b7a9ce88fa64e6","deep-read","B"
"app/src/main/java/com/deepseekharness/app/data/PortableSettings.java","app-source-or-resource","True","3647","fdf3329040e2bb26552dc17ac43f6982e83b68f4beb51efc664ad931dcbd469a","import-and-pattern-scan","cross"
"app/src/main/java/com/deepseekharness/app/DeviceAppInventory.java","app-source-or-resource","True","1338","6b07d541e3bf411b3cc3feac92ff0a1ee609c195d64975300374475e4bd08d2e","import-and-pattern-scan","C"
"app/src/main/java/com/deepseekharness/app/DeviceBridgeService.java","app-source-or-resource","True","24027","d0306a4538061f4108ee1f611c4c419bbe380c845aba0158b4f7c6bef75ec271","import-and-pattern-scan","C"
"app/src/main/java/com/deepseekharness/app/DeviceSense.java","app-source-or-resource","True","19941","f1abb70eaff7f70675080b3d26286d3513ce944742c2f80b59c6ce78326f43dd","import-and-pattern-scan","C"
"app/src/main/java/com/deepseekharness/app/DeviceShellExecutor.java","app-source-or-resource","True","6950","2108597c77724c2e338626fcff9e762cc1cd66a66da541e2fe66664234b34efb","deep-read","C"
"app/src/main/java/com/deepseekharness/app/DshaAccessibilityService.java","app-source-or-resource","True","32804","aff1517ccabe4e43e0f82fc925af3dd23669a86b1596e902cab99aa46681f217","import-and-pattern-scan","cross"
"app/src/main/java/com/deepseekharness/app/DshaApp.java","app-source-or-resource","True","1717","bcf6934c2b30823d942e14faec4ae0b4f3d3b66f7e7ccd3403d42a2dc045d583","deep-read","A"
"app/src/main/java/com/deepseekharness/app/DshaDocumentsProvider.java","app-source-or-resource","True","18154","ee9ffd06ff26721bdfa82ea4d0ebfb23c6053ac8785c14706154b7c45b08a38c","deep-read","B"
"app/src/main/java/com/deepseekharness/app/ForegroundActivity.java","app-source-or-resource","True","2084","696d6d0b1c8746e823d34b8fc97a5cd8bc84a5c67fa5b02617f123333c8b6843","import-and-pattern-scan","cross"
"app/src/main/java/com/deepseekharness/app/HarnessService.java","app-source-or-resource","True","16278","f4c567c94fde3f2941b816a39d00e83bbe11cdf91a1ef6d91fd114dcbd5f0d7e","deep-read","A"
"app/src/main/java/com/deepseekharness/app/HttpShellService.java","app-source-or-resource","True","102006","871642b042f478eb119de29efad1a6635b96ad3f38f477519ba3ad95743e6543","deep-read","C"
"app/src/main/java/com/deepseekharness/app/LanAuth.java","app-source-or-resource","True","5370","cafc1d43139041ae226b593ee2bec9e4d273f88701bb96497b0bad458ced6e82","deep-read","C"
"app/src/main/java/com/deepseekharness/app/LanProxyService.java","app-source-or-resource","True","35226","d14f521590ca5d649788f089893824a53bcaf7cdcdfe7e670ffc52fabc5d13cf","deep-read","C"
"app/src/main/java/com/deepseekharness/app/OverlayController.java","app-source-or-resource","True","34776","6472f12e173d2898760ca0939637eb3ca6a61226635d0fc4edaf603d3a45495b","import-and-pattern-scan","cross"
"app/src/main/java/com/deepseekharness/app/OverlayLines.java","app-source-or-resource","True","6087","4a29d3549f3df2180e0b29e28b689acc0f42d60d4aab89302c4832cc152f90f2","import-and-pattern-scan","cross"
"app/src/main/java/com/deepseekharness/app/PtySession.java","app-source-or-resource","True","14664","aa91da4871cde4705a561e0bb49689d8376c1cb3d681bab45c1c404233a233a5","deep-read","A"
"app/src/main/java/com/deepseekharness/app/recovery/RecoveryController.java","app-source-or-resource","False","19236","83cee790a4e56cada00951cb3d979b7332b887c55ae257b93d9aa80ce09d8d40","deep-read","A"
"app/src/main/java/com/deepseekharness/app/recovery/RecoveryRepairBroker.java","app-source-or-resource","False","28084","a470368d00132698a86a73d73d3d8e90674501a58cc07f87ac9b48b4395a44df","deep-read","A"
"app/src/main/java/com/deepseekharness/app/recovery/RecoveryRuntime.java","app-source-or-resource","False","36091","bf7154793ad65010483f0bef270b7ac2bcddb604470aafb24cf02e685767643c","deep-read","A"
"app/src/main/java/com/deepseekharness/app/recovery/RecoveryService.java","app-source-or-resource","False","4622","fea50dd7685297a6ad9434c3b9175b15702e783e64d309dc8e5041d132dc3cb8","deep-read","A"
"app/src/main/java/com/deepseekharness/app/RootShell.java","app-source-or-resource","True","5195","fabc0eef86d716d2eb028d372d89eefc23af301c98c0ce8b64e1344e86ea549b","deep-read","C"
"app/src/main/java/com/deepseekharness/app/RootShellMain.java","app-source-or-resource","True","1671","565786485b245ec36010fc27d8fde9f6c63f0196a9af4b2b5e89d8ebd3d4457c","deep-read","C"
"app/src/main/java/com/deepseekharness/app/runtime/BasicToolsInstaller.java","app-source-or-resource","True","3028","b80decb7e981e47e5236a8fcf92e753ebac6fb1314969b1a0ff8dbc039b243ea","import-and-pattern-scan","A"
"app/src/main/java/com/deepseekharness/app/runtime/ContainerRuntime.java","app-source-or-resource","True","9124","efcd8480363f149bafaa31a1d6e0de916487c0fc166f3f106a304aa534c9b80e","deep-read","A"
"app/src/main/java/com/deepseekharness/app/runtime/InstallPipeline.java","app-source-or-resource","True","10665","a6ab16605fd5cb6e79f1ad0d75bc0211d62605eaed17636094385df8f4ca4409","import-and-pattern-scan","A"
"app/src/main/java/com/deepseekharness/app/runtime/IsolatedInstallProcess.java","app-source-or-resource","True","7569","494e1ad4f85c8871a7533a6cf3d1dfdfd5d2f30fc63a228c40af6fbbd7bfaa98","import-and-pattern-scan","A"
"app/src/main/java/com/deepseekharness/app/runtime/NativeProcess.java","app-source-or-resource","True","1467","e08354cebfd3133e62db7464dfb0a773420daa2f867d4ed283981bd1618a6ffd","deep-read","A"
"app/src/main/java/com/deepseekharness/app/runtime/ProfileSettingsTrial.java","app-source-or-resource","True","10478","d5de5660108f7093363c4eb48b6f6aeabd68e51e7c8f1a7da2bb2daaa3149744","import-and-pattern-scan","A"
"app/src/main/java/com/deepseekharness/app/runtime/ProotBootstrap.java","app-source-or-resource","True","87145","e1464418452127e7e6b26dcd053557fc86d31bedd475e0d9d99732aa1698d4eb","deep-read","A"
"app/src/main/java/com/deepseekharness/app/runtime/RuntimeTools.java","app-source-or-resource","True","38585","f812fb151db5f974cf088c63814f3cd91c62704ecf69aa2c24961577d2c1b017","import-and-pattern-scan","A"
"app/src/main/java/com/deepseekharness/app/runtime/RuntimeTrial.java","app-source-or-resource","True","18471","9aebdf229c5f53be7c037fded5c26402898eda32c512bce416481fd911d30fc9","deep-read","A"
"app/src/main/java/com/deepseekharness/app/runtime/TarGzipExtractor.java","app-source-or-resource","True","13583","6d69fce5a2e18ade06a099de8cef2f047043219056219ef468e32f230c686dd6","import-and-pattern-scan","A"
"app/src/main/java/com/deepseekharness/app/runtime/TerminalProcessCloser.java","app-source-or-resource","True","7302","d71e53ec65447d446bbc795a3b6dc83444206e643da001dd20dcc2ae4aeda34a","deep-read","A"
"app/src/main/java/com/deepseekharness/app/runtime/UserDataBindings.java","app-source-or-resource","True","1156","fcbdf6eae50a3102901ec7f504a7433a223956fe7ec016a00f6c3935fc784be8","import-and-pattern-scan","A"
"app/src/main/java/com/deepseekharness/app/runtime/WebProcessManager.java","app-source-or-resource","True","27976","ad9f9c341e64d1b54fc14ba3c61b9789eb79228e0a6dd6c9c39f8332f211eaa8","deep-read","A"
"app/src/main/java/com/deepseekharness/app/ShellService.java","app-source-or-resource","True","3942","20b445398d9891853b6cead536e4b68bc189531d90930984f8282634143926f7","deep-read","C"
"app/src/main/java/com/deepseekharness/app/ShizukuManagerCompat.java","app-source-or-resource","True","5868","d7093ee3336358a3f81252dac62565b2dce7ef6d498585bbd472e0af9376f2d0","deep-read","C"
"app/src/main/java/com/deepseekharness/app/ShizukuShell.java","app-source-or-resource","True","9625","131f25daa04f32797150da32519a85c6bcf40b5b552267c981b959ec958247d7","deep-read","C"
"app/src/main/java/com/deepseekharness/app/ui/AboutDialog.java","app-source-or-resource","True","2845","9db4032b5092ad711406de98b5f32c149d9285ffee1634b6ade072373f401f93","import-and-pattern-scan","D"
"app/src/main/java/com/deepseekharness/app/ui/AboutFragment.java","app-source-or-resource","True","3881","e0675e0fdf61276288e116a153643e835508874938c059d60eac3be55a64ba90","import-and-pattern-scan","D"
"app/src/main/java/com/deepseekharness/app/ui/AccessibilitySetupActivity.java","app-source-or-resource","True","4919","f8fc9427a6ea1b93503d9d6fbeb8368e0bc5bf8002a8aee23503ebfd031a5e0c","import-and-pattern-scan","D"
"app/src/main/java/com/deepseekharness/app/ui/AdbPairActivity.java","app-source-or-resource","True","23431","89115427b01fb8f5b5103d4d506abd23bcf3b34e626249f17cf895181dcb5d22","import-and-pattern-scan","D"
"app/src/main/java/com/deepseekharness/app/ui/AutomaticBackupActivity.java","app-source-or-resource","True","8728","e462040e29e70db97e3cc978ce4194746a037bb7ff3e45403cb6941d39f7df37","import-and-pattern-scan","D"
"app/src/main/java/com/deepseekharness/app/ui/BackgroundTasksActivity.java","app-source-or-resource","True","4105","d871e66818e6f718232ba7e752d869fa08943395f1bf085ecfb85fba1a447ae1","import-and-pattern-scan","D"
"app/src/main/java/com/deepseekharness/app/ui/BoundedDialogLayout.java","app-source-or-resource","True","897","ecd412b83f8e33161dfdee13c44e224b65ae311db2bf8521cd04c5c1b4c7096e","import-and-pattern-scan","D"
"app/src/main/java/com/deepseekharness/app/ui/BrowserMicrophone.java","app-source-or-resource","False","5074","f2a9565e15288b9808b09658b2aeec17133c01741a30752d4e4a6d40ec9ac11a","deep-read","D"
"app/src/main/java/com/deepseekharness/app/ui/CardPage.java","app-source-or-resource","True","4265","f4593a907157d18cd853a475a7332b2af26c22f3e2f659548588983225f29ce3","import-and-pattern-scan","D"
"app/src/main/java/com/deepseekharness/app/ui/CardSheet.java","app-source-or-resource","True","2649","1a17f1483635764d23dff0740e9da491450ca7a8c06d5a6f1b5df31f388cc16e","import-and-pattern-scan","D"
"app/src/main/java/com/deepseekharness/app/ui/CommunityActivity.java","app-source-or-resource","True","4858","ea5b0afadf53bfe98b43b4d0af514ee99578c66a22bce1b57cd85c98ccf91ab8","import-and-pattern-scan","D"
"app/src/main/java/com/deepseekharness/app/ui/ConfigFragment.java","app-source-or-resource","True","17366","4e8f82fae78197171905a98970bf383333be4ac95b99f5161fbfa40fd1cf16de","import-and-pattern-scan","D"
"app/src/main/java/com/deepseekharness/app/ui/DeviceGrantsFragment.java","app-source-or-resource","True","24886","22cbf65dbf37c0436447e3b54b527d25df2e01d028ff45f240b00ffcf9434446","import-and-pattern-scan","D"
"app/src/main/java/com/deepseekharness/app/ui/DiagnosticActivity.java","app-source-or-resource","True","9175","f3da728bf939d41797453d97a2ccd127ae5472fa02b3771a4b7c39163442e9f2","import-and-pattern-scan","D"
"app/src/main/java/com/deepseekharness/app/ui/DshaDialogBuilder.java","app-source-or-resource","True","2404","2a8ce57c0cb8b872df5a0fcba1ac6ae90c5e5157bc1327ac5898c15f225edb29","import-and-pattern-scan","D"
"app/src/main/java/com/deepseekharness/app/ui/DshaSelectView.java","app-source-or-resource","True","4151","51a741fd01db08c6670bebd3c933b835ec6872d910ce2ed9ac9fec996955549a","import-and-pattern-scan","D"
"app/src/main/java/com/deepseekharness/app/ui/EnvironmentRecoveryFragment.java","app-source-or-resource","True","2964","8839362dd31f4afedb15f9c5ed04f49a71bf5f0cd30fab2cb41dadf729a88a03","import-and-pattern-scan","D"
"app/src/main/java/com/deepseekharness/app/ui/EnvironmentUiStatus.java","app-source-or-resource","True","1430","6d0c0e022fb70c649e7f232b372684a1e56aaa8c6b3699158d0351e97da6c8b6","import-and-pattern-scan","D"
"app/src/main/java/com/deepseekharness/app/ui/ExtractActivity.java","app-source-or-resource","True","19909","bbab9cc5df9815d7573240ea60e46a76f0831918d8ac651c17229083a4fab66f","import-and-pattern-scan","D"
"app/src/main/java/com/deepseekharness/app/ui/InstallFragment.java","app-source-or-resource","True","16209","9cb176384782a0f08295aff0d5c59f9878898ede1647078b25c3e8a53a80f28e","import-and-pattern-scan","D"
"app/src/main/java/com/deepseekharness/app/ui/LanguageController.java","app-source-or-resource","True","2336","596f95abae178779f79bbf320204df5259140a9f6c83fd4360cc11e5fd7b6528","import-and-pattern-scan","D"
"app/src/main/java/com/deepseekharness/app/ui/LaunchFragment.java","app-source-or-resource","True","23723","47ce90fe1025860b2ed73ac62ed97eea4d753fd16e5dcabacde92d6dad90cf04","import-and-pattern-scan","D"
"app/src/main/java/com/deepseekharness/app/ui/LogScrollView.java","app-source-or-resource","True","2903","b2d39490c7724a8864f858912270d99981455830d869b3d3bc5f956fd75e699d","import-and-pattern-scan","D"
"app/src/main/java/com/deepseekharness/app/ui/MainActivity.java","app-source-or-resource","True","27737","3ad2d75a0b33229a6874b2e1401ed3083e33ef16c2aafdeacd3362d309f9e71e","import-and-pattern-scan","D"
"app/src/main/java/com/deepseekharness/app/ui/ModelSetupActivity.java","app-source-or-resource","True","26622","39c7e344d00c8c61d46e0f472120e4998bcedec4451adc76fdd4a02c9e525b8b","import-and-pattern-scan","D"
"app/src/main/java/com/deepseekharness/app/ui/ModernAndroidUi.java","app-source-or-resource","True","3076","6a320ed3d8633cf5c1dd215d42dd45390417f9111340c5ab3a53a1c3078d1e26","import-and-pattern-scan","D"
"app/src/main/java/com/deepseekharness/app/ui/NativeDataActivity.java","app-source-or-resource","True","38929","fc6bffecccb4f36bca8126c9f090986226462c2520ed9edabecd32f3e63380c1","import-and-pattern-scan","D"
"app/src/main/java/com/deepseekharness/app/ui/OnboardingPrepareActivity.java","app-source-or-resource","True","2375","73dbed5e241497ee9f3dbf898545e560fcac1a27e81b0589c607a81602ba57b7","import-and-pattern-scan","D"
"app/src/main/java/com/deepseekharness/app/ui/OnboardingReadyActivity.java","app-source-or-resource","True","1474","8d96af271f3a684a940cbc6a3def9d435d54d74b34c697885d869a637af9a237","import-and-pattern-scan","D"
"app/src/main/java/com/deepseekharness/app/ui/OnboardingUi.java","app-source-or-resource","True","3165","5cb791ac1a7235b082c7d1496a51e2f2308c4397afd2c00974525828db598b15","import-and-pattern-scan","D"
"app/src/main/java/com/deepseekharness/app/ui/OverlayFragment.java","app-source-or-resource","True","12739","df9364a642bb61d0272102587c83bbb64af33737655a79a5892bc3c9cd8658c1","import-and-pattern-scan","D"
"app/src/main/java/com/deepseekharness/app/ui/OverlayStyleDialog.java","app-source-or-resource","True","13350","3d7d38b36cfcf977008904810dddf7aa725d3cf6a5c8b78b980f092ddcb42dfb","import-and-pattern-scan","D"
"app/src/main/java/com/deepseekharness/app/ui/PictureInPictureActivity.java","app-source-or-resource","True","15640","d12fa9ce386b2e84febf008eb60dd08813fd020ea957a147b8a470aac5eb8059","import-and-pattern-scan","D"
"app/src/main/java/com/deepseekharness/app/ui/PictureInPictureFrame.java","app-source-or-resource","True","6970","0c24de5858ab3c2fb45481224d59694df8a6b00731dc28ef8926028b317ddd30","import-and-pattern-scan","D"
"app/src/main/java/com/deepseekharness/app/ui/PluginFilePicker.java","app-source-or-resource","True","1268","c8516fb2229e35b65d68065e02987e3ab4ec45c9efcd1207929c1a10c1931d57","import-and-pattern-scan","E"
"app/src/main/java/com/deepseekharness/app/ui/PluginFragment.java","app-source-or-resource","True","41122","54b36abf0d791543a630951f1550525fc87d5f2b184b3c096e5919e540f97d62","import-and-pattern-scan","E"
"app/src/main/java/com/deepseekharness/app/ui/PluginInstallActivity.java","app-source-or-resource","True","4534","27dc2c9663d78d47dc57328d930fbb35178c72e17305581137c27038669ec434","import-and-pattern-scan","E"
"app/src/main/java/com/deepseekharness/app/ui/PluginNavigation.java","app-source-or-resource","True","904","6ba1cb83eabe1be30d47bea7bf328d37fd63a7fb879b9e146adcbde975c2e795","import-and-pattern-scan","E"
"app/src/main/java/com/deepseekharness/app/ui/PreviewAuth.java","app-source-or-resource","True","2068","76b26f5cfa966b6ca62c64694754d6a0aa8d329e228c7c783d690567e1881429","import-and-pattern-scan","D"
"app/src/main/java/com/deepseekharness/app/ui/PtyTerminalFragment.java","app-source-or-resource","True","23768","b2c26afd59178806088ce24faf51bd5b06434ca1b735dc0d3e77078f81ee5e97","import-and-pattern-scan","D"
"app/src/main/java/com/deepseekharness/app/ui/RecoveryActivity.java","app-source-or-resource","False","13500","73a8de6139fcfa271d1338cae29934b1f4823f92edc994b25fb05998019f35fa","import-and-pattern-scan","D"
"app/src/main/java/com/deepseekharness/app/ui/RecoveryBrowserSurface.java","app-source-or-resource","False","474","104a1d1097fc7765f1d6b78d68f18765020c92246d1598bde65f83ba6e80c94d","import-and-pattern-scan","D"
"app/src/main/java/com/deepseekharness/app/ui/RecoveryWebActivity.java","app-source-or-resource","False","6550","bd2f01dd44cddb76238dc8b5d48b77affda58244532bbe6a6f465668db8a78ff","deep-read","D"
"app/src/main/java/com/deepseekharness/app/ui/RecoveryWebSurface.java","app-source-or-resource","False","5017","e9da3bf40c6ec05979559759480ccf822609480b219bd918d0c966fdadce04fa","deep-read","D"
"app/src/main/java/com/deepseekharness/app/ui/RetainedDataActivity.java","app-source-or-resource","True","17180","942660fcd3a9c07033b075dcd870fefc073272c4f280f07a15ef6d0f91c1870a","import-and-pattern-scan","D"
"app/src/main/java/com/deepseekharness/app/ui/RuntimeBrowserProbe.java","app-source-or-resource","True","5338","83f5279a393f3cc01883e7abb00e52c77cf83f02507ddcf0f4a8f20b25565fec","import-and-pattern-scan","D"
"app/src/main/java/com/deepseekharness/app/ui/RuntimeRecoveryUi.java","app-source-or-resource","True","3829","b5f76aa3a880851d5471543be6a3ca4539fbd6f3cf0b61f45ce172e9534dff22","import-and-pattern-scan","D"
"app/src/main/java/com/deepseekharness/app/ui/SettingsFragment.java","app-source-or-resource","True","12072","8689cbf95488f41da7df20658729b8aaa25af6b52e19b59e3cce7cdae071a1d8","import-and-pattern-scan","D"
"app/src/main/java/com/deepseekharness/app/ui/StartupRecoveryActivity.java","app-source-or-resource","True","14628","25c1cf8fe0ad6838811a339f82b1ac737d6a4ef694e2117231ae96e3493eea40","import-and-pattern-scan","D"
"app/src/main/java/com/deepseekharness/app/ui/StartupRecoveryLayout.java","app-source-or-resource","True","7583","8eb0f90885e12426e9bccfad7aef41b8a42be1f3f355635a298cb4f230febc14","import-and-pattern-scan","D"
"app/src/main/java/com/deepseekharness/app/ui/StorageActivity.java","app-source-or-resource","True","4551","5a9ec8155de407eb895f9afb10360ca1741ef728ab545cceff6a1e19230956da","import-and-pattern-scan","D"
"app/src/main/java/com/deepseekharness/app/ui/TerminalFragment.java","app-source-or-resource","True","19159","c6fbc80735cd9fde704473a110d02de95d66071483a951ddce17e04892116c4b","import-and-pattern-scan","D"
"app/src/main/java/com/deepseekharness/app/ui/TerminalTabBar.java","app-source-or-resource","True","2803","9af3db49fdd8ccca12733aa3981286c9004eda9356f0d6ffa957cbf7579f776d","import-and-pattern-scan","D"
"app/src/main/java/com/deepseekharness/app/ui/ThemeController.java","app-source-or-resource","True","1317","d3e28d4789a1eda6ae009cd7ff980310423486a682a7b470e5fe4f2915ea52d3","import-and-pattern-scan","D"
"app/src/main/java/com/deepseekharness/app/ui/UiMotion.java","app-source-or-resource","True","859","7b4b6f247a840180af40386941f90e80d23792bfc19f62bb3582f1a8152afcb2","import-and-pattern-scan","D"
"app/src/main/java/com/deepseekharness/app/ui/UiNavigation.java","app-source-or-resource","True","1566","a366c6e8d4a0eca972c4f3334b3f5bd2e7307c7033943fe58a697e99771542c3","import-and-pattern-scan","D"
"app/src/main/java/com/deepseekharness/app/ui/UpdateActivity.java","app-source-or-resource","True","12046","3075fc54490ca31404bdc6b6a53d305b4fcefff2f5e44b9d80e51595f919641a","import-and-pattern-scan","D"
"app/src/main/java/com/deepseekharness/app/ui/UpdateUi.java","app-source-or-resource","True","3731","cc1007f47701d2790df5b0abdcf111026d1e769c6d5ac218d8f0ca1443dd7e3f","import-and-pattern-scan","D"
"app/src/main/java/com/deepseekharness/app/ui/WebBlobDownload.java","app-source-or-resource","True","6429","4383b314119574f3802385c5b540dc9886f8ddac145c8d7f096346ceb1f1c697","import-and-pattern-scan","D"
"app/src/main/java/com/deepseekharness/app/ui/WebDownloadModel.java","app-source-or-resource","True","12321","3610567b20886facc113bcf3765fed3a47a8eaf76d7f94209073049db8b68d18","import-and-pattern-scan","D"
"app/src/main/java/com/deepseekharness/app/ui/WebDownloads.java","app-source-or-resource","True","4212","8585f2438646d5462a06b8f897c5ce7b4e7204fc8c0db2ca08704aae2e0d37ba","import-and-pattern-scan","D"
"app/src/main/java/com/deepseekharness/app/ui/WebFrameRate.java","app-source-or-resource","True","2821","98a26262249a741797dc327bc815eb462f80318d4be76179d179781c225c843a","import-and-pattern-scan","D"
"app/src/main/java/com/deepseekharness/app/ui/WebFullscreenUi.java","app-source-or-resource","True","3026","f6cd153eabcbf3fba1f1cf2222c2f9021f41fb5e64ce72c6cdbf3beba0c6b441","import-and-pattern-scan","D"
"app/src/main/java/com/deepseekharness/app/ui/WebPageScripts.java","app-source-or-resource","True","2680","3540578acbba351229c882b89fbd76d80c5056a7355bb9bbab6c96b716ee6aaf","import-and-pattern-scan","D"
"app/src/main/java/com/deepseekharness/app/ui/WebPreviewActivity.java","app-source-or-resource","True","33506","49e6a678e0f1145ba758103b4b63ece696af7bd6741d67dbfcd98c10d2208394","deep-read","D"
"app/src/main/java/com/deepseekharness/app/ui/WebUploads.java","app-source-or-resource","True","4414","18ec762489e5d39fe29e07fb510f9a5f0b14070b51e951bfb78fb45351331364","deep-read","D"
"app/src/main/java/com/deepseekharness/app/ui/WebViewMicrophone.java","app-source-or-resource","False","1903","f04b1b117a6d8e419051c7ba206a4731376b9bbef648268a0d5b26d554ffdf3d","import-and-pattern-scan","D"
"app/src/main/java/com/deepseekharness/app/ui/WelcomeActivity.java","app-source-or-resource","True","4536","7208fe670283f6504cc64d546623185d62636e50b414e68fddeb2694da846aee","import-and-pattern-scan","D"
"app/src/main/java/com/deepseekharness/app/ui/WorkspaceFragment.java","app-source-or-resource","True","7553","becd072c132f2087c9d474eb34620fd0274cfffcd47f6654e37649740c6952d2","import-and-pattern-scan","D"
"app/src/main/java/com/deepseekharness/app/UpdateDownloadService.java","app-source-or-resource","True","5411","f738f4a88f2c5224ea8b5ced2031a3a0e2912981a21e3b8bfa04d88e5045f3cd","import-and-pattern-scan","cross"
"app/src/main/java/com/deepseekharness/app/util/AdbEnvironmentTask.java","app-source-or-resource","True","1447","8f6454062d1beffb09c9524d5d5bbded212f22417a2adb2ea79094042e0e91bc","import-and-pattern-scan","cross"
"app/src/main/java/com/deepseekharness/app/util/AdbPairingInfo.java","app-source-or-resource","True","1892","43acea6adda49cc53d5471aef45d16e09b2bf5536d0176ede77d3b8b5d0f3949","import-and-pattern-scan","cross"
"app/src/main/java/com/deepseekharness/app/util/AdbResult.java","app-source-or-resource","True","1744","9820258f6e991847b3819e2a9b53216df42fd4dfffe23a722caae5ce29501428","import-and-pattern-scan","cross"
"app/src/main/java/com/deepseekharness/app/util/AdbWheelCache.java","app-source-or-resource","True","15870","56acebdd30f21249c6a453f0289f7ba135adf9936d83a0c1dcd094fc4c0f8abc","import-and-pattern-scan","cross"
"app/src/main/java/com/deepseekharness/app/util/AutomaticBackupPolicy.java","app-source-or-resource","True","1020","4269b5f89742fd48f5f66a8fb18c9b5cd731ea2c734304435ec6a0f3685f91a4","import-and-pattern-scan","cross"
"app/src/main/java/com/deepseekharness/app/util/BackupScope.java","app-source-or-resource","True","9186","1d51a0ea9e8532c5c9962e6ad6fce32a1f07ada20e55cf4d718c9d632e693f17","import-and-pattern-scan","B"
"app/src/main/java/com/deepseekharness/app/util/BackupTaskState.java","app-source-or-resource","True","2774","26eee6fde1b5687e1a7252dae674d6570ae8b1f8567526ae69f2144067b8e49a","import-and-pattern-scan","B"
"app/src/main/java/com/deepseekharness/app/util/BoundedProcessRunner.java","app-source-or-resource","True","5619","a3b5781abd4775abd9c7ee00de74d39739ed7f0ebb736c55e07ebc6c8f301d17","import-and-pattern-scan","cross"
"app/src/main/java/com/deepseekharness/app/util/BoundedUiCall.java","app-source-or-resource","True","3792","fbbdfb3883e569ff2ea8d4fe60c39d3fc9909f3aa4a8bca1e32bcfbd2a8d014d","import-and-pattern-scan","cross"
"app/src/main/java/com/deepseekharness/app/util/BridgeConfirmations.java","app-source-or-resource","True","1727","5f533f8a13f2845f9f7479d08b00566aa8d72f3582e6cd0aa4a0ec29f4065fee","import-and-pattern-scan","cross"
"app/src/main/java/com/deepseekharness/app/util/BridgeLifecycle.java","app-source-or-resource","True","1031","c4cb2c65e51f0e9d6634ba4a192b8ae5c51ff47d70f58b8bee4fde451345dfb4","import-and-pattern-scan","cross"
"app/src/main/java/com/deepseekharness/app/util/BridgePathPolicy.java","app-source-or-resource","True","8494","177f03ecc0006a28b61dc217b34cd550f65b61746e89139a37397993686b013d","import-and-pattern-scan","cross"
"app/src/main/java/com/deepseekharness/app/util/BridgeQuestions.java","app-source-or-resource","True","3278","717dd87b41ba8353a2a0b1e82ff03cc5b9f3d294070fc3cabfb898ba376492fe","import-and-pattern-scan","cross"
"app/src/main/java/com/deepseekharness/app/util/BrowserDiagnostic.java","app-source-or-resource","True","745","0c931e64dd7c06fe417c3866c67b7ce4c18bc255e3f66d74bb318966652c8a5e","import-and-pattern-scan","cross"
"app/src/main/java/com/deepseekharness/app/util/BuiltinPlugins.java","app-source-or-resource","True","4229","9aebedcb845df9d5cf1c022876232f3a752763bcce58fe735b7b22ead87d5cd8","import-and-pattern-scan","cross"
"app/src/main/java/com/deepseekharness/app/util/Compat.java","app-source-or-resource","True","11844","7801e2e6e18e68b46bce3c5ed0a3637772e656780130cb5c5c4fce544c71bd33","import-and-pattern-scan","cross"
"app/src/main/java/com/deepseekharness/app/util/ConfigInput.java","app-source-or-resource","True","1008","7cd079afb0d0873ceeeb6759ad5fd09cb30bf4b5d47eac04d580caa31514783d","import-and-pattern-scan","cross"
"app/src/main/java/com/deepseekharness/app/util/Constants.java","app-source-or-resource","True","3728","f598d50300c5c81c481c6e09e6f56cb26e79143d4702ebd3ff16b89bd752b8f3","import-and-pattern-scan","cross"
"app/src/main/java/com/deepseekharness/app/util/CredentialRead.java","app-source-or-resource","True","1795","fb8f9a18fe6ab4be645e0ebf016a7668329192714c2aea0af56b3f3ca6a7a2e9","import-and-pattern-scan","cross"
"app/src/main/java/com/deepseekharness/app/util/CredentialWrite.java","app-source-or-resource","True","1151","6630dfe01fb91c7f966e8af159e306280808c4acc69e13556cc9fdd740d905fa","import-and-pattern-scan","cross"
"app/src/main/java/com/deepseekharness/app/util/DeviceAppPolicy.java","app-source-or-resource","True","5701","9b787b3102ff380d70fc8e29aa5d0bcce9ebc043d20f48a64a99fbdc3c4a1e24","import-and-pattern-scan","C"
"app/src/main/java/com/deepseekharness/app/util/DeviceCommandResult.java","app-source-or-resource","True","709","803a077f520c55139268c05a883d4b79b5d74a5973aaa9129328d75547ab46af","import-and-pattern-scan","C"
"app/src/main/java/com/deepseekharness/app/util/DeviceShellPolicy.java","app-source-or-resource","True","18071","b2bbbaa104f0d2b18c636ce7091c7cf01442386b1a008de3463629e0bc81d3b7","deep-read","C"
"app/src/main/java/com/deepseekharness/app/util/DocumentPaths.java","app-source-or-resource","True","6918","80db913ebacbe7d3920b4abdcf701bed3cc438bbeda38b79627ca57263235556","deep-read","B"
"app/src/main/java/com/deepseekharness/app/util/DshAuthLog.java","app-source-or-resource","True","978","329e61d5c4fb0a83a74deed90415c5f0a48c10390053c53103ff94b78902b156","import-and-pattern-scan","cross"
"app/src/main/java/com/deepseekharness/app/util/DshAuthSession.java","app-source-or-resource","True","6279","0c4ba40d102ffb7db3166abc2b41764642875ba27822d589e974ce26de2dc277","import-and-pattern-scan","cross"
"app/src/main/java/com/deepseekharness/app/util/DshAuthUrl.java","app-source-or-resource","True","5886","94ad2046b7f5f613791d69794b872ec8d04638889e06e5723ffecb1c60b99944","import-and-pattern-scan","cross"
"app/src/main/java/com/deepseekharness/app/util/EnvironmentIdentity.java","app-source-or-resource","True","2430","17fad6f31c803f2a3af3ff50628ff8991054186227bf0bbd67097f710999edb8","import-and-pattern-scan","cross"
"app/src/main/java/com/deepseekharness/app/util/EnvironmentTaskGate.java","app-source-or-resource","True","2230","772463ef1f6c173155d5fb3d45f703e9e438f0fc9c7ea8e035be4e5f44707f3d","import-and-pattern-scan","cross"
"app/src/main/java/com/deepseekharness/app/util/ExactTextPatch.java","app-source-or-resource","True","1153","3d8126c280829aff1e0c1cdec8dd4e92571973fdc46f36871ecec10cddc03c27","import-and-pattern-scan","cross"
"app/src/main/java/com/deepseekharness/app/util/ExecutorQuiescence.java","app-source-or-resource","True","1530","d55340f96b64f900770bde88f97cf731870bcb29d5c2bdec9cb6d0dc35180da6","import-and-pattern-scan","cross"
"app/src/main/java/com/deepseekharness/app/util/FileIntegrity.java","app-source-or-resource","True","1880","e7b716052f7ee465e7bc647ed8a8ee17771a87e9a5ec9b1a51f1d357b278f9ba","import-and-pattern-scan","cross"
"app/src/main/java/com/deepseekharness/app/util/Fmt.java","app-source-or-resource","True","2209","bdd825ba7d38d983ddf224efb634b32a4fa7010e619ca3039aa62e9f98519eed","import-and-pattern-scan","cross"
"app/src/main/java/com/deepseekharness/app/util/ForegroundReference.java","app-source-or-resource","True","685","ff7f635a7bc10bcf5a01d13a7d98f19c62c67f3dbdd2cb743cf2d88f71a97a2f","import-and-pattern-scan","cross"
"app/src/main/java/com/deepseekharness/app/util/FrameRatePolicy.java","app-source-or-resource","True","1468","7144a2ecd7f0a2b160335c32db9a4acb0e0b1b76a5619c1c547bc47c6799290b","import-and-pattern-scan","cross"
"app/src/main/java/com/deepseekharness/app/util/GitHubRef.java","app-source-or-resource","True","5805","1824a961dd9be7e3f282d8d6c95f329ce1348ff4d5d0311320733dab70150b57","import-and-pattern-scan","cross"
"app/src/main/java/com/deepseekharness/app/util/HtmlBootstrapPatch.java","app-source-or-resource","True","1416","88f5c8347d4303387cfba3d4d8061a4bb6b0384ce9dd4df2ff84c4bedbe6ce21","import-and-pattern-scan","cross"
"app/src/main/java/com/deepseekharness/app/util/HttpProtocol.java","app-source-or-resource","True","15448","d6e725c90b882029cead279f714c29347e4985f18f610a858a4fade57ac43a7a","deep-read","C"
"app/src/main/java/com/deepseekharness/app/util/InstallProbe.java","app-source-or-resource","True","9375","bf165b0078e804710b8fa362a30b0e0053a42d35a7ec111e3084e1f9ed73acf3","import-and-pattern-scan","cross"
"app/src/main/java/com/deepseekharness/app/util/InstallProcess.java","app-source-or-resource","True","5367","3e89e2ca416c39203d9fe4ea00e187ff34630526c66a433f6fd50c7ca0ed8ec7","import-and-pattern-scan","cross"
"app/src/main/java/com/deepseekharness/app/util/InstallTask.java","app-source-or-resource","True","8877","006a08221534e65f7d6ffc437c00bc22e00f2bb1c116bfd3faab98351d3971e3","import-and-pattern-scan","cross"
"app/src/main/java/com/deepseekharness/app/util/MaintenanceErrorText.java","app-source-or-resource","True","4525","2cd625f4028aa3f4d0b51c3b37d349eb0a299ba2c0d25b67f9d94dbf59456ad6","import-and-pattern-scan","cross"
"app/src/main/java/com/deepseekharness/app/util/MaintenanceTransaction.java","app-source-or-resource","True","8469","001e9cd765c495385a416fa258026482ed7562f78a13e8be15e5cb094e982663","import-and-pattern-scan","cross"
"app/src/main/java/com/deepseekharness/app/util/ManagedAssetVersion.java","app-source-or-resource","True","946","175a4a015565c386795a6cfba162eee8f75c6606a3d7899fa4f46f92a59bd42f","import-and-pattern-scan","cross"
"app/src/main/java/com/deepseekharness/app/util/ManagedRuntimeLayout.java","app-source-or-resource","True","3202","9409e9140db26478c92a6f54a9833d2e7590fa6430976672bee3d4b62f86b56b","import-and-pattern-scan","A"
"app/src/main/java/com/deepseekharness/app/util/MicrophonePolicy.java","app-source-or-resource","False","1168","78c6b119c8a8b3dd0a987fc4a2d869308f8069236731afd12f3870f0ca43cbd8","deep-read","D"
"app/src/main/java/com/deepseekharness/app/util/MicrophoneRequestGate.java","app-source-or-resource","False","665","33e602455f691267468d76143f9fa15cfa38ca732b8932046d9ca402585750f1","deep-read","D"
"app/src/main/java/com/deepseekharness/app/util/ModelConfiguration.java","app-source-or-resource","True","8393","181542e7eec2100191887f711ee7d9d0ad5fc2f481ac2f19e9f0832a9e39dc56","import-and-pattern-scan","cross"
"app/src/main/java/com/deepseekharness/app/util/OverlayFrameBuffer.java","app-source-or-resource","True","877","e59f6d08b0cd781d50e27ce28ba9b58afe1199a2c40dc24bc0eada941a707e1e","import-and-pattern-scan","cross"
"app/src/main/java/com/deepseekharness/app/util/PictureInPicturePolicy.java","app-source-or-resource","True","2911","d8cf637620797392cac89afb0057e1f72b1859866b9dda331f957395c1fd9e3d","import-and-pattern-scan","cross"
"app/src/main/java/com/deepseekharness/app/util/PluginFailureOwner.java","app-source-or-resource","True","1321","e62b1b8cd8e42689ffb554378c256f43e7716db63d142794deb1b1d98097d0fb","import-and-pattern-scan","E"
"app/src/main/java/com/deepseekharness/app/util/PluginInstallLink.java","app-source-or-resource","True","3393","fb25c2da8efb0bb4529703523e8737bf40e12ab793b5494189c2c0f8740f9cbc","import-and-pattern-scan","E"
"app/src/main/java/com/deepseekharness/app/util/PluginOutput.java","app-source-or-resource","True","625","9d05454c6075a30a9bb0934b94953890c2d78e83d3592732b6d8aeac81317deb","deep-read","E"
"app/src/main/java/com/deepseekharness/app/util/PluginSort.java","app-source-or-resource","True","2777","e52db9bf62fb6e153ea8f0f64c3358ac6f1d0c7d7331d7815f41e82d91c2967a","import-and-pattern-scan","E"
"app/src/main/java/com/deepseekharness/app/util/PluginSource.java","app-source-or-resource","True","4053","7f53d3f1c803819ea44e0cd216a9a4e4a1be4a128e31eeb94e0884acbd0abf68","deep-read","E"
"app/src/main/java/com/deepseekharness/app/util/PowerPolicy.java","app-source-or-resource","True","788","3234153ae1e6261c03fc05d968eed03c33665848b9af8f28c0dda76f41e6b83c","import-and-pattern-scan","cross"
"app/src/main/java/com/deepseekharness/app/util/PreferenceValue.java","app-source-or-resource","True","1202","9d1a03a3222ada8ebd29177ff2914aa8ace720a5e1cc183d0bd04ab1bda630ed","import-and-pattern-scan","cross"
"app/src/main/java/com/deepseekharness/app/util/PreviewNavigation.java","app-source-or-resource","True","974","787bfa81bffdcea92d3edad5646c1af4adb84f76e0b0dbfad7699a7dcb3235bc","import-and-pattern-scan","cross"
"app/src/main/java/com/deepseekharness/app/util/ProcessIdentity.java","app-source-or-resource","True","3638","eda09bf49cc57106c769441ca243b890b7ea2b12786bcf8a1fa9331796e1ebe9","deep-read","A"
"app/src/main/java/com/deepseekharness/app/util/ProcessOutputCapture.java","app-source-or-resource","True","2357","605f920e18f9b5a4425ea09001d76c7f49d7ccb48a676db42fe41d523e33e5b6","import-and-pattern-scan","cross"
"app/src/main/java/com/deepseekharness/app/util/ProcessTermination.java","app-source-or-resource","True","1743","960bef9adf3c5d032ef27aced63069da4c47016b51324532cfbfe065f24b5b8d","import-and-pattern-scan","cross"
"app/src/main/java/com/deepseekharness/app/util/ProfileConfigPath.java","app-source-or-resource","True","682","f750dc04e4cffef6e3a644e1b0227bcbe035f2e66d02605a469cea65fd9487b6","import-and-pattern-scan","cross"
"app/src/main/java/com/deepseekharness/app/util/Query.java","app-source-or-resource","True","2757","f42865690572f56aebb792709e3d657cf95c8eb89aecd424ca7c80bf4a402bab","import-and-pattern-scan","cross"
"app/src/main/java/com/deepseekharness/app/util/Rc1MigrationResult.java","app-source-or-resource","True","1314","8633391050d79a396774e9230e6aedd3943b5bb3388cf0ef24e392c832f8904d","import-and-pattern-scan","cross"
"app/src/main/java/com/deepseekharness/app/util/RecoveryArchiveSource.java","app-source-or-resource","False","962","53f638269c568ebe453a61f415f82872c7a1bcd49f7d44e0b703f5a28e4ba004","import-and-pattern-scan","cross"
"app/src/main/java/com/deepseekharness/app/util/RecoveryBrokerProtocol.java","app-source-or-resource","False","2381","928e35f9fd373fbfb518cda034c140e4e7a3719c6dd0ea5158c6b0b9045df6e6","import-and-pattern-scan","cross"
"app/src/main/java/com/deepseekharness/app/util/RecoveryRepairPlan.java","app-source-or-resource","False","4850","e807febdd6832168bfcc68cb8101b0b322ff099e595d4189c96473bf63b76203","deep-read","cross"
"app/src/main/java/com/deepseekharness/app/util/RegenerableCachePaths.java","app-source-or-resource","True","1897","09c4bc7d5924edab237bd1b53b9d8191914bae07205cf271e4560ea7859a574e","import-and-pattern-scan","cross"
"app/src/main/java/com/deepseekharness/app/util/ResolverConfig.java","app-source-or-resource","True","1289","53fc685c9a9563462525152230195ac5a43fbcce30977cfb7bd513bfaec69e73","import-and-pattern-scan","cross"
"app/src/main/java/com/deepseekharness/app/util/RestartBudget.java","app-source-or-resource","True","1561","502d63b7a14db0ded478cb9629eeef92a06b1a245b7b0c351e5cc7c9d60119ef","import-and-pattern-scan","cross"
"app/src/main/java/com/deepseekharness/app/util/ResumableDownload.java","app-source-or-resource","True","4148","49b0a11bb0bff8eac213ea5946a6ceeaad05e6aa8cd49dac8a329c7aeef38721","import-and-pattern-scan","cross"
"app/src/main/java/com/deepseekharness/app/util/RootfsBootstrap.java","app-source-or-resource","True","3027","d0c6a003f70fa4c286f8dd617d3fdd760c5eadaf7f137c02cf162b8da7620c09","import-and-pattern-scan","cross"
"app/src/main/java/com/deepseekharness/app/util/RuntimeInstanceReadiness.java","app-source-or-resource","False","891","bc51d6c65b9a1c562eba868fec668e448c444c173a1da1d72d773eca3cd69ad9","import-and-pattern-scan","cross"
"app/src/main/java/com/deepseekharness/app/util/RuntimeInstanceRegistry.java","app-source-or-resource","False","2916","ac6e0adce5e3ad73fcd3959ba34bc454d94ca33faa3926a96eb2ead87fb96f60","import-and-pattern-scan","cross"
"app/src/main/java/com/deepseekharness/app/util/RuntimeTaskRegistry.java","app-source-or-resource","True","3813","dac8fd8bb6a60cc470ad1f4b7e9be8eb6d95f0ae47648b7fdbfbf341224c488a","deep-read","A"
"app/src/main/java/com/deepseekharness/app/util/RuntimeTrialOutputPolicy.java","app-source-or-resource","True","502","b3fac7f7b971439ef6374fd8c3bd44b22aa512476cd8c23f5d196ed6518e309f","import-and-pattern-scan","A"
"app/src/main/java/com/deepseekharness/app/util/RuntimeUpdateTransaction.java","app-source-or-resource","True","10231","926c2e9c11f0c950cabe9f649a377814618fd914e59164eba2cddcce2d2b3ac7","import-and-pattern-scan","cross"
"app/src/main/java/com/deepseekharness/app/util/ScreenSessionGrant.java","app-source-or-resource","True","653","9c35a27dd1b38b7d0fb5246e9fedd2762e2aa60be01c2077d95f58a0163b3eaf","import-and-pattern-scan","C"
"app/src/main/java/com/deepseekharness/app/util/SensitiveData.java","app-source-or-resource","True","1417","a100e640a13729c319f063a910edaab5284ec74c3366f2b768410a871fd54f49","import-and-pattern-scan","cross"
"app/src/main/java/com/deepseekharness/app/util/SharedServiceLeases.java","app-source-or-resource","True","1791","585e9a8efc217a579c745bc31decf664e48af4e5b1eb34c0a9015ee2086cffca","import-and-pattern-scan","cross"
"app/src/main/java/com/deepseekharness/app/util/ShellQuote.java","app-source-or-resource","True","1622","fd1d1bd22d8422d57ac8d7d41814ad0c7b256f63d0442a0f3598ecd5814bf307","import-and-pattern-scan","cross"
"app/src/main/java/com/deepseekharness/app/util/SmsQuery.java","app-source-or-resource","True","4426","5c2e7f5845bc092cfd38a8e2615d9661601b7da78dbf7da5472842c4a928ddea","import-and-pattern-scan","C"
"app/src/main/java/com/deepseekharness/app/util/SocketDispatch.java","app-source-or-resource","True","4550","1e105911b15b8c64acf4c39bf07e049ff67eb93d8e740ed1aa1b96c849a113ae","deep-read","cross"
"app/src/main/java/com/deepseekharness/app/util/StartupHistoryStore.java","app-source-or-resource","True","3644","a381762a79866da771e9d2672878ef35f4dd2123ef5ca0ba91df4efb0618e06b","import-and-pattern-scan","cross"
"app/src/main/java/com/deepseekharness/app/util/StartupText.java","app-source-or-resource","True","4646","cf46b319624da0be5ad425187f8cf370e66e11dc97cdaae06e553f9fa8fa45f2","import-and-pattern-scan","cross"
"app/src/main/java/com/deepseekharness/app/util/StartupTrace.java","app-source-or-resource","True","6736","25f4d2f3547f3a5946999e8d93695a1b9518e1069da93743df864713ae49ff85","import-and-pattern-scan","cross"
"app/src/main/java/com/deepseekharness/app/util/SystemLanguage.java","app-source-or-resource","True","4810","46d02be278c2894b9131877d4c7b8ac5a8f09436aa391c6fe744e87c5d8b3ce7","import-and-pattern-scan","cross"
"app/src/main/java/com/deepseekharness/app/util/TerminalSession.java","app-source-or-resource","True","19623","a5a3d1e79975ec7393f97549d10c5c3f50982fe4ec7122f64fa42ecac6d82320","deep-read","A"
"app/src/main/java/com/deepseekharness/app/util/TerminalTabs.java","app-source-or-resource","True","2168","4741b625708802acec06f864fdcc585d16a56e9e35af5d11834758e638b6c9b7","import-and-pattern-scan","A"
"app/src/main/java/com/deepseekharness/app/util/TextLogTail.java","app-source-or-resource","True","1559","74a32a7ed788fee24c208a391c12064dc2e19704d979046f48adab280dba2164","import-and-pattern-scan","cross"
"app/src/main/java/com/deepseekharness/app/util/UiLanguagePreference.java","app-source-or-resource","True","3163","769df3c94884260af57c175972644f3fa0753a1b07168e385d6599fbb3e9ce00","import-and-pattern-scan","D"
"app/src/main/java/com/deepseekharness/app/util/UiStateText.java","app-source-or-resource","True","1912","6ed43e10da05ec2defba2132c2877d883be3d8bbbc12b8708082d8aa5f99eb41","import-and-pattern-scan","D"
"app/src/main/java/com/deepseekharness/app/util/UiText.java","app-source-or-resource","True","2619","10b80758a4f2208ab9e0e8a0dd2020ff12a9596c5db0946bbd0084f9b93e06f2","import-and-pattern-scan","D"
"app/src/main/java/com/deepseekharness/app/util/UiThemePreference.java","app-source-or-resource","True","590","82716b521d4cd0ec8d2b1472474a7d4baa6c89f61bb8f214f473ca8a38a48606","import-and-pattern-scan","D"
"app/src/main/java/com/deepseekharness/app/util/UpdatePolicy.java","app-source-or-resource","True","3285","7d1fe756f69b79495bb90f79c0d0b31350807c1b56f916acfdaa30524f6ac644","import-and-pattern-scan","cross"
"app/src/main/java/com/deepseekharness/app/util/VirtualScreenPolicy.java","app-source-or-resource","True","1273","c0cf6f106c1ad8a08bc6c374f2b6ad250c13b8f75ea5d8085354f11e13295e32","import-and-pattern-scan","cross"
"app/src/main/java/com/deepseekharness/app/util/VirtualScreenRoutes.java","app-source-or-resource","True","1263","c0a0e61212bf793e643428a5d78087e8435c8ffb222c203f0116f5912da10114","import-and-pattern-scan","cross"
"app/src/main/java/com/deepseekharness/app/util/WebLifecycle.java","app-source-or-resource","True","1816","fc0c7a8f4f18194c140564c262e697e2c621627c700b8e132d01145b70bf4a7a","import-and-pattern-scan","cross"
"app/src/main/java/com/deepseekharness/app/util/WebPidIdentity.java","app-source-or-resource","True","1491","297561f0b7b2e308e4cdb2c81da19264be537ca85da4418cdad69f5195bf333d","deep-read","A"
"app/src/main/java/com/deepseekharness/app/util/WebPortPolicy.java","app-source-or-resource","True","2746","d158407e2463a43b875e986feee3ed692159da90c186c1d7a0cf2f47fd3aff9a","import-and-pattern-scan","cross"
"app/src/main/java/com/deepseekharness/app/util/WebPreviewPolicy.java","app-source-or-resource","True","1695","280340031c444218a7143632fee686040a4f27e1de812f934b218eb06f60c25d","import-and-pattern-scan","D"
"app/src/main/java/com/deepseekharness/app/util/WebProcSel.java","app-source-or-resource","True","9373","4040081d6d05de1150a3f55a28f64a8ba3bd0e46c7169675a724eb3693150720","deep-read","A"
"app/src/main/java/com/deepseekharness/app/util/WebRuntimeFallback.java","app-source-or-resource","True","544","4d1917bfcee13bd34dcfa5c97c514e4eeeb78dae9ad5b78c15f6fdcd120bcc8c","import-and-pattern-scan","cross"
"app/src/main/java/com/deepseekharness/app/util/WebStopEvidence.java","app-source-or-resource","True","1995","5193ea9541576cce086ae8b28911127b4420e07e99093eef0f4f40d9ce7b4d4b","deep-read","cross"
"app/src/main/java/com/deepseekharness/app/util/WebTransferPolicy.java","app-source-or-resource","True","1627","c33b203aad2fcd80e849bb71715e06e2915fe44f66f9231ccf64420c61ec670f","import-and-pattern-scan","cross"
"app/src/main/java/com/deepseekharness/app/vscreen/VirtualScreenAccessibility.java","app-source-or-resource","True","6863","7e095cbc208bffb94bfa37aa55542727216bb22a3c1dc48fb7d7212ff0c9d1d3","import-and-pattern-scan","C"
"app/src/main/java/com/deepseekharness/app/vscreen/VirtualScreenActivity.java","app-source-or-resource","True","10076","56654bd99e15391bd1008db84e7defa4b75438e6c0ec2b28b4a8ec90c5d52128","import-and-pattern-scan","C"
"app/src/main/java/com/deepseekharness/app/vscreen/VirtualScreenChannel.java","app-source-or-resource","True","314","4a1e1456e207f94441522d0c85c19e8b284dd1671d76a7d73b39626d637528bf","import-and-pattern-scan","C"
"app/src/main/java/com/deepseekharness/app/vscreen/VirtualScreenChannels.java","app-source-or-resource","True","1973","551fb3d39a30dc38f9e6eade8d578ca48b3e27c74c6ca21ebf891cfcacf6c0a4","import-and-pattern-scan","C"
"app/src/main/java/com/deepseekharness/app/vscreen/VirtualScreenCore.java","app-source-or-resource","True","21733","f72f9db6172d3ac14dab21b8613829334a1859357b567669e997ccfbe67277a1","deep-read","C"
"app/src/main/java/com/deepseekharness/app/vscreen/VirtualScreenForeground.java","app-source-or-resource","True","5425","243ab33bb0de3e1d7a85ab831ad2ca85ae8c637ae87fa96eac738e2f9be03f6e","import-and-pattern-scan","C"
"app/src/main/java/com/deepseekharness/app/vscreen/VirtualScreenInput.java","app-source-or-resource","True","2488","81fb77e025fca01d8d71f87fc26d743b9511e1e154d2e2f96605e496608069d1","import-and-pattern-scan","C"
"app/src/main/java/com/deepseekharness/app/vscreen/VirtualScreenManager.java","app-source-or-resource","True","13300","aef897da5971c1fe9384bb331b9133cf5b097749c7563f1298958d864b518d3d","deep-read","C"
"app/src/main/java/com/deepseekharness/app/vscreen/VirtualScreenOverlayController.java","app-source-or-resource","True","4363","494bd5fa4db09caf616be1c2c4ec5882779f0e158b0d5f407663c2f5c58e5de1","import-and-pattern-scan","C"
"app/src/main/java/com/deepseekharness/app/vscreen/VirtualScreenPreviewView.java","app-source-or-resource","True","5790","2f952a820a487b4cb6955f1879397988acb158bff4931b5e17cd9d5fd61fa64d","import-and-pattern-scan","C"
"app/src/main/jniLibs/arm64-v8a/libandroidshmem.so","binary-asset","True","14432","84475798e07c8174dbbfaec70a827fdb02f19ffa69a589380c13e7507fd0e731","metadata-and-hash-if-small","cross"
"app/src/main/jniLibs/arm64-v8a/libdsha-session.so","binary-asset","True","5104","8aba03d378d445a5a18036cf33e1367b2e6db0c823f99c1d4b97bc35e087ab46","metadata-and-hash-if-small","cross"
"app/src/main/jniLibs/arm64-v8a/libproot.so","binary-asset","True","268976","cbde86eb01b58413f9e4673e182caca5440e8fc4af8482a0e23d0faa0846f721","metadata-and-hash-if-small","cross"
"app/src/main/jniLibs/arm64-v8a/libprootloader.so","binary-asset","True","67736","a2cbccfc776e23225b75e6700dd1990fcd505d2e973f5bfa19c76642d4e41c7d","metadata-and-hash-if-small","cross"
"app/src/main/jniLibs/arm64-v8a/libprootloader32.so","binary-asset","True","67484","4c649eb2dce258c9111231940fdbf0474bcf1cd6dd447ad9bdf2898b35a85554","metadata-and-hash-if-small","cross"
"app/src/main/jniLibs/arm64-v8a/libproroot-bridge.so","binary-asset","True","23624","1c5bc9537a270e8bf8b1c70222813f57b60b828bfb5503ddf8fe37685092de2f","metadata-and-hash-if-small","cross"
"app/src/main/jniLibs/arm64-v8a/libproroot-linker.so","binary-asset","True","79408","51a0ec5bfed00e572a0de09e22d9057e2befc386b78e426613d3e0ab03f4ecee","metadata-and-hash-if-small","cross"
"app/src/main/jniLibs/arm64-v8a/libproroot-runtime.so","binary-asset","True","375120","8c47a0a7db32d84c179ebb5bf3640f655a3181860ece5886ae44d92858730c34","metadata-and-hash-if-small","cross"
"app/src/main/jniLibs/arm64-v8a/libproroot-stub-loader.so","binary-asset","True","144144","06c6624db3bdc45b9ced151cd781df439a37b47731d244b93e9d6a58cd48cde0","metadata-and-hash-if-small","cross"
"app/src/main/jniLibs/arm64-v8a/libproroot.so","binary-asset","True","43624","a4e74d75b66cdc02b080adfe863dbf9951c3b30610d77beddc95488d5fe5de01","metadata-and-hash-if-small","cross"
"app/src/main/jniLibs/arm64-v8a/libtalloc.so","binary-asset","True","31440","3c9b207c0a6ea2896b7523e03f55d9ab0d9e88baa115d4c32b84058ff4246fbb","metadata-and-hash-if-small","cross"
"app/src/main/jniLibs/arm64-v8a/libtermux.so","binary-asset","True","12320","0c6b87759cb35f2ae8265155d3d669d511b43dbddab5831b6f55904833676147","metadata-and-hash-if-small","cross"
"app/src/main/res/anim/dialog_enter.xml","app-source-or-resource","True","363","f656336337bcd08c13ed93967b9cf6d6f6bba92f50e35b1f4c683f6e4e117b19","syntax-only","cross"
"app/src/main/res/anim/page_enter.xml","app-source-or-resource","True","280","360b3947de40a60b3410499bef2f2f1815db00b7c38a16dc21bef5977168d519","syntax-only","cross"
"app/src/main/res/anim/page_exit.xml","app-source-or-resource","True","134","91acccbeba0a4764ffb258ab665db38c2ec5cc4e24006ad9327a2114c0b80de6","syntax-only","cross"
"app/src/main/res/color/action_text.xml","app-source-or-resource","True","246","dccc5cc4b4cc38694f7776698096ec56a8c07de43d9b746901a761ebc102fcc3","syntax-only","cross"
"app/src/main/res/color/button_danger_text.xml","app-source-or-resource","True","247","1cb1afcd3ec2c896dc368f46c4d34c29cd24acfe0b5b022fed7c8582d7d0aa7a","syntax-only","cross"
"app/src/main/res/color/button_primary_text.xml","app-source-or-resource","True","248","bfc0f42da460bf195cadf15ceac45b9f7ad228b13636e3a31b461463236f9871","syntax-only","cross"
"app/src/main/res/color/button_text.xml","app-source-or-resource","True","243","e2a2883731ea12fb13803a4da37d328979f2b5c4db93784b3380bcb16eaed8e1","syntax-only","cross"
"app/src/main/res/color/nav_item_tint.xml","app-source-or-resource","True","468","75808dd1c8166e219aa27e7c5b3d2fa64b41bde9cef4604778b5acbe4116baf6","syntax-only","cross"
"app/src/main/res/drawable-nodpi/dsha_brand.png","app-source-or-resource","True","368675","83b8b8bb30a3687ef124d90036af377b2fb38f0f4de5468fee49c2c337b5abc6","enumerated","cross"
"app/src/main/res/drawable/bg_action_plain.xml","app-source-or-resource","True","293","30d4a8dded5bcc3a15241280fa452fba5dc5d1bc8bb9f47941a7ae6aa8612ffd","syntax-only","cross"
"app/src/main/res/drawable/bg_btn_danger.xml","app-source-or-resource","True","1089","91536161032621fbd40a26df33eca6615eaa60a98a3d23c8b314a4ae860568c6","syntax-only","cross"
"app/src/main/res/drawable/bg_btn_primary.xml","app-source-or-resource","True","1166","639c4e5c1fff9ae13f8b5a54bf5ff2c24e61ea5933f1d74f12cafc3e5b796bdb","syntax-only","cross"
"app/src/main/res/drawable/bg_btn.xml","app-source-or-resource","True","1279","5aaffb480d85b12203a049ce084c47e4ba0e431d7a6974b71e3f6e6626f6c2cb","syntax-only","cross"
"app/src/main/res/drawable/bg_card.xml","app-source-or-resource","True","314","5b07fe641ff46852844b075b0ca99af843b765fcaed416ddf4f5b78ebd916a25","syntax-only","cross"
"app/src/main/res/drawable/bg_chip_clickable.xml","app-source-or-resource","True","809","9e1194f87d8e259e4cb44055cd16ebfe2b3f5d31413d3bd2ab3b005ac9228d3c","syntax-only","cross"
"app/src/main/res/drawable/bg_chip.xml","app-source-or-resource","True","314","4daef0d4a07e79d6ff786ccdd806e5396d2699d1e61053708ead55eb21361f9f","syntax-only","cross"
"app/src/main/res/drawable/bg_device_card.xml","app-source-or-resource","True","244","e0d4f64872a04f5db5b73b722df16f87699569961151e565a79de27159f95540","syntax-only","cross"
"app/src/main/res/drawable/bg_device_tint.xml","app-source-or-resource","True","248","9e0a54caec7ed44e219d8c88482e603c6692927b8666d5817a1acefbdb25fe29","syntax-only","cross"
"app/src/main/res/drawable/bg_dialog_button.xml","app-source-or-resource","True","163","08de426ffe0f808cf1bcfd15c414da388ccfdac891ed876b8995f67f24b40da1","syntax-only","cross"
"app/src/main/res/drawable/bg_error_box.xml","app-source-or-resource","True","450","7df42d2373ff8988e877ccbf970a39a79607cddd401d5325b1e8b84e44acd50e","syntax-only","cross"
"app/src/main/res/drawable/bg_input.xml","app-source-or-resource","True","857","bdd167ef2c90c74408438e37698d08f25239665d9f7a3d1a607071f39e9585fc","syntax-only","cross"
"app/src/main/res/drawable/bg_logo.xml","app-source-or-resource","True","224","ece0bbe0f12c6f2395eb3c2396aa2e213222a3ff191d4e7a81c05a5dd462242d","syntax-only","cross"
"app/src/main/res/drawable/bg_plugin_segment.xml","app-source-or-resource","True","520","02e6fd9e2069bffd37d72c21b94679f50b9dacb8b02c0938e177d0f67f25c2c0","syntax-only","cross"
"app/src/main/res/drawable/bg_polished_action.xml","app-source-or-resource","True","370","d74486c4ab1dc4c0696dea39389cf4f3f22ecf97034d5fd1121b1989606f6813","syntax-only","cross"
"app/src/main/res/drawable/bg_preview.xml","app-source-or-resource","True","317","b9aeb27fa38de7586e3e994380db2fb6959ceb426928183da0c21900a5887c1e","syntax-only","cross"
"app/src/main/res/drawable/bg_recovery_action.xml","app-source-or-resource","True","398","f5ae0455f7e483770917b0ba9693e9cf689b56015c8f11d618f298f7360bdcb5","syntax-only","cross"
"app/src/main/res/drawable/bg_recovery_emblem.xml","app-source-or-resource","True","136","7c8ed5aa7c2da7389fdda77d838186960e2b66f11177f18e3140d902ea19939f","syntax-only","cross"
"app/src/main/res/drawable/bg_selection.xml","app-source-or-resource","True","170","a772378093a468c1c1df8ca023c64dc4cacf44197556f0c9420eaa56b7c2dbda","syntax-only","cross"
"app/src/main/res/drawable/bg_terminal.xml","app-source-or-resource","True","338","1519ec0415024f6c0d248382a614f9fc1b522d9a6be65b7d2b557d4cc1234652","syntax-only","cross"
"app/src/main/res/drawable/bg_ui2_console.xml","app-source-or-resource","True","190","5e9e39a587d156285ad20e62b6dcfbf74e9685a5e9b2c53328cbf43318929529","syntax-only","cross"
"app/src/main/res/drawable/bg_ui2_dot.xml","app-source-or-resource","True","222","99e1396f20264bfbaf27a852aad263645fcca47505b1d5814eee8211e6e4e17d","syntax-only","cross"
"app/src/main/res/drawable/bg_ui2_mark.xml","app-source-or-resource","True","223","fe5365975cb4222e47069744e7b6dd0f41b3d8a77bfc394ed95a4f65f3a065c8","syntax-only","cross"
"app/src/main/res/drawable/bg_ui2_orbit.xml","app-source-or-resource","True","298","82c36ba4694ab28b10a04b4d400825a60087c3b3bf076162458aae4fede874a4","syntax-only","cross"
"app/src/main/res/drawable/bg_ui2_row.xml","app-source-or-resource","True","333","f569ada65885b14564fde580b52ed9adc278cf42cbccdd9592d411994bd5f1c8","syntax-only","cross"
"app/src/main/res/drawable/dot_active.xml","app-source-or-resource","True","349","f71c832601595349bc168d61fd2233bd3bf1eb9064519e1774c9b6c0088367a4","syntax-only","cross"
"app/src/main/res/drawable/dot_inactive.xml","app-source-or-resource","True","225","af0610a2f8a46fab7d5df356f785865e511c2933980337f8866980d2d5459329","syntax-only","cross"
"app/src/main/res/drawable/dsha_launcher_foreground.xml","app-source-or-resource","True","132","9972d7ce7c322386ed6bde44d82f0cf7d59e73d7c07ffa6d0621d6baa613a188","syntax-only","cross"
"app/src/main/res/drawable/ic_about.xml","app-source-or-resource","True","604","ef94d8525a132b1dabbea82e016197e3e32bfc6679c63696f196455814994c9e","syntax-only","cross"
"app/src/main/res/drawable/ic_chevron_down.xml","app-source-or-resource","True","405","61f3b7bc67fc39511da4746555c6d0d2227c0e6055c26fb8b523d40e5a11f5d4","syntax-only","cross"
"app/src/main/res/drawable/ic_launch.xml","app-source-or-resource","True","334","6f778f666fd79d4c09a3098c57ad4e73d8c50b123a7fce34b98d83206aa11aa9","syntax-only","cross"
"app/src/main/res/drawable/ic_pip_landscape.xml","app-source-or-resource","True","527","92d5e558d2acad5d4e86127fdb5327a6e017ef8c9d59923cbc1408b92df815c0","syntax-only","cross"
"app/src/main/res/drawable/ic_pip_portrait.xml","app-source-or-resource","True","331","00f37bd55f89b444248cc01835abaefe3959f08af8a465b02afbc02bb627ec2e","syntax-only","cross"
"app/src/main/res/drawable/ic_plugin_scan.xml","app-source-or-resource","True","483","295239343f8df7c7f46cc15a0451955f0e6747ec99333f0c61c03cb5678890eb","syntax-only","cross"
"app/src/main/res/drawable/ic_plugins.xml","app-source-or-resource","True","522","66285be6221f423de14eacea27f495c51c840b905b09afcea33693b78fa7606a","syntax-only","cross"
"app/src/main/res/drawable/ic_recovery_clock.xml","app-source-or-resource","True","419","00d1215cf317c1306948b582b02ee63157c8c3f31cb2ed66f6d520eb00efa1dd","syntax-only","cross"
"app/src/main/res/drawable/ic_recovery_database.xml","app-source-or-resource","True","447","e6d8f42fbcf3fee5e53ce9511e4b6574d35b13c31d5a8856c73d94734fb9cd49","syntax-only","cross"
"app/src/main/res/drawable/ic_recovery_document.xml","app-source-or-resource","True","457","5cf6db421d299f733e148ee22fa2f5ec47052e1cc6625b7d7e953977e260f764","syntax-only","cross"
"app/src/main/res/drawable/ic_recovery_gear.xml","app-source-or-resource","True","831","ea1d49cb95f438eec1564ddb1d32384f9baaa5564b2069c3b2e6f36652aa5ee4","syntax-only","cross"
"app/src/main/res/drawable/ic_recovery_new_file.xml","app-source-or-resource","True","458","3c4acae8db6bff6168124a37951279534ce02ac3c2201d1f8c3dd0364cc6795d","syntax-only","cross"
"app/src/main/res/drawable/ic_recovery_refresh.xml","app-source-or-resource","True","453","2c3a20089f9a159aff90ede0a9ea81cbee1eb16c87518e2f38d33a86f386f9a5","syntax-only","cross"
"app/src/main/res/drawable/ic_recovery_right.xml","app-source-or-resource","True","386","e7596282bb65b1ec06dd782c9f3b949be9b7bbee8fec9071709fe59ede897d20","syntax-only","cross"
"app/src/main/res/drawable/ic_recovery_shield.xml","app-source-or-resource","True","407","5a792eb814cf0135c3d08c3de9f52a2c570778f9942007c197274e4b80664802","syntax-only","cross"
"app/src/main/res/drawable/ic_recovery_wrench.xml","app-source-or-resource","True","474","cc3eed9e8503c8a024a64584d17fa096251a8bfc974078697702a513166dffd2","syntax-only","cross"
"app/src/main/res/drawable/ic_settings.xml","app-source-or-resource","True","781","efb4cc5dfe5745bd7f503270f87aaff5e8fb6f4a8361c3cd38e886cc7a63a483","syntax-only","cross"
"app/src/main/res/drawable/ic_terminal.xml","app-source-or-resource","True","461","9726b4da7224122ae7d6ebd49be31a233e8a9b4e9bad1fd1e5babd5dcaffd2f2","syntax-only","cross"
"app/src/main/res/drawable/ic_ui_back.xml","app-source-or-resource","True","394","ef4a18f89c6539e3e5fd4e0389fd7caa257fe95b7598666c4edc6e950994bc4a","syntax-only","cross"
"app/src/main/res/drawable/ic_ui_chat.xml","app-source-or-resource","True","493","c75750b34f1452cd011238302f287728889ce818a47cc429593eb0e252686a7c","syntax-only","cross"
"app/src/main/res/drawable/ic_ui_chevron.xml","app-source-or-resource","True","393","efe31265d9e01c6bb41c488ea2152a3e3e04313366c91dee8195121a4602c504","syntax-only","cross"
"app/src/main/res/drawable/ic_ui_copy.xml","app-source-or-resource","True","408","a838059ae76f436e19901ce199f46d55e8ebeeeda8198f9fe49fc795b9464ea5","syntax-only","cross"
"app/src/main/res/drawable/ic_ui_export.xml","app-source-or-resource","True","416","8ce9f15bfe45ef9525ca76de7c7bb28048f91536d5ef559705180df5d9580f71","syntax-only","cross"
"app/src/main/res/drawable/ic_ui_import.xml","app-source-or-resource","True","417","7c4f8fdab4425642e8a78be83808ba2b04b02ba9a5abc1afd5ce4d387c212c00","syntax-only","cross"
"app/src/main/res/drawable/ic_ui_info.xml","app-source-or-resource","True","433","939327639042761e7d84469bafab13e5bdfccdba019e585341b6ee0bcbc3db4c","syntax-only","cross"
"app/src/main/res/drawable/ic_ui_language.xml","app-source-or-resource","True","543","8ba88eaad84fdee12aa5985d40ba392a3ff60b431b3cbd3f5e7600cf3bb619b3","syntax-only","cross"
"app/src/main/res/drawable/ic_ui_link.xml","app-source-or-resource","True","472","3ed13bf7cc5e8e914d7d317c4dea6cc940b7427d11fd17a23bc641f167f0f42f","syntax-only","cross"
"app/src/main/res/drawable/ic_ui_search.xml","app-source-or-resource","True","429","143180340869641b0c1508f5f2d22b7d2748b0421b6cbe6cca2a9c83289e83b9","syntax-only","cross"
"app/src/main/res/drawable/ic_ui_shield.xml","app-source-or-resource","True","431","9a741d46264744f8c710282fb47fcba1126c55619b39ebef691ab841dc9b450a","syntax-only","cross"
"app/src/main/res/drawable/ic_ui_tasks.xml","app-source-or-resource","True","459","386e7c1fc2dc6adf60bdc6e513a6728cca96f119ce1f6175eeefd1908419156d","syntax-only","cross"
"app/src/main/res/drawable/ic_ui2_box.xml","app-source-or-resource","True","454","88ab01031e1ce41b8ad71be7ef03acd3fa3bbc2b470b89ead5e9c0dc074c5693","syntax-only","cross"
"app/src/main/res/drawable/ic_ui2_chevron.xml","app-source-or-resource","True","389","c96ef9437436fb2e2a18fb14f60b3a33287efec65b039f457021e5a6caded921","syntax-only","cross"
"app/src/main/res/drawable/ic_ui2_folder.xml","app-source-or-resource","True","409","ae5f4ac696eb551c294c6246ab70e8bff47708e3d463f3f66bfd6c96c972b6a2","syntax-only","cross"
"app/src/main/res/drawable/ic_ui2_moon.xml","app-source-or-resource","True","463","6e383d916dddfd11a2d052b0a1641f3fc3fa73c713706854639cd068fc7bf02e","syntax-only","cross"
"app/src/main/res/drawable/ic_ui2_prompt.xml","app-source-or-resource","True","403","7eb788d26a77d0de0b190df6dbaa9b44348647c5a3b6f5f752d9e5dbf38e2718","syntax-only","cross"
"app/src/main/res/drawable/ic_ui2_sun.xml","app-source-or-resource","True","563","340e7fac1157e38d72b82bcc1a62137f7ed1fc1cb81291c11a42615b26c47b98","syntax-only","cross"
"app/src/main/res/drawable/progress_determinate.xml","app-source-or-resource","True","772","b54d04ad0f37dbbee180b85efa6ee542a2cccd6a3b3d0bdc3656716dccd4e21d","syntax-only","cross"
"app/src/main/res/layout/activity_adb_pair.xml","app-source-or-resource","True","7297","b15f1ce4cb2ab37634f2d3a11e5ad77fb855a259ab7aa92fc7c96d175024f6a0","syntax-only","cross"
"app/src/main/res/layout/activity_diagnostics.xml","app-source-or-resource","True","10932","b3786f395f9295680afa0b9eadc9444e37ca1ba63f5866f4495241aa60eb66a2","syntax-only","cross"
"app/src/main/res/layout/activity_extract.xml","app-source-or-resource","True","2680","69d00e15e011b2a1203fba1a0dca233f3c4fe26b7a460bde5c70f692aceab787","syntax-only","cross"
"app/src/main/res/layout/activity_main.xml","app-source-or-resource","True","4058","e59f7b00fa9db1379b712250a022bb7ecd256c3bccbf9f4fcec1e831139b9090","syntax-only","cross"
"app/src/main/res/layout/activity_plugin_install.xml","app-source-or-resource","True","2141","04aeaa6c33cdea25fc40f28aae6d835e20bc1f03bc8f8dca6e94beb1a9d2b251","syntax-only","cross"
"app/src/main/res/layout/activity_update.xml","app-source-or-resource","True","15346","f49db7dddc4b5453bfcc80a2322fa7fc5e1230a96ce43c66091fd27ad1d29fb3","syntax-only","cross"
"app/src/main/res/layout/activity_web_preview.xml","app-source-or-resource","True","3374","e8f08a45f2779753b86529f6e0e5d913228073484273d46b2dffc6f1b73fed11","syntax-only","cross"
"app/src/main/res/layout/activity_welcome.xml","app-source-or-resource","True","3227","3a99329e314e4ea220cd19f3f72a5b056ed2c9843a451481aeb91e167c476e08","syntax-only","cross"
"app/src/main/res/layout/dialog_about.xml","app-source-or-resource","True","5600","aa76e1af96e39f15f501fea2102b88dd74707c3a15eabacfb50c88c02f73275d","syntax-only","cross"
"app/src/main/res/layout/dialog_remind_backup.xml","app-source-or-resource","True","544","2c14d261464cc8423811b04b77b9b61677c3f0f5f1df7c7cbcc52fb0d992e53b","syntax-only","cross"
"app/src/main/res/layout/fragment_config.xml","app-source-or-resource","True","19513","25373b4ac86ab6adb0eeab252d29e38bc3f5c897b6cb331ea936c373f8aa7688","syntax-only","cross"
"app/src/main/res/layout/fragment_device_grants.xml","app-source-or-resource","True","12315","d1c67f2485aaa4a3870dce1fd1565dd66f16e02e436cb473bcd48a82a075c41a","syntax-only","cross"
"app/src/main/res/layout/fragment_install.xml","app-source-or-resource","True","25957","30f1e4d00da5b47842ae0c024397d0d55fd4a34c699fc70c7dfd05c4f2966dcd","syntax-only","cross"
"app/src/main/res/layout/fragment_launch.xml","app-source-or-resource","True","14914","607fe04909148caa643bb7b133673cbb26a92a25d5f06ae4cfb38d2b6127b3c9","syntax-only","cross"
"app/src/main/res/layout/fragment_plugins.xml","app-source-or-resource","True","438","ce670489458a3ba09827a4dca4033ff8d5af82a20a72998249902dec81398e3d","syntax-only","cross"
"app/src/main/res/layout/fragment_pty_terminal.xml","app-source-or-resource","True","3222","4bd48e96ee4f871fbd89d2c470610ab2b1cb49f82908229e4824236629c0fc06","syntax-only","cross"
"app/src/main/res/layout/fragment_settings.xml","app-source-or-resource","True","11331","305d469eaa8109abcc929689a4fd028b08dd012ea1f89c76136bd928cda8e036","syntax-only","cross"
"app/src/main/res/layout/fragment_terminal.xml","app-source-or-resource","True","3775","65f03e8bf020e417f6fdd358b0e51b4c46dc1361ef079405ebe0e0035c814bdc","syntax-only","cross"
"app/src/main/res/layout/fragment_workspace.xml","app-source-or-resource","True","6005","02b9a13b595a8f8e27eff751dbda2744fb0db78886d80d6afde3b40dbd799495","syntax-only","cross"
"app/src/main/res/layout/item_data_choice.xml","app-source-or-resource","True","519","6e468648df0003b558a8dfa8b5bcbd4e5a2d0690f985a528a77411405415d1c5","syntax-only","cross"
"app/src/main/res/layout/item_plugin.xml","app-source-or-resource","True","2454","ee8e7a8ba202f2f5f8cfd3e646687d8dcadef1a56238c08e50e72095df099950","syntax-only","cross"
"app/src/main/res/layout/plugin_list_footer.xml","app-source-or-resource","True","4488","db3797dd984460e51b7565d79f16142fa194ea80389948313b34ac41914c3218","syntax-only","E"
"app/src/main/res/layout/plugin_list_header.xml","app-source-or-resource","True","10005","8b07e1610ff9ea66eaa0dec15b725fb246ef92f2e632b554069d06578eb73cfd","syntax-only","E"
"app/src/main/res/layout/view_terminal_tabs.xml","app-source-or-resource","True","954","05e8a3e76371acec84c50940a0b7c320b37a6a98fdce6c04275f041012024c84","syntax-only","cross"
"app/src/main/res/layout/welcome_page1.xml","app-source-or-resource","True","2545","0560da0806c2b9ad488c4bae1619b9e67ad4743e4096abb9ab33997661cb0eb7","syntax-only","cross"
"app/src/main/res/layout/welcome_page2.xml","app-source-or-resource","True","6848","f11fa4db64d355610a60a12c327a39c621a939c911ff7470c13a8fe55c60ef48","syntax-only","cross"
"app/src/main/res/layout/welcome_page3.xml","app-source-or-resource","True","7130","a4be9d7cf0f79b1ef4c7eeef48fcc11347194d6b842d087f1fe2de4eb45955cf","syntax-only","cross"
"app/src/main/res/menu/bottom_nav_menu.xml","app-source-or-resource","True","934","17b338bf556ab846bfe796f0d4e05c3ef2d928f7280d1dce46880d4b4823341c","syntax-only","cross"
"app/src/main/res/mipmap-anydpi-v26/ic_launcher_round_v137.xml","app-source-or-resource","True","235","b811036ea80099b411ac32ce75402231321cf22d65d98f15ebce19e0dee1fa5b","syntax-only","cross"
"app/src/main/res/mipmap-anydpi-v26/ic_launcher_v137.xml","app-source-or-resource","True","235","b811036ea80099b411ac32ce75402231321cf22d65d98f15ebce19e0dee1fa5b","syntax-only","cross"
"app/src/main/res/mipmap-anydpi-v26/ic_launcher.xml","app-source-or-resource","True","235","b811036ea80099b411ac32ce75402231321cf22d65d98f15ebce19e0dee1fa5b","syntax-only","cross"
"app/src/main/res/mipmap-hdpi/ic_launcher_round_v137.png","app-source-or-resource","True","12871","e9640c5fb1654562d61e4fc9d5d320e4cd230607c99e73b1658a2d9b43c959d7","enumerated","cross"
"app/src/main/res/mipmap-hdpi/ic_launcher_v137.png","app-source-or-resource","True","12871","e9640c5fb1654562d61e4fc9d5d320e4cd230607c99e73b1658a2d9b43c959d7","enumerated","cross"
"app/src/main/res/mipmap-hdpi/ic_launcher.png","app-source-or-resource","True","12871","e9640c5fb1654562d61e4fc9d5d320e4cd230607c99e73b1658a2d9b43c959d7","enumerated","cross"
"app/src/main/res/mipmap-mdpi/ic_launcher_round_v137.png","app-source-or-resource","True","6104","17d70d59a332d59f002d5c6ef45fe0e66be774abd99e8ef4589456f7e43ea9c5","enumerated","cross"
"app/src/main/res/mipmap-mdpi/ic_launcher_v137.png","app-source-or-resource","True","6104","17d70d59a332d59f002d5c6ef45fe0e66be774abd99e8ef4589456f7e43ea9c5","enumerated","cross"
"app/src/main/res/mipmap-mdpi/ic_launcher.png","app-source-or-resource","True","6104","17d70d59a332d59f002d5c6ef45fe0e66be774abd99e8ef4589456f7e43ea9c5","enumerated","cross"
"app/src/main/res/mipmap-xhdpi/ic_launcher_round_v137.png","app-source-or-resource","True","21834","b2d932acdd60c20d244de2f5b41771e5ee464e89dcb463710a7cf16cbcef0465","enumerated","cross"
"app/src/main/res/mipmap-xhdpi/ic_launcher_v137.png","app-source-or-resource","True","21834","b2d932acdd60c20d244de2f5b41771e5ee464e89dcb463710a7cf16cbcef0465","enumerated","cross"
"app/src/main/res/mipmap-xhdpi/ic_launcher.png","app-source-or-resource","True","21834","b2d932acdd60c20d244de2f5b41771e5ee464e89dcb463710a7cf16cbcef0465","enumerated","cross"
"app/src/main/res/mipmap-xxhdpi/ic_launcher_round_v137.png","app-source-or-resource","True","45142","96e413047959a8efc90f2683c74cce0f53b816990ae3d8de94983f83150cd92d","enumerated","cross"
"app/src/main/res/mipmap-xxhdpi/ic_launcher_v137.png","app-source-or-resource","True","45142","96e413047959a8efc90f2683c74cce0f53b816990ae3d8de94983f83150cd92d","enumerated","cross"
"app/src/main/res/mipmap-xxhdpi/ic_launcher.png","app-source-or-resource","True","45142","96e413047959a8efc90f2683c74cce0f53b816990ae3d8de94983f83150cd92d","enumerated","cross"
"app/src/main/res/mipmap-xxxhdpi/ic_launcher_round_v137.png","app-source-or-resource","True","74374","af7c54e2455383d010c0edb1f4fb266a367ea89b1d8517067cfd3c970ee9bddb","enumerated","cross"
"app/src/main/res/mipmap-xxxhdpi/ic_launcher_v137.png","app-source-or-resource","True","74374","af7c54e2455383d010c0edb1f4fb266a367ea89b1d8517067cfd3c970ee9bddb","enumerated","cross"
"app/src/main/res/mipmap-xxxhdpi/ic_launcher.png","app-source-or-resource","True","74374","af7c54e2455383d010c0edb1f4fb266a367ea89b1d8517067cfd3c970ee9bddb","enumerated","cross"
"app/src/main/res/values-en/alpha1_strings.xml","app-source-or-resource","True","662","91793d61c5f2cf008396cf4125b76a71cf911faea3464c3733bb2e201aa7fc3a","syntax-only","cross"
"app/src/main/res/values-en/dns_strings.xml","app-source-or-resource","True","744","db33941a8eb840f1af19ec2b72b43d9583154741e8915a2bc6d7501300d33890","syntax-only","cross"
"app/src/main/res/values-en/picture_in_picture_strings.xml","app-source-or-resource","True","1054","ac6cd3cfd8bda866b37b0c270633a8d8bb751a241838fc19b06a9df342fe3d41","syntax-only","cross"
"app/src/main/res/values-en/plugin_sort_strings.xml","app-source-or-resource","True","323","8f24d628b302239297af8541bf4c2363fa320a6cd5e91ff828cbf30353ce8746","syntax-only","E"
"app/src/main/res/values-en/refresh_strings.xml","app-source-or-resource","True","915","a0f4106d9b8b0496fcae5d639fc37a9959a96c8818127c340d31139fcc2440b5","syntax-only","cross"
"app/src/main/res/values-en/ui_iteration.xml","app-source-or-resource","True","10906","d8a95394849415efd28d3d4791ee403d2e1d5d1ad9ad1176d93a030618594b90","syntax-only","D"
"app/src/main/res/values-en/ui_refinement.xml","app-source-or-resource","True","1876","85940c4b6530e70744490f2e59c93c0472c6774720f5fa3f847989625ff55ea5","syntax-only","D"
"app/src/main/res/values-en/ui_strings.xml","app-source-or-resource","True","22919","0d54e6df7a5bcd850319d923c96bd8ff4aad114d110fcb67647ee8ae4d396b2d","syntax-only","D"
"app/src/main/res/values-en/web_port.xml","app-source-or-resource","True","228","ce56dae93d0f7a384287f9985b0007a72ac08c94550c46b73e7ab1af3f569751","syntax-only","cross"
"app/src/main/res/values-night/colors.xml","app-source-or-resource","True","1182","1826dce44e90fbb360066f6f5e216e39d550d4a9733274985fb966d55d7cb4a4","syntax-only","cross"
"app/src/main/res/values-night/themes.xml","app-source-or-resource","True","304","31312a1e7e4f4e979625f99b4aa17343ac139c395cdd7c701e27acd8cd0facf7","syntax-only","cross"
"app/src/main/res/values/alpha1_strings.xml","app-source-or-resource","True","660","457797172c3267f9a7cf763d08538b8d49ddfab8b0bad75a909ab2316a5c35af","syntax-only","cross"
"app/src/main/res/values/colors.xml","app-source-or-resource","True","1685","1f71bbf41f3a82183c802d04b8add8d3f2ffbe9b84e3dcc9d1eafdd5774b96f9","syntax-only","cross"
"app/src/main/res/values/dialog_styles.xml","app-source-or-resource","True","1461","670eb89ec850fc84eb21f11eba7c26b98cccc7dc6e08c32a0fe0bd1b76842169","syntax-only","cross"
"app/src/main/res/values/dimens.xml","app-source-or-resource","True","2686","d3c61a9836f2916894ea20fba540dda699d8315d60cc67901fae6047892bea52","syntax-only","cross"
"app/src/main/res/values/dns_strings.xml","app-source-or-resource","True","698","12d8e8fc843af7aab7a4da74517539d664341b74e8f262808c7d78b2e2d3d625","syntax-only","cross"
"app/src/main/res/values/drawable_aliases.xml","app-source-or-resource","True","423","b75819715f47271d6cd5acf415390bcd9b4e2173dddc60db6048a6d1713f759d","syntax-only","cross"
"app/src/main/res/values/ids.xml","app-source-or-resource","True","222","998ee8b3d77c967e10ddaf6089698ac2cef63b1d35ff3f9c4d3725b27b8df6ca","syntax-only","cross"
"app/src/main/res/values/language_ids.xml","app-source-or-resource","True","106","54f0bc118b4fecd678ec5f02641c5c014145e62526a65d1307606a105c2cbebf","syntax-only","D"
"app/src/main/res/values/launcher_icon.xml","app-source-or-resource","True","78","8742c02e1b9212da9c9b88be713e9aa8ea94cc928f01106d98121f0fae2143c9","syntax-only","cross"
"app/src/main/res/values/picture_in_picture_strings.xml","app-source-or-resource","True","976","b9609f072d21271ea3e9dc76f0bd633fa45abe5140dd6d52409997937dc004c2","syntax-only","cross"
"app/src/main/res/values/plugin_sort_strings.xml","app-source-or-resource","True","331","61dc7056993dc2d91c260074a5c077b454309f77ff686b67f2826a9f36830ec5","syntax-only","E"
"app/src/main/res/values/refresh_strings.xml","app-source-or-resource","True","913","9f0511ac73ad0dfdde24e57b1574e9374148e152ef5c8c9331d8ef01a83dc40a","syntax-only","cross"
"app/src/main/res/values/strings.xml","app-source-or-resource","True","869","d10c4e20762291044c6ee4d0a49b1db453c1a0f8b0cb44696b67c5f8fe6c0c51","syntax-only","cross"
"app/src/main/res/values/styles.xml","app-source-or-resource","True","7438","d6161b3bcde461f87a9c4f519e867b3005cf2b8f1be729595d7596c61fcfdcc1","syntax-only","cross"
"app/src/main/res/values/themes.xml","app-source-or-resource","True","6371","39575d7718964cd5e884c2efac79b31d27fdcf4f230398f79eca8fd771ba6808","syntax-only","cross"
"app/src/main/res/values/ui_iteration_styles.xml","app-source-or-resource","True","271","508610db0bb409df4db003562aff9975a2d33c5614ac2470bdd14f5f024c059d","syntax-only","D"
"app/src/main/res/values/ui_iteration.xml","app-source-or-resource","True","10707","c5a17571b58fe5bea4c9981ae89506a4a593d7d5623bcd250b7fb9df3e5b42b1","syntax-only","D"
"app/src/main/res/values/ui_refinement.xml","app-source-or-resource","True","1880","b87ba25eabf51fbaf47bacbe86ebf34924b91c6dcadeaa7633432aeef98f22df","syntax-only","D"
"app/src/main/res/values/ui_strings.xml","app-source-or-resource","True","20854","d3602bf643b4b84d2028164d10c8354e4d1b6a83b255ff644ed34257821fbba3","syntax-only","D"
"app/src/main/res/values/web_port.xml","app-source-or-resource","True","193","09f63cc71ca123e54f5add8c1336bb5c8c6bc87dbf84bc03ec8534a82a563e32","syntax-only","cross"
"app/src/main/res/xml-v28/backup_rules.xml","app-source-or-resource","True","982","29c075075419a5ca915ec617e8bdb07daf942e57022ec84c06ba221af47832e6","syntax-only","B"
"app/src/main/res/xml/accessibility_service_config.xml","app-source-or-resource","True","1360","6da36e88a83e3ecfef3f0b6538e46c2e8edf08bdfbbc50dc7708ca3acb9cfd8a","syntax-only","cross"
"app/src/main/res/xml/backup_rules.xml","app-source-or-resource","True","264","3da36586e853d4521cf80bca83d33ffc616023d057b766679cc50bc6dcdd41e2","syntax-only","B"
"app/src/main/res/xml/data_extraction_rules.xml","app-source-or-resource","True","1505","aae8957d9eed49bae3862fe53e9bc4ae02276a4c7bffed91c4405c8464479078","syntax-only","cross"
"app/src/main/res/xml/update_file_paths.xml","app-source-or-resource","True","344","19b0e281dde3d0f4902442b22384481a6454cc7505780d4e6037b33a6cc4867e","syntax-only","cross"
"app/src/standard/java/com/deepseekharness/app/ui/PreviewFallback.java","app-source-or-resource","True","333","82591b6bfb136461d1c46c9eb5a37e3af4ea1ba7d1ab1256d0d3b77c155f6095","import-and-pattern-scan","D"
"app/src/standard/java/com/deepseekharness/app/ui/RecoveryBrowserFactory.java","app-source-or-resource","False","206","af28c54fcd086005fb7f85e1dbff883ac243d2d205c5779537308b1e0b4d3b1d","import-and-pattern-scan","D"
"app/src/standard/res/values-en/edition.xml","app-source-or-resource","True","272","341914f0a79188a949ffbc1590d761d5cd3ac8d2a82fad11c9eade53a3371442","syntax-only","cross"
"app/src/standard/res/values/edition.xml","app-source-or-resource","True","278","1ed52b6a71052db7dd2ccf5bf9fe9708d83ea62cba7b00cfb2b86451c7f6caee","syntax-only","cross"
"app/src/test/java/com/deepseekharness/app/backup/BackupArchiveTest.java","test-or-gate","True","4860","d8fe59ca6f52cd57e3f0acdaa7087209efd689cb554bf5d645242a3133f00c7b","enumerated","B"
"app/src/test/java/com/deepseekharness/app/backup/BackupErrorCodeTest.java","test-or-gate","True","1240","10d4a20d8d412767cdc1fc9660c7d5fc101816c94a2f6e8068e9cde40f80547c","enumerated","B"
"app/src/test/java/com/deepseekharness/app/backup/BackupJsonTest.java","test-or-gate","True","1149","f4bafcb1150df1669c9a8df725dd2f00e3f484046d780bbcb4bcc7bb0b9705e7","enumerated","B"
"app/src/test/java/com/deepseekharness/app/backup/ConfigResetCrashProcess.java","test-or-gate","True","901","7d4c9a26e97099a84db826f67b843659fa91f2a27d6aa248d2442740ad20b196","enumerated","B"
"app/src/test/java/com/deepseekharness/app/backup/ConfigurationCrashProcess.java","test-or-gate","True","895","3269733138f43a2c719a84c24fc6fee18c0ffbfb4e22a0f0407e2de82e39acd4","enumerated","B"
"app/src/test/java/com/deepseekharness/app/backup/ConfigurationSnapshotsTest.java","test-or-gate","True","9400","bb2fd3d7154b1cb5fa00b4a680ba98e6e3790da52c37cdb5879b299ae7b1dc9d","enumerated","B"
"app/src/test/java/com/deepseekharness/app/backup/DataFormatEvidenceTest.java","test-or-gate","True","2038","39102f144ca2aae613909cabc18a3bbf605c264557ebeb00d8a639da31f2063c","enumerated","B"
"app/src/test/java/com/deepseekharness/app/backup/DataRootPolicyTest.java","test-or-gate","True","1077","ecb94cbf3489dd4299195317c4711262ad970b3142e2284f6525a98d365a3531","enumerated","B"
"app/src/test/java/com/deepseekharness/app/backup/EnvironmentCrashProcess.java","test-or-gate","True","731","5d320e5906084e01830ef50d147d6307be82066eb6c3638564e0fe399afceccd","enumerated","B"
"app/src/test/java/com/deepseekharness/app/backup/FactoryResetTest.java","test-or-gate","True","12548","5c6259e93642fe3bf8afb2e6d92db5f51d41d30a08de5683fe348985c82598de","enumerated","B"
"app/src/test/java/com/deepseekharness/app/backup/GuestDataResolverTest.java","test-or-gate","True","3041","312d26325a29385edd398e2fe18d341ca3e8263cd8eabf8ad66c407676917958","enumerated","B"
"app/src/test/java/com/deepseekharness/app/backup/HostDataTransactionTest.java","test-or-gate","True","6124","520d88733ba66814d1a44f70c7206363a16ed55577e8a415e0014253d26e8c75","enumerated","B"
"app/src/test/java/com/deepseekharness/app/backup/HostRuntimeCrashProcess.java","test-or-gate","True","1020","cb63b5fd271cc1b387a6d74d5967eea8061b28edb1b81f85c5f8de9bb47abf7e","enumerated","B"
"app/src/test/java/com/deepseekharness/app/backup/HostSnapshotTest.java","test-or-gate","True","3653","017f6b095aa60f1b8ebd5ad534c33d0f4751edeec64c55c7e0cfe12dad40cefe","enumerated","B"
"app/src/test/java/com/deepseekharness/app/backup/HostTransactionCrashProcess.java","test-or-gate","True","881","5f345a2b9edc7805f562780ef9195401d22c67c4e7a840a6ae25adbbcaecfe99","enumerated","B"
"app/src/test/java/com/deepseekharness/app/backup/JvmBackupFileSystem.java","test-or-gate","True","3450","e7b7a8fa51d8ff207b0989fb2a5df6e25ae218782bf8fce62a352e0074bf669f","enumerated","B"
"app/src/test/java/com/deepseekharness/app/backup/L2sSnapshotTest.java","test-or-gate","True","3715","121e22ac836682a010385c5e5d901b5d14ee8a378935fcb2ed171f4828298036","enumerated","B"
"app/src/test/java/com/deepseekharness/app/backup/LegacyBackupImporterTest.java","test-or-gate","True","3738","4e6bab98a335f3751745fbcb72f1714ae56397b655cd3a0a2ed1e5ed2cffccdc","enumerated","B"
"app/src/test/java/com/deepseekharness/app/backup/LegacyTarReaderTest.java","test-or-gate","True","3288","cce4f24bac7d30abd042e5681a2250322118ddd8c919ed5aba91dca4cb641ab8","enumerated","B"
"app/src/test/java/com/deepseekharness/app/backup/ManagedRuntimeTransactionTest.java","test-or-gate","True","15196","cbbffd1cb00b6e8591f49351dbfe3c6cd163389707d371565292db2ed380ffa9","enumerated","B"
"app/src/test/java/com/deepseekharness/app/backup/NativeConfigurationResetTest.java","test-or-gate","True","7261","48367c1cddfcd2b9afc3ad9488ed767dac88be250067deedcd9e7aaf9fbee0b7","enumerated","B"
"app/src/test/java/com/deepseekharness/app/backup/NativeEnvironmentRebuildTest.java","test-or-gate","True","6933","53d03e4ff56998a7c65b94a0b6685cb95bbef8d06a90bf88f4776b9f052adfff","enumerated","B"
"app/src/test/java/com/deepseekharness/app/backup/NativePluginGraphTest.java","test-or-gate","True","6516","a2c74d416581f546bfe5c61148325d8ce6b1a4db450b02d38a8e1916e70784d2","enumerated","E"
"app/src/test/java/com/deepseekharness/app/backup/NativeRestorePlanTest.java","test-or-gate","True","3057","d3c684693b4e70bbba769430cd02c8edd25adae84608cc9db494060432143145","enumerated","B"
"app/src/test/java/com/deepseekharness/app/backup/NativeSafeProfileTest.java","test-or-gate","True","1902","f48410b34a440fb915732662c0223926035aef27c722c5649bb606f59f31da7b","enumerated","B"
"app/src/test/java/com/deepseekharness/app/backup/PluginInstallJournalsTest.java","test-or-gate","True","2170","2a4562f5d137aebf52db292700d0ab33daf371b5c3075191108a9a8bd5e31fb5","enumerated","E"
"app/src/test/java/com/deepseekharness/app/backup/PluginRestoreGraphTest.java","test-or-gate","True","7721","2b3ac35d7a407569cf209fb3d4c7796898c527296a3626a0c2ea481cfee432c6","enumerated","E"
"app/src/test/java/com/deepseekharness/app/backup/PortableBackupCryptoTest.java","test-or-gate","True","4024","114211aafa367488845b47662cb3c474b6e0823f44c93f026399d0ddd08903ca","enumerated","B"
"app/src/test/java/com/deepseekharness/app/backup/PortablePreferenceProjectionTest.java","test-or-gate","True","1535","a4d11aa91ad718c73719355588401e9659424365785b96597d444b860b0c57c2","enumerated","B"
"app/src/test/java/com/deepseekharness/app/backup/RetainedCatalogueTest.java","test-or-gate","True","6410","ed18d9364f739b395cccc4819c5c000333d9ef291173fdd0979cd47a412e3777","enumerated","B"
"app/src/test/java/com/deepseekharness/app/backup/RetiredEnvironmentCleanupTest.java","test-or-gate","True","3172","e71a737a36b129927c48a27549499dc3d439df2e5b048a10f4345645e0828907","enumerated","B"
"app/src/test/java/com/deepseekharness/app/backup/RuntimeDescriptorTest.java","test-or-gate","True","3593","a691a9cc6b1914fb19b4373e48a71cdedfa3ebc9a1bc6815251b9db0c2193fe7","enumerated","B"
"app/src/test/java/com/deepseekharness/app/backup/RuntimeTrialRecordsTest.java","test-or-gate","True","4723","8809c5ff1792a8871b8ecd52584678384551578c4c062150e2ca0b638c67cb98","enumerated","B"
"app/src/test/java/com/deepseekharness/app/backup/SystemPluginStateTest.java","test-or-gate","True","2752","05cb8c43528e1c708c51603b32fb64b3cb121d189523ac082ea0d8cc904f0f62","enumerated","E"
"app/src/test/java/com/deepseekharness/app/backup/UserDataLayoutTest.java","test-or-gate","True","3983","0652b1ffa35a730e9f24483d99551b61c08f8fd7432f5970c5c29f55d0659463","enumerated","B"
"app/src/test/java/com/deepseekharness/app/backup/VerifiedBackupCopyTest.java","test-or-gate","True","4303","52ec23037c3aa3eb8faa6695293d4618fe97aaaaf93059cd62f4f5253d1390fb","enumerated","B"
"app/src/test/java/com/deepseekharness/app/backup/WorkerQuiescenceTest.java","test-or-gate","True","2076","dc06db89798d67aefa086b2e86fdb4d13ffc2df235e9a1128a7265cad7812b0c","enumerated","B"
"app/src/test/java/com/deepseekharness/app/core/InstallRepositoryTest.java","test-or-gate","True","9564","e36875e960749ee5e1a77ff9843db4f6556932fd4e38dd614e15b34629cd0990","enumerated","cross"
"app/src/test/java/com/deepseekharness/app/LanAuthTest.java","test-or-gate","True","4134","94c722efda0770877ccec9454e29af4f9d59635436c03b631e340e1324980da6","enumerated","C"
"app/src/test/java/com/deepseekharness/app/runtime/AdbWheelBundleTest.java","test-or-gate","True","4022","e9f5f94c99c2f0ea2fe36ed157e2ffee5b3f2b3544c14e773726ae60015a0c95","enumerated","A"
"app/src/test/java/com/deepseekharness/app/runtime/InstallPipelineTest.java","test-or-gate","True","7458","63668ef9b333cd4578903637d2be05664539129c9dd7bfa2099b9c20b7473d9f","enumerated","A"
"app/src/test/java/com/deepseekharness/app/ui/ModelSetupDraftTest.java","test-or-gate","True","1111","a60f7e893ef17f37c08acf2f3e0f5c5f414896b342b5660e461e8d631e15e6f9","enumerated","D"
"app/src/test/java/com/deepseekharness/app/util/AdbEnvironmentTaskTest.java","test-or-gate","True","6480","015736211241f6164815dabfbb63e5050ed028645ced6cf4a665c683d2a5733d","enumerated","cross"
"app/src/test/java/com/deepseekharness/app/util/AdbPairingInfoTest.java","test-or-gate","True","1398","1c5f67da14dc18624b3b3f1ebe9a315931cdf4812e1bf2e3402ccf770779cb23","enumerated","cross"
"app/src/test/java/com/deepseekharness/app/util/AdbResultTest.java","test-or-gate","True","1777","8f9600cdba5396d938015fc1708a18dabea7ff0d64da7ba0b6718a7eb98d6d8e","enumerated","cross"
"app/src/test/java/com/deepseekharness/app/util/AdbWheelCacheTest.java","test-or-gate","True","10082","2124b6e535c925020221e0b4ebb6bac8d78909ed987bc9efceca318cedd7eacd","enumerated","cross"
"app/src/test/java/com/deepseekharness/app/util/AutomaticBackupPolicyTest.java","test-or-gate","True","1349","33b90a511ec191e577a63a822caae81054ffee78b864f67cda11c9b27ad9d2a6","enumerated","cross"
"app/src/test/java/com/deepseekharness/app/util/BackupScopeTest.java","test-or-gate","True","4138","9234140294dcb8604e5221ee01d5da64f59ff1197b147e81bfc7092cbc9c6820","enumerated","B"
"app/src/test/java/com/deepseekharness/app/util/BackupTaskStateTest.java","test-or-gate","True","3082","60656ba62b19c95e93b321eff9103bd851387ae191898633414e8925f7c02b06","enumerated","B"
"app/src/test/java/com/deepseekharness/app/util/BoundedProcessRunnerTest.java","test-or-gate","True","9171","90b3bb5c7f6721ea4b4c4ca814636154ed1216bd31695b0c4df68119d59a90df","enumerated","cross"
"app/src/test/java/com/deepseekharness/app/util/BoundedUiCallTest.java","test-or-gate","True","4739","3b80ffbb83c210a44b5c5fafa30e1f573e0dae45ae5ac3363a9dd049fdcb37a9","enumerated","cross"
"app/src/test/java/com/deepseekharness/app/util/BridgeConfirmationsTest.java","test-or-gate","True","2306","441a2267dfdb1c9384903a278bb027908c31f50911791031c77792b70263d41c","enumerated","cross"
"app/src/test/java/com/deepseekharness/app/util/BridgeLifecycleTest.java","test-or-gate","True","2476","2fe8bbbce4aa3f86450f05987c85a050e39f2788277cb00a440788e83294c518","enumerated","cross"
"app/src/test/java/com/deepseekharness/app/util/BridgePathPolicyTest.java","test-or-gate","True","5361","f7273fd2aa3b52a4a8ae9497c0b4f18e65b9df9c29fc2e326ae977644af944e0","enumerated","cross"
"app/src/test/java/com/deepseekharness/app/util/BridgeQuestionsTest.java","test-or-gate","True","5432","edc9b4bdd997943405f2cec78fff4f14a5cde6a109e7e0b16b7c6b14a574d343","enumerated","cross"
"app/src/test/java/com/deepseekharness/app/util/BrowserDiagnosticTest.java","test-or-gate","True","631","776e85af5ee80fcfce26e049ce86765793c5dc4d17680a6e620f1e165262a81a","enumerated","cross"
"app/src/test/java/com/deepseekharness/app/util/BuiltinPluginsTest.java","test-or-gate","True","4079","803c920454265991638b987cdae516596a1c63b40d350ded5ada6c7f08d33559","enumerated","cross"
"app/src/test/java/com/deepseekharness/app/util/ConfigInputTest.java","test-or-gate","True","692","6abdebf2ceb8cefe51d9506d5a46f0030e690548af641fa562b699df1d656f03","enumerated","cross"
"app/src/test/java/com/deepseekharness/app/util/CredentialReadTest.java","test-or-gate","True","1742","63568076244b13c2e160a64ce6567715b2fe58e634f6f5435a21ff4af0146cba","enumerated","cross"
"app/src/test/java/com/deepseekharness/app/util/CredentialWriteTest.java","test-or-gate","True","1413","e0d89c0df920514ef131839a627152445a49a9db50102d8910bf8ee7108f36b3","enumerated","cross"
"app/src/test/java/com/deepseekharness/app/util/DeviceAppPolicyTest.java","test-or-gate","True","3862","b4655f8337826f41b38874b5b19edb0dfb495b588d3cd80a7e5ec7eadfb1acc2","enumerated","C"
"app/src/test/java/com/deepseekharness/app/util/DeviceCommandResultTest.java","test-or-gate","True","900","e070cd14e4b84e43f80fbd165b1516aea19510f5bac6833b76a2c01ea831cdf9","enumerated","C"
"app/src/test/java/com/deepseekharness/app/util/DeviceShellPolicyTest.java","test-or-gate","True","6301","6a4d7552328df6f714fff977f755871f5256d048737943bcb082a2895b779677","deep-read","C"
"app/src/test/java/com/deepseekharness/app/util/DocumentPathsTest.java","test-or-gate","True","4187","2705e36afddc27b4150a10e9794d152da77e2358c0018ef0a5a75ba86789203d","enumerated","B"
"app/src/test/java/com/deepseekharness/app/util/DshAuthLogTest.java","test-or-gate","True","1098","2d8b15d031c029906478da6592a3906306b7c38acf8ee239bfc12bac903f4799","enumerated","cross"
"app/src/test/java/com/deepseekharness/app/util/DshAuthSessionTest.java","test-or-gate","True","6601","45167d5c0c5a7039914538ac154fa7a948f7842ee1c5742411fbba34b0c07f1f","enumerated","cross"
"app/src/test/java/com/deepseekharness/app/util/DshAuthUrlTest.java","test-or-gate","True","5654","feadf2c9c1d5ae1067dd776f8c4565954173bd24accb98761ebe2d2f744e3196","enumerated","cross"
"app/src/test/java/com/deepseekharness/app/util/EnvironmentIdentityTest.java","test-or-gate","True","3910","5d9b01457c3d93ed3ab69beef832d6a6569c1b8a5c23fcfe7fcd2a09f766bda9","enumerated","cross"
"app/src/test/java/com/deepseekharness/app/util/EnvironmentTaskGateTest.java","test-or-gate","True","3180","0560e7716ea0a31f9af111f2acfc3d7f29c4cdf977f345620f9ce74159b08544","enumerated","cross"
"app/src/test/java/com/deepseekharness/app/util/ExactTextPatchTest.java","test-or-gate","True","1174","aef27ff8f072afa42b6283653ccc6b60f7e7d59eb43728b58e8c8c0cb6c34a4f","enumerated","cross"
"app/src/test/java/com/deepseekharness/app/util/ExecutorQuiescenceTest.java","test-or-gate","True","2670","f7a1c68371e4ba17b6f18d728bff2d8f6d97ac279e318a53758d0d64e5c23c3d","enumerated","cross"
"app/src/test/java/com/deepseekharness/app/util/FileIntegrityTest.java","test-or-gate","True","1607","49fc68aa60ecdcd1ff5f87af6ad477dedbbbeab3eff290f800a736076faab5c4","enumerated","cross"
"app/src/test/java/com/deepseekharness/app/util/ForegroundReferenceTest.java","test-or-gate","True","1613","be4414d16e72c082567f43149468452d76ea8237f680963ee3cca85beb3232c0","enumerated","cross"
"app/src/test/java/com/deepseekharness/app/util/FrameRatePolicyTest.java","test-or-gate","True","1183","00dbb4f539c899c7c2cab1bf7e9b86934826d13b3235f8012b536b4d85d288ad","enumerated","cross"
"app/src/test/java/com/deepseekharness/app/util/GitHubRefTest.java","test-or-gate","True","3343","bc48d220d81b11927c7dfd1c4a4f90273f959c9a5c78be29a1c6c6ff664f7174","enumerated","cross"
"app/src/test/java/com/deepseekharness/app/util/HtmlBootstrapPatchTest.java","test-or-gate","True","1750","ebfea41dc72de58c0029dc2f0def7ed25c32220ef9b7fe2dfde1220722ba7616","enumerated","cross"
"app/src/test/java/com/deepseekharness/app/util/HttpProtocolTest.java","test-or-gate","True","7977","e3e1ca6546589eb1599ce8849cf2ef80942c10fcbc4f605d397f7625f8bcd7b2","enumerated","C"
"app/src/test/java/com/deepseekharness/app/util/InstallProbeTest.java","test-or-gate","True","2969","0912a83fe0a9aeb729d54bfa90c54e434d15128730dc2760e1596c31cff01fd6","enumerated","cross"
"app/src/test/java/com/deepseekharness/app/util/InstallProcessTest.java","test-or-gate","True","6698","51edb1b60323cc4dba0d0c9bf996778836cf16732cd1624438e2b552e7244a6f","enumerated","cross"
"app/src/test/java/com/deepseekharness/app/util/InstallTaskTest.java","test-or-gate","True","4225","b82c18a900f96cd8bd286349b6517c491f00bccbcdac7c14490a40e3811af0f1","enumerated","cross"
"app/src/test/java/com/deepseekharness/app/util/MaintenanceErrorTextTest.java","test-or-gate","True","1006","fe3afb68432dc812ad06bdfbff5f17bd946bbd781ec697f4af1e606abb56f677","enumerated","cross"
"app/src/test/java/com/deepseekharness/app/util/MaintenanceTransactionTest.java","test-or-gate","True","8076","c89bb52e9a482cf6c67a32ff12c7225d190b66c75616d9f7c5a89264bb440c89","enumerated","cross"
"app/src/test/java/com/deepseekharness/app/util/ManagedAssetVersionTest.java","test-or-gate","True","970","4322e6835cf30fe357d43176b30fdbd0d103a10890c89ba86a033a3ee9819ece","enumerated","cross"
"app/src/test/java/com/deepseekharness/app/util/MicrophonePolicyTest.java","test-or-gate","False","2393","e881be5e117ae884091a599d92a30b8a6bc02388d1e02419c0e853b6c65d8d92","enumerated","D"
"app/src/test/java/com/deepseekharness/app/util/ModelConfigurationTest.java","test-or-gate","True","6551","23c868e0c02f63898f8d1693ee0dd6844802b16b58bef4bed194f48f36dd8649","enumerated","cross"
"app/src/test/java/com/deepseekharness/app/util/OverlayFrameBufferTest.java","test-or-gate","True","989","59386030bc7e871093e89373d903cd66f56ae0404a315f63734caad83861dcf1","enumerated","cross"
"app/src/test/java/com/deepseekharness/app/util/PictureInPicturePolicyTest.java","test-or-gate","True","3853","5b378db6b25d32c94226eee568ebe86d188038db028e010b93f7c724c3e32e86","enumerated","cross"
"app/src/test/java/com/deepseekharness/app/util/PluginFailureOwnerTest.java","test-or-gate","True","963","ea60276fd37a6f0cc5e665218d3c90eb566400106c53269f04dbcf7f2145a131","enumerated","E"
"app/src/test/java/com/deepseekharness/app/util/PluginInstallLinkTest.java","test-or-gate","True","2025","0558978638f7efcd467a5854bd47bbcc29af4f7b4cb45ad2dd1ea99d75055151","enumerated","E"
"app/src/test/java/com/deepseekharness/app/util/PluginOutputTest.java","test-or-gate","True","984","9a2c3bbed6bc18b6de6fb4f90e9a5f0eb95623c475ebf997a2de9add1584e5e2","enumerated","E"
"app/src/test/java/com/deepseekharness/app/util/PluginSortTest.java","test-or-gate","True","2603","47861f59af55ee7cf14a2b2535c680c2041750a0c0e82fcb52ec0838309aeda6","enumerated","E"
"app/src/test/java/com/deepseekharness/app/util/PluginSourceTest.java","test-or-gate","True","3148","adadc46dba7a2848ae36510e101e4c918920b9680810a4e27529e019d67736c2","enumerated","E"
"app/src/test/java/com/deepseekharness/app/util/PowerPolicyTest.java","test-or-gate","True","1218","a43268b57c2cbdca9b315a6b6cc53dc636eaf233ae8f5afd2df473a4e62145ec","enumerated","cross"
"app/src/test/java/com/deepseekharness/app/util/PreferenceValueTest.java","test-or-gate","True","1033","3f280aafb19d9079579b1a770363a95e7822f77ea49bf2045ac8778c10cec235","enumerated","cross"
"app/src/test/java/com/deepseekharness/app/util/PreviewNavigationTest.java","test-or-gate","True","1396","685c86f1f5524c3f2d02a373cf77b93f30260d8478b519c6f46749255378bbd5","enumerated","cross"
"app/src/test/java/com/deepseekharness/app/util/ProcessIdentityTest.java","test-or-gate","True","4244","7a825eaec3e82a3078d26e7c70563c0162681475ecdf0595159bb869f00b244e","enumerated","A"
"app/src/test/java/com/deepseekharness/app/util/ProcessOutputCaptureTest.java","test-or-gate","True","1830","908da2c7100585e2c7800f49dc42422fefbe7e3a834d728d0497021ba54277c9","enumerated","cross"
"app/src/test/java/com/deepseekharness/app/util/ProcessTerminationTest.java","test-or-gate","True","3294","3507538338aaecb80209d662bfdd64d3f74effec8bb75fd7530d0436b70cca88","enumerated","cross"
"app/src/test/java/com/deepseekharness/app/util/ProfileConfigPathTest.java","test-or-gate","True","607","e4f0a9eda8fcdd77a9cf23bf1c3286bc462d168dd98f6548d5b6eb29ea623a18","enumerated","cross"
"app/src/test/java/com/deepseekharness/app/util/QueryTest.java","test-or-gate","True","1850","332a5e137b541b0848e1763cfd258b0e65ccacd866f0bc2f76e2a48596a6305d","enumerated","cross"
"app/src/test/java/com/deepseekharness/app/util/Rc1MigrationResultTest.java","test-or-gate","True","1290","dc7bb4b43917a90cc45e4e3f0e0840bccb37f1b60110c956f5339b47374731ac","enumerated","cross"
"app/src/test/java/com/deepseekharness/app/util/RecoveryArchiveSourceTest.java","test-or-gate","False","1757","bb69d60dd0cabfe575507984323246d84eb2403ad62efb718824c86da6580b8a","enumerated","cross"
"app/src/test/java/com/deepseekharness/app/util/RecoveryBrokerProtocolTest.java","test-or-gate","False","2105","d62668ccf75618a75550a3b6b30f87c990b5140f57569b3cd30535e58b639c3c","enumerated","cross"
"app/src/test/java/com/deepseekharness/app/util/RecoveryRepairPlanTest.java","test-or-gate","False","5304","0cd4a22f29c5998040b559e88cdcf6df99855564c6241c75f1ad3ecee1f61932","enumerated","cross"
"app/src/test/java/com/deepseekharness/app/util/RegenerableCachePathsTest.java","test-or-gate","True","859","04fa51bd2d032a15baa4f54657c183f8c91552456a3ece02abc9582725adc99e","enumerated","cross"
"app/src/test/java/com/deepseekharness/app/util/ResolverConfigTest.java","test-or-gate","True","1666","d209e094256ab27374321d83c02bd568ecccb8a9012cc985d4efdc9f1931d18d","enumerated","cross"
"app/src/test/java/com/deepseekharness/app/util/RestartBudgetTest.java","test-or-gate","True","1157","0a6b178cc36bcc43dff7ac231d3c22c1703d3b61af867e8651b2f9998736f377","enumerated","cross"
"app/src/test/java/com/deepseekharness/app/util/ResumableDownloadTest.java","test-or-gate","True","4495","f4a83fd03227285d4b8185d1412da6feab623cadcf23a799dd910c3898bd8701","enumerated","cross"
"app/src/test/java/com/deepseekharness/app/util/RootfsBootstrapTest.java","test-or-gate","True","3245","f7bd4f7bf5c96bcd677ca154453484d9b445bcfdaf60c402098baca6991b59e6","enumerated","cross"
"app/src/test/java/com/deepseekharness/app/util/RuntimeInstanceReadinessTest.java","test-or-gate","False","1462","4e9bf6dfa4e1729e6c30858e835b11c20027d42ef7e2622505043f230611ea93","enumerated","cross"
"app/src/test/java/com/deepseekharness/app/util/RuntimeInstanceRegistryTest.java","test-or-gate","False","3261","9a1ab3a608fb468d0cfbcf9b1e0121626c0b887eae925518f75404293a66e7a2","enumerated","cross"
"app/src/test/java/com/deepseekharness/app/util/RuntimeTaskRegistryTest.java","test-or-gate","True","9725","d0758a2e64f4625385e0d48a8321b20a150a1b5eaeddac17c6676d0929a06d48","enumerated","A"
"app/src/test/java/com/deepseekharness/app/util/RuntimeTrialOutputPolicyTest.java","test-or-gate","True","912","6236136acbf6447282edec07e53da41ac61717a200e01b39e403eee2de18a86e","enumerated","A"
"app/src/test/java/com/deepseekharness/app/util/RuntimeUpdateTransactionTest.java","test-or-gate","True","5561","8edead17c7ab7a4c5214e9e042afd7e1fb9c25f3528848f152f5cbd3e771cbf3","enumerated","cross"
"app/src/test/java/com/deepseekharness/app/util/ScreenSessionGrantTest.java","test-or-gate","True","790","a6244c610b6ccaf88a61aee2f403afb1aa429b700a63255dda7990658541025e","enumerated","C"
"app/src/test/java/com/deepseekharness/app/util/SensitiveDataTest.java","test-or-gate","True","1156","d6091de918a0f4bf380a9d44f211aec8b02ea52d998d2a3bba2edfe57b4a5f63","enumerated","cross"
"app/src/test/java/com/deepseekharness/app/util/SharedServiceLeasesTest.java","test-or-gate","True","2916","88321a6569c4340cb983be16a1aedc9bc87db06c7b640976afcbc4aff3af56f2","enumerated","cross"
"app/src/test/java/com/deepseekharness/app/util/ShellQuoteTest.java","test-or-gate","True","1297","86e60cd82e5fad8b55524487197d4fd08ba95202efaf9b72075637f20068d3f7","enumerated","cross"
"app/src/test/java/com/deepseekharness/app/util/SmsQueryTest.java","test-or-gate","True","2806","63e88b3b3835213903db3ed70d78d814947b06d30d5d27d7a8b4ad6647c20b56","enumerated","C"
"app/src/test/java/com/deepseekharness/app/util/SocketDispatchTest.java","test-or-gate","True","4729","45d5b99537bdb560ddf7beacb1f350341df9dbd7e891e26bc214fc437863158a","enumerated","cross"
"app/src/test/java/com/deepseekharness/app/util/StartupHistoryStoreTest.java","test-or-gate","True","2016","0084150f8ba12e7a45bdaf8c535620c4326d87d5d6ada8b6e12b36b97e2e58f7","enumerated","cross"
"app/src/test/java/com/deepseekharness/app/util/StartupTextTest.java","test-or-gate","True","1674","c571c63b7a4593b06708e058d3f6f2400fca745d4f04d1533b598425ccaf1b0c","enumerated","cross"
"app/src/test/java/com/deepseekharness/app/util/StartupTraceTest.java","test-or-gate","True","2035","7f3f9e76efd7494f400426efe44546d2a3716542394aedf4ecbca0a588849789","enumerated","cross"
"app/src/test/java/com/deepseekharness/app/util/TerminalSessionTest.java","test-or-gate","True","22993","c8e4329bf1f96ed703c39cb8ebf4c6544ea4f6185c0c0eb3009db09452efc514","enumerated","A"
"app/src/test/java/com/deepseekharness/app/util/TerminalTabsTest.java","test-or-gate","True","2226","6c22222dc08697a66f9bf14297c0be6bb13243a08931799837330ceaae613031","enumerated","A"
"app/src/test/java/com/deepseekharness/app/util/TextLogTailTest.java","test-or-gate","True","2300","431f46318d921d59e22f66c17b9fe08b06077399e94fef332778f92fda4850d8","enumerated","cross"
"app/src/test/java/com/deepseekharness/app/util/UiLanguagePreferenceTest.java","test-or-gate","True","6149","e25155345068ca5a13bea5f5e4d70c109c0b4cee9f158ea2bc4b57f75d9e43d6","enumerated","D"
"app/src/test/java/com/deepseekharness/app/util/UiStateTextTest.java","test-or-gate","True","3080","9bfa4b339d875b69b7d09ffe72e1060666f648ecab0cb43857ee33b8f0558d8e","enumerated","D"
"app/src/test/java/com/deepseekharness/app/util/UiTextTest.java","test-or-gate","True","1695","844fe3609fc6457e128d9a29de1425ee363469544cd13035e894bd726cebd60c","enumerated","D"
"app/src/test/java/com/deepseekharness/app/util/UiThemePreferenceTest.java","test-or-gate","True","775","81042a99950bccfc59138f66cc633d004ea5e4828453ff012d54a1e3c6e945aa","enumerated","D"
"app/src/test/java/com/deepseekharness/app/util/UpdatePolicyTest.java","test-or-gate","True","3740","c8924aa5cc21f133cea3c659c8b045ab86e1528ae0634f56eee1815b4a8a5f40","enumerated","cross"
"app/src/test/java/com/deepseekharness/app/util/VirtualScreenPolicyTest.java","test-or-gate","True","891","41f506808607186757791ae9ffe19b3f0b9b2696239343d65e7bf5ff40b7cbfb","enumerated","cross"
"app/src/test/java/com/deepseekharness/app/util/VirtualScreenRoutesTest.java","test-or-gate","True","1039","db44048448315f8d7eb278dc593588914fa4fe0fe067fe98ef67ad09ff34d1aa","enumerated","cross"
"app/src/test/java/com/deepseekharness/app/util/WebLifecycleTest.java","test-or-gate","True","2900","2cb7edce0b2c7d396954e89ef89e02656540fda78a959c1d3095838f8a895be6","enumerated","cross"
"app/src/test/java/com/deepseekharness/app/util/WebPidIdentityTest.java","test-or-gate","True","1725","0b67df9313eed31893be833e07721cb905f193fe2f4cbe44aaa0a0d14d326aca","enumerated","A"
"app/src/test/java/com/deepseekharness/app/util/WebPortPolicyTest.java","test-or-gate","True","2839","61d3011950f0ca999c5836df8723d2d0b3def286e2d323e9721c357763f6e00c","enumerated","cross"
"app/src/test/java/com/deepseekharness/app/util/WebPreviewPolicyTest.java","test-or-gate","True","1536","c4f15fb8d046e649d39f1253e780974f65b446143e8bf34bfda8ad9b0088ce36","enumerated","D"
"app/src/test/java/com/deepseekharness/app/util/WebProcSelTest.java","test-or-gate","True","6387","bbab44369269d0b6571e465f510f22b0b9f3359abcb954f14553fc8027ba71db","enumerated","A"
"app/src/test/java/com/deepseekharness/app/util/WebRuntimeFallbackTest.java","test-or-gate","True","996","857ef05b1b4d9dbd0c4574cb9a8af14dda6b0ad7b6b60d18641fa322ee70e4f5","enumerated","cross"
"app/src/test/java/com/deepseekharness/app/util/WebStopEvidenceTest.java","test-or-gate","True","3037","353ad43edb713571e7f4d610ee69075132d1a681dde98b9b668c4c3ec6c68d2f","enumerated","cross"
"app/src/test/java/com/deepseekharness/app/util/WebTransferPolicyTest.java","test-or-gate","True","1735","c065f67f9d202c88e5a3710759f6756caea475ef4626c14293527c2bf227dec7","enumerated","cross"
"app/src/test/resources/backups/v5-aesgcm-vector.json","test-or-gate","True","932","ff2340d7289f764f3486af4dae225650b296745dba5840aea476361319102bc6","syntax-only","cross"
"bug/备份恢复机制-通用缺陷清单.md","root-or-preview","False","6622","3fd7ba66bdaba5f1d9805b72524f88a7533415108e4797b12f63d70b4e62c349","enumerated","cross"
"bug/会话损坏修复记录.md","root-or-preview","False","5349","9226a14123cce35c91503b3da18ac22216eb8db338f545682a16b7244f2159f4","enumerated","cross"
"bug/adb-直连排查报告.md","root-or-preview","False","5705","3f37a8fa34c9d2941703b137cc3502b73c4645e3372e6b6bf8bcef6cd85bf8ed","enumerated","cross"
"bug/adb只读白名单过宽分析.md","root-or-preview","False","3713","62cc2cad6d29c5b41b43841a731055635b886148dc7ceb4ecb941d3691a13bd4","enumerated","cross"
"bug/dsha-bug-report.md","root-or-preview","True","9024","329daf88605122909e6a19e47762b934c622f28a9f8e5fa0089eb8a7ddf189c1","enumerated","cross"
"bug/write工具悬空链接bug报告.md","root-or-preview","False","4836","9adb57655e4b10e032b7134c216fe2738b7bfbbec6eeb247f0cf0f72a1385177","enumerated","cross"
"build.gradle","root-or-preview","True","73","47e094b953d3951ab097c173a334a41a5ae80f9d9980f459b1b7b48436df7805","deep-read","F"
"BUILD.md","root-or-preview","True","7978","01d4ab8e61f3e3a7a67c7c1a92a5d62c92a74430dfaaad62402b3724d2124f6a","enumerated","cross"
"build.sh","root-or-preview","True","14159","6ed3eb079a9406198bd66b57f8d5ca1256d4f75c7e19894e49d2fdfefcc382cf","deep-read","F"
"CHANGELOG.md","root-or-preview","True","34286","8c0d3271f727b05b77e7723596f4df42b22fae6e658db1bf05032a4ed89c9e4b","enumerated","cross"
"docs/1.2-upgrade-report.md","documentation","True","43973","efcdcff44cc9c2b4db52b7b498d0dbcd6b46c1f38f016b9473a25b5ce5538ca0","enumerated","F"
"docs/接手指南.md","documentation","False","17334","fcbbd1099515ce3eb486f2b762ccafd547291e28b9d1f1f733184b0b5ae243a9","enumerated","F"
"docs/竞品学习-DeepCode-RikkaHub.md","documentation","False","8067","04854454c082bc17c4d92a1f87f77c4f7214322f19e1fe72b68c326117c96e01","enumerated","F"
"docs/adb-flow-audit.md","documentation","True","8984","3ca87b23e37d7e34c621b60967378b22192d6d61fe4eab6b1095260c6c804613","enumerated","F"
"docs/android-low.md","documentation","True","4123","8bbe4d9c7d06a7029d362de0c0f5b539f24bd1481a83b6cb9e0c1f1c4dec3b23","enumerated","F"
"docs/android-standard.md","documentation","True","4700","288cc833ccf162ff1647834f0c566bda50ceecad70140c28ef8182a3301b2204","enumerated","F"
"docs/backup-format-v5.md","documentation","True","7620","126332255a4fd1907151111508251f182d05e42a314e2157ae05bbd058733eb8","enumerated","F"
"docs/backup-upgrade-acceptance.md","documentation","True","25289","7952dc20b5347b05c7bfc113fc419eeac4be0d4604b03b31293779cd8e2f7fda","enumerated","F"
"docs/backup-upgrade-baseline.md","documentation","True","1946","5f7e92d1ab1765be564a92416a53a12b46c618f3331d1b567c608e385218c9d0","enumerated","F"
"docs/build131-device-followup.md","documentation","True","5151","f71945a4abafc8a7b0e5d35bf2e00ca85fc1fe6517e93b6c056ddf3786661730","enumerated","F"
"docs/community-standard-feedback.md","documentation","True","10530","157edc356032f0548cd7eb74bf16a28d92a72947b4a2448130d1f1e1fbf27345","enumerated","F"
"docs/configuration-recovery-host.md","documentation","True","3110","268b9b842308eac9e533b1daaa6eb83cd3c880630dd28318538d5ffe8e21e7ab","enumerated","F"
"docs/device-acceptance-2026-09-05.md","documentation","True","4895","4f938f4862872db043ac0ab85401f98ff78ba6d4a034af6bad28d7ea7ef62afe","enumerated","F"
"docs/device-acceptance-alpha15-2026-09-09.md","documentation","True","6020","39dff92b7730a103910ff57d10be46d4ae83f35cb73b00a699c9647b2dd11c11","enumerated","F"
"docs/device-permissions-2026-09-09.md","documentation","True","6308","a2eb510df938b0501cbde5d6b797d726f664c3acd6e324d151da4c7cb51c0975","enumerated","F"
"docs/evidence/rc1.3/deploy-checksums.log","documentation","True","3795","f0b561864031b978d3444aa7ffae11e2bda8bd190776db64b9ba430a7c88f519","enumerated","F"
"docs/evidence/rc1.3/gecko-safe-start.png","documentation","True","77779","5347ab5b9eed7fd0b8196847f03c55e723e291f06781586245a0cfe69f2ce23b","enumerated","F"
"docs/evidence/rc1.3/rc13-backend-test.txt","documentation","True","122","d59a24e0aa76f66d53c8db3bf6ed58a16314771f0872f48c6870ff06650aee47","enumerated","F"
"docs/evidence/rc1.3/rc13-community-test.txt","documentation","True","477","860c24385f1064259f5ee19cfcf62d4da7da98b8e0be7c9be0d7cf5b033c02a6","enumerated","F"
"docs/evidence/rc1.3/rc13-diagnostic-test.txt","documentation","True","414","f98f80e574b7caacce498a370a5c2dbf348163db5845ba2be974059de217feab","enumerated","F"
"docs/evidence/rc1.3/rc13-plugin-flow-test.txt","documentation","True","598","c7303f42b9731f1b6aa183b0a8477aa34056dbb81734d67f8ff8f0080f0aa1c9","enumerated","F"
"docs/evidence/rc1.3/rc13-public-hashes.json","documentation","True","362","64798b61d48a37834a2fe2fd2cef2d7877eaf85831a8e79db68d81b776070b6a","syntax-only","F"
"docs/evidence/rc1.3/rc13-standard-webview-test.txt","documentation","True","494","277ed14a8bfd9dc4ccbae4944c4d9ca81999d9351960f9cc1fe63b1f29cb414e","enumerated","F"
"docs/evidence/rc1.3/rc13-update-network-test.txt","documentation","True","364","b0972557a361bb68e1917f231657d436bfe224331bfa559ced014475b9c82957","enumerated","F"
"docs/evidence/rc1.3/release-manifest.json","documentation","True","2471","627a59adfaaed0fd4ed3ff48762e42225d13a445509c7fefc2e05d393fa4c460","syntax-only","F"
"docs/evidence/rc1.3/system-webview.png","documentation","True","79848","d1078ea1ef2ea88456c4983c86bff85128974635b9e31044c53544df078718eb","enumerated","F"
"docs/evidence/rc1.3/update-channels.png","documentation","True","168801","5ae36b71fad8cc5ed03bcc7e044080e847e529dafffbef3db4cfa6cde0cb6685","enumerated","F"
"docs/evidence/rc1.4-functional/adb-final-verify.log","documentation","True","102","2c77440e8312818c57de7ae57cd0b816fab982ff4e0e68c73e992d91b66b1586","enumerated","F"
"docs/evidence/rc1.4-functional/adb-no-response.json","documentation","True","280","fbbb8bbed8de7e5dbf0632d25f6d7816e06794d59925946cdec5b405c8e88a48","syntax-only","F"
"docs/evidence/rc1.4-functional/bridge-all.log","documentation","True","3700","f767f05d7ad57561a74441a2f763b09bc9991bc3e03a8ec3cd22ea1ffc7935ea","enumerated","F"
"docs/evidence/rc1.4-functional/cleanup.json","documentation","True","1336","bf444f1bc931416e3ee1d7ab343fe6fd0d1677617223d1f98ca078457a2d0868","syntax-only","F"
"docs/evidence/rc1.4-functional/configuration.log","documentation","True","133","17f916b4ebc025764a64c32bbf2141693ec082d85888814c7c4f2a091b6dc28b","enumerated","F"
"docs/evidence/rc1.4-functional/dark-320x640-font1.0-fragment_config.png","documentation","True","168467","ef46dc7274274d4d211b852fdbb6c19e7fdab6bb5cbff097a78440b419e56716","enumerated","F"
"docs/evidence/rc1.4-functional/diagnostic-pty-final.log","documentation","True","98","6db0616ea1105ed5db26e3bf878a742ec742aad040734f39d32b18cbd7605ad6","enumerated","F"
"docs/evidence/rc1.4-functional/diagnostic-pty-low.log","documentation","True","98","6db0616ea1105ed5db26e3bf878a742ec742aad040734f39d32b18cbd7605ad6","enumerated","F"
"docs/evidence/rc1.4-functional/fragment-session.json","documentation","True","718","d2c3966a0edf14002bfb4ee44d9ecc2f043f9c9a256020d7f7204c535b62ad40","syntax-only","F"
"docs/evidence/rc1.4-functional/gecko-live-final.log","documentation","True","108","1b82232e3b123ff7cf0fab21d951f8712352024252c331a0c62cc648d2f3267b","enumerated","F"
"docs/evidence/rc1.4-functional/gecko-live-run.log","documentation","True","319","5dd30fe09369ba43acf04f30e76a2411963e40a430d0377814fdd3dbcd5ce341","enumerated","F"
"docs/evidence/rc1.4-functional/gecko-live.png","documentation","True","68396","e4d280ccfcb90d47d3c99fe2f950a25b35f394713decf5cab39a37d482d3d70f","enumerated","F"
"docs/evidence/rc1.4-functional/install-full.log","documentation","True","652","d8000a8d0ba8e3024150443dcb55627deaecbbd3f8a7466869487ae5926a6daf","enumerated","F"
"docs/evidence/rc1.4-functional/layout-final.log","documentation","True","924","586cb360b45eb4b5374753b16e4e3c9f4c608295aa4321aaf8e41b63b8781fa3","enumerated","F"
"docs/evidence/rc1.4-functional/light-320x640-font1.0-fragment_config.png","documentation","True","163758","540faabdc61752a9088a4c5c90334d3cc6ceac9fb3ec345560141165f7810206","enumerated","F"
"docs/evidence/rc1.4-functional/low-elf.json","documentation","True","339","5695f6b68f164dce74d041770b4cc3afde4a9e96cc3d338b0acbdf25b24e5bd0","syntax-only","F"
"docs/evidence/rc1.4-functional/maintenance-all-final.log","documentation","True","1470","6e1e23f59bb979a8385d11fe809952bd8e3ef204837e3404bc2358f1535d650c","enumerated","F"
"docs/evidence/rc1.4-functional/maintenance-runtime.log","documentation","True","299","f8e464ddc1443b69eb4a42464d14eb1d93799a7a9fbd15212a290bc54524602a","enumerated","F"
"docs/evidence/rc1.4-functional/maintenance-stop-final.log","documentation","True","230","ed707bf74d44f738d2842a13597bce441ebd83c16bd51cc0f3cebdda93d76b77","enumerated","F"
"docs/evidence/rc1.4-functional/model-reply.png","documentation","True","148972","5a5074a29ed6042697b04654c245df85d35a6572fb07fb2cd0426efe3e8e808d","enumerated","F"
"docs/evidence/rc1.4-functional/proot-command-low.log","documentation","True","98","1c534506acb4411d3c8f84445ed9f5dc3f4e27a8b3ea39340a257b6c05cdff7d","enumerated","F"
"docs/evidence/rc1.4-functional/proot-command.log","documentation","True","98","1c534506acb4411d3c8f84445ed9f5dc3f4e27a8b3ea39340a257b6c05cdff7d","enumerated","F"
"docs/evidence/rc1.4-functional/release-build.log","documentation","True","11792","847bd5bb1a55d18ae4bd246601f2ba4a837a8ba62405b2d86f687cf7fe441e84","enumerated","F"
"docs/evidence/rc1.4-functional/release-verification.json","documentation","True","1145","f73fef448d85b40fab60680485ea4f79a0427d0d5e270a853c5ce47718024eb8","syntax-only","F"
"docs/evidence/rc1.4-functional/runtime-backup-final.log","documentation","True","600","5fd7648b46cdc3d1eebece733c7c5b331bc5865d205c3a06c69d0613fd79bdfe","enumerated","F"
"docs/evidence/rc1.4-functional/standard-elf.json","documentation","True","339","6914f53afee0f92a26f622b4da3bbc95553f0516222ec53efe054a9556480447","syntax-only","F"
"docs/evidence/rc1.4-functional/update-flow.log","documentation","True","79","434df58dc3f7dd35b24989dc687cc4f749eb8327baa02d833f879b58c609856e","enumerated","F"
"docs/evidence/rc1.4-functional/web-low.log","documentation","True","1454","fc39068c1235d0c1cd100aa1f08899a470a08f4152814381b54a7b195f2c975a","enumerated","F"
"docs/evidence/rc1.4-functional/web-standard.log","documentation","True","1452","291eb0985725c641355a2b6172d4e2216870cc222108988a3dffa8219f2af0a3","enumerated","F"
"docs/extract-startup-speed-2026-09-10.md","documentation","True","5777","07ae457b64b5ce7beae26ca0b8aef9b7b1725659b2471817cacdf4c42d1cb16f","enumerated","F"
"docs/functional-audit-rc1.4.md","documentation","True","14878","9aeae1d33a61e8618e3fbe9cc5601c082613c1e70cc0ebdeb65c0c68ce80b906","enumerated","F"
"docs/input-insets-fix-2026-09-09.md","documentation","True","4573","7f1fe7b06e4c8670d1de38591db99fd4f7a3eba5d190a14d2819af6b9e56243e","enumerated","F"
"docs/issue67-recovery.md","documentation","True","4267","796f9a410f284b8689259cf9b0f2e46a2b15031932de5db85e34aa9462309091","enumerated","F"
"docs/maintenance-rc1.4-verification.md","documentation","True","11268","d6829083e2db2f515f14daae7f13ea872e6d90f4b3a3f4b52fa3a2167fe176af","enumerated","F"
"docs/optimization-backup-verification.md","documentation","True","3917","e6f47c8701aedba6a99bfbad0c1fdb243fc4594365f94f4b959d3bb908317e1a","enumerated","F"
"docs/optimization-implementation.md","documentation","True","3988","1b6fe321c6eedd1c4aae68a10642506ce1296111abd68b236f5efe5fbe3e1e4d","enumerated","F"
"docs/optimization-runtime-verification.md","documentation","True","2394","a8ccf5e43e72e4163bfe33f57325e7626f2836e675922273538689a512b1f4cf","enumerated","F"
"docs/optimization-site-verification.md","documentation","True","2497","8de3a0eb46939ae7e5f7f5011833fa4f324a7883c89fc9b92855739e8cb13b24","enumerated","F"
"docs/optimization-transfer-verification.md","documentation","True","3931","d1d843b7904206004d0b49f8cdc7b106a56d98074cae4b7b211647286be802cb","enumerated","F"
"docs/optimization-web-verification.md","documentation","True","4090","c8e7f5f5decbe190ac8e9b49ea24ed97f8ee4512b756bd6fab5859b6adb68cba","enumerated","F"
"docs/picture-in-picture.md","documentation","True","4194","96984344cd9b14ff8264bedc26b3f41cedb164ae8770acc394c67d65e6b77396","enumerated","F"
"docs/pid-stop-fix-2026-09-10.md","documentation","True","3178","526c1a3560c88b0472a37c0b807713c734c7db837ec5fb98094d91bed8bbc0c5","enumerated","F"
"docs/plugin-download-npm-fix-2026-09-05.md","documentation","True","3090","96f5c357233ffe0ebec1bec41ed3e9daf396d00b81f71c01f711980f1bc1cfcf","enumerated","F"
"docs/plugin-layout-install-fix-2026-09-05.md","documentation","True","2186","ee49efa28cfc095f0d24ae1ab92863f29da979b9d065e8df2e19c46d98688224","enumerated","F"
"docs/plugins.md","documentation","True","5745","ff431107d5cd4ce48ee6b8f7916198df53b57e253af0fb23ced9a77444a3d576","enumerated","F"
"docs/proroot-experiment-plan.md","documentation","True","15380","b3c522a0e5c9dbb7f4416bc8407cf11da20e07cd13990f9f642fc34d2ed787f4","enumerated","F"
"docs/proroot-startup-fix-2026-09-09.md","documentation","True","6413","e294703ad3c189c1105b9ebec9cc5cd57f2d408789417d21964ffa2d90745184","enumerated","F"
"docs/rc1.3-implementation.md","documentation","True","1807","59cd2717a31f81ce0a8c85480da4948c74e6c9b5dd54bc7e6e3feb92685303db","enumerated","F"
"docs/release-rc1.2-2026-09-06.md","documentation","True","2458","55fc1aa09814c8e66f304cc3677390f6619ce9afcb1ad71cf052b7ac350e6bcc","enumerated","F"
"docs/release-rc1.3-2026-09-07.md","documentation","True","6080","0da1afdc6dafe5dfc33bd6721f3a17a4c08b561cb4cdc28a6235ce78db5cf9e9","enumerated","F"
"docs/release-rc1.4-2026-09-07.md","documentation","True","5466","f322a769b15f658b2ae4cbd015e358016757b603ce6c13023ad806bd8efeb044","enumerated","F"
"docs/releases/v0.1.5-rc1-notes.md","documentation","True","6766","1b9403a41edb23c0c5317a631700b0b5a879afc82e12b5a43ba3f48a910bcaa8","enumerated","F"
"docs/releases/v0.1.5-rc1.1.md","documentation","True","17928","56f4a99f4cdada224098c876dcd723f417b213b1e6beaa3932e2890bfe0053b9","enumerated","F"
"docs/releases/v0.1.5-rc1.md","documentation","True","8785","b8ae7cdaaef16957a359c87ef14c3280c9ebe320a2e2fcbe5eb8a3b7efc478d7","enumerated","F"
"docs/releases/v0.1.5-rc2-build121.md","documentation","True","4991","783e73b648fd262c2ae524bcd7bdd8639442e34ae3aa9440c408b232f20e5039","enumerated","F"
"docs/releases/v0.1.5-rc2-build122.md","documentation","True","5699","c93fa8cd810014eb3a50167c1adca179ca21641d47f41ef8a860adaafefa74b1","enumerated","F"
"docs/releases/v0.1.5-rc2-build123.md","documentation","True","3892","806842ebd4b59131d13f06d79dc621e0f3b45178d66824a891894c1d4264f57e","enumerated","F"
"docs/releases/v0.1.5-rc2-build124.md","documentation","True","5601","2b87f572d25b338477ead5e68006643e9c1c48053f05a3e9ea17e479a72d8382","enumerated","F"
"docs/releases/v0.1.5-rc2-build125.md","documentation","True","6038","04307d9266f423158850f80a29a096558d503ba428d962859202ab9b1c12f4f8","enumerated","F"
"docs/releases/v0.1.5-rc2-build126.md","documentation","True","4444","0312634ab07776f706d1e973683078df26774db15e97739ff5431e6ef8c1b8db","enumerated","F"
"docs/releases/v0.1.5-rc2-build127.md","documentation","True","2913","5968396b5b938553bac62c1e0556d8eea245175fbcae9216f07896542d841ee9","enumerated","F"
"docs/releases/v0.1.5-rc2-build128.md","documentation","True","4610","9eef7c7185a76f6abd6bada2992f455b49b3fbad840d19dbe6933946b533e1a2","enumerated","F"
"docs/releases/v0.1.5-rc2-build129.md","documentation","True","4467","0c716a5502c0335722539b80c66753e32a72a9a295a295c2eff58c3bc9bf8e7e","enumerated","F"
"docs/releases/v0.1.5-rc2-notes.md","documentation","True","9100","2643940b5418af1db8d28a33f905eb58e3a311af9cfa56af0379fd7fddf1738b","enumerated","F"
"docs/releases/v0.1.5-rc2.1-build130.md","documentation","True","4508","11a30f8113001492239680d59209bb1c47ea6961cfbcf5d1589e4c14141870da","enumerated","F"
"docs/releases/v0.1.5-rc2.1-build131.md","documentation","True","3088","7a33c922369ef1ade7e67c0fa6c3c6d131432d5c9298cfc893afc77c7ac144df","enumerated","F"
"docs/releases/v0.1.5-rc2.md","documentation","True","471","ee777ba35b038d92677edeed01d255e14a47d9a6e311f330a8f05f9b1af30d36","enumerated","F"
"docs/releases/v0.1.6-alpha1-build132.md","documentation","True","8086","a1a090ae239678ba8058f533ab3c858543305bb9ca13ad427a3d4564dce8425c","enumerated","F"
"docs/releases/v0.1.6-alpha1-build134.md","documentation","True","7508","a98a467d6caebe0dc9c7410f5d59bf27ac7c496972d979f26a682da33ca9ad8b","enumerated","F"
"docs/releases/v0.1.6-alpha1-build135.md","documentation","True","10426","cef75d1f6ac7d51dc6c59521d91fbfeb058af2a1b1668a5ce4c6a0b86f1e7839","enumerated","F"
"docs/releases/v0.1.6-alpha1-device-acceptance.md","documentation","True","6572","e35707231f7674374cbad5debdc53f4a604197a7a472bd2364c313f70cb34b59","enumerated","F"
"docs/releases/v0.1.6-alpha1-plan.md","documentation","True","3717","edefce190c99da869bcfce070ea13d044624eec93011b16f1760ef1723d432a9","enumerated","F"
"docs/releases/v0.1.6-alpha1-ui-build133.md","documentation","True","4437","2522524c3b90bd76926288804c47f0507856f92b3658c51908631e81a1a3ac41","enumerated","F"
"docs/releases/v0.1.6-alpha2-build136.md","documentation","True","6790","e3d5ebe866b44a72b5a06e48b74c48bf81fe90ff0cecc5568115ed3fa8e085dd","enumerated","F"
"docs/releases/v0.1.6-alpha2-build137.md","documentation","True","4307","2327e1395b6d8985ece96a4fb16567fb2ea4b04431446155a52df6250309dc0b","enumerated","F"
"docs/releases/v0.1.6-alpha2-build140.md","documentation","True","4399","8a3d4ee8f106363a4dccbb47895ee5c19e49af1ef1ab1d8a6f69bbf5c1a50a14","enumerated","F"
"docs/releases/v0.1.6-alpha2-build141.md","documentation","True","13555","bfc415ed267fd9242ca5df63a02f890e09e2b5798d0fb1ec0167bdf0a93077c1","enumerated","F"
"docs/releases/v0.1.6-alpha2.1-build142.md","documentation","True","4057","954e034d5438b3ca49a0b9877e3c145a363ac9780908f6ba5797cbedfeff8cd4","enumerated","F"
"docs/releases/v0.1.7-alpha1-build143.md","documentation","True","1119","a164acf5dd9b5ae977baed68f0b65911692660dbf71875f4a4e558bff137a12d","enumerated","F"
"docs/releases/v0.1.7-alpha2-pre-release.md","documentation","True","3812","625d0c8702adb9b3594cc94b6db62838dfef9d79f273287897e98ad7b3bf9ec9","enumerated","F"
"docs/releases/v0.1.7-rc1-build146.md","documentation","True","5066","f09070e7545df0df4639f6ab9c97d3f4274e86125865a1958a79efde341c1966","enumerated","F"
"docs/releases/v0.1.7-rc2-apk-size.md","documentation","False","6706","6581e3091405d9d5a134b802360cb30ea0bc976969868c7305bc7d9038080198","enumerated","F"
"docs/releases/v0.1.7-rc2-build147.md","documentation","True","4889","1c400b484ee47a5397f18cbfdf31d50b6ef00fbaf04956dcf49418fa69835919","enumerated","F"
"docs/releases/v0.1.7-rc2-emergency-recovery.md","documentation","False","10900","139a8f9c4f1401769c7d77fd8ded4be9b874c6adaea896e8aef6db008026a8d4","enumerated","F"
"docs/releases/v0.1.7-rc2-maintenance-fix.md","documentation","True","3313","8ab32818bbd1e4b6961cdf577e57e628165520dbd9fd65f9f91c3d55752acc6c","enumerated","F"
"docs/releases/v0.1.7-rc2-microphone.md","documentation","False","3673","6a662b6b3e059e7f4fb45635dbe9e6e0282a483461c4fd9f7ab3bf7ceab9ade9","enumerated","F"
"docs/releases/v0.1.7-rc2-web-identity-recovery.md","documentation","False","5148","20325377200f790f8607434008ddcfa487ce960695ec32f0ad50c34ce57a66ab","enumerated","F"
"docs/releases/v0.1.7-rc2-web-mobile-3.0.3.md","documentation","True","2610","b69ffba43098e8bcf2e83711a5d3e603578662dfd8ca6f2616d329f47879c9be","enumerated","F"
"docs/releases/v1.2.0-rc1.2.md","documentation","True","6506","145b1eb77d0bb0551544198674b282c57a52a4254a0edfbbf0ee91805d4496f0","enumerated","F"
"docs/releases/v1.2.0-rc1.3-notes.txt","documentation","True","1221","1f750cb5967c9d8e9ca79278cff607adbff9f635908ffed6dd2efd707fbd89d8","enumerated","F"
"docs/releases/v1.2.0-rc1.3.md","documentation","True","3339","9e681da30ab9d8b2a114b79cde823c4d7f81516875fd0c178e7b3f65164b7987","enumerated","F"
"docs/releases/v1.2.0-rc1.4-notes.txt","documentation","True","2060","1f60d4820577cd9da8a377824a53f783d2988da4c52a6386a0f58b3f4b8525fc","enumerated","F"
"docs/releases/v1.2.0-rc1.4.md","documentation","True","3651","a7cef59688ea332efedd0150970e654514cf8314bacf8cff0bb4837a5db0aea7","enumerated","F"
"docs/releases/v1.5-alpha.1.md","documentation","True","6377","3f919c295ef690e3390304fbfc5a3758c6e83d9c1c126e338beaffc916ce4ec5","enumerated","F"
"docs/releases/v1.5-alpha.2.md","documentation","True","2915","6de092976aa84aad74bac57aee74097071226fca3a699d13c7eb7adf7b77f001","enumerated","F"
"docs/ROADMAP.md","documentation","True","10112","f9d9b81745dad9160334b7105e698857e21a3e57aa1638a803c9a506e8529564","enumerated","F"
"docs/security-model.en.md","documentation","True","11610","eb12fd37c1c5c5299991ce23b061c90b17a098df0ed9bfa60ef51bb25f807b41","enumerated","F"
"docs/security-model.md","documentation","True","14355","03d65552bea8d60ed35a74f231f07a8da70e5f27b8c462682dec2ea55a17b916","deep-read","F"
"docs/stability-acceptance.md","documentation","True","19834","5d50ee7336da651fcc466ab1edd90b340326a829daf98a52b5b3870b60578cc4","enumerated","F"
"docs/star-history-dark.svg","documentation","True","3497","9f3c0a16e08e78819678f398121ee2ad520736730bbdf0034759b1eb1e7f0476","enumerated","F"
"docs/star-history.json","documentation","True","2295","53b5c88e273566637dec12d11d724c355fb50c0ab074b060534ebb3b587a9581","syntax-only","F"
"docs/star-history.svg","documentation","True","3496","63e9eb25fa5f1ca370f0fd261e65c080dca6f3383deab606c55c894969ebdae3","enumerated","F"
"docs/startup-diagnostics-2026-09-10.md","documentation","True","5228","5d9f43925d6b33e15101c842fe2a1c14bee4d9d6404e3e81c910a29aba051cde","enumerated","F"
"docs/terminal-process-reaping-handoff.md","documentation","True","6501","4a3780b9405900264c9b3a36364d585b6b487990c0888015946dda65fc0dc7a0","enumerated","F"
"docs/theme-rc1.4-verification.md","documentation","True","3618","6d540d9c4e42ec3276d72fbd59c02cfafdc9ec1cf5b37a8c125860957e5b7024","enumerated","F"
"docs/theme-toolbar-only-rc1.4.md","documentation","True","1587","ad049de4cd5d41532c02023ec659560a3bb3d7ab74169bff3f1c97729d07494c","enumerated","F"
"docs/ui-interactions-logs-2026-09-09.md","documentation","True","4712","717730e0828211111d1e672efb1bcbe9bb1d218d1a26a70650efc9ac093d9100","enumerated","F"
"docs/ui-layout-plan-rc1.4.md","documentation","True","2081","a5f6f4361bd9e3bcfbf9b6e430c9743edbfc03f912d08b4579c07797e88919fe","enumerated","F"
"docs/ui-layout-rc1.4-verification.md","documentation","True","3735","88ce168ff47ddce05c2f499e0327c27c775736ae4463246a12cd92ddcc932400","enumerated","F"
"docs/update-flow-rc1.4-verification.md","documentation","True","11105","be2a211158762698868f86626e3d32f9545148a5ed63c92a9994c20c337b5282","enumerated","F"
"docs/upgrade-dsh-0.1.5-alpha.1.md","documentation","True","6283","fbb138f25492d3350e752aa53b936874820ea39eb23c79835f8fb72708c57247","enumerated","F"
"docs/upgrade-dsh-0.1.5-alpha.2.md","documentation","True","7141","9e61d0df494e67a19ad8edd09759054f7f945e0088350565e305f81807563ffb","enumerated","F"
"gradle.properties","root-or-preview","True","179","8460e3e359eff76ea3f8294fad3692e944bffe46216b9943551fb5c71870bafa","enumerated","F"
"gradle/wrapper/gradle-wrapper.jar","build-config","True","46175","b3a875ddc1f044746e1b1a55f645584505f4a10438c1afea9f15e92a7c42ec13","enumerated","F"
"gradle/wrapper/gradle-wrapper.properties","build-config","True","339","1e3d87ddfd70069f68afa0c9ddcaab26913c3baf3d809447b0362d2d49f57325","enumerated","F"
"gradlew","build-config","True","8618","fb68debc1b1acf8ec55dc0d5e5495e1dedd0bd6b61f304bee61613eeb2bd9b92","enumerated","cross"
"gradlew.bat","root-or-preview","True","2896","fedad02c18e266ec094995a5751b7fe1eb6e74f66bf75db64fae2e50eb22c234","enumerated","cross"
"LICENSE","documentation","True","1074","e0ddc2f4a383d900a26e3148a19c256e9dbe06585a274307509e9714636be0b1","enumerated","cross"
"python-runtime.tgz","binary-asset","False","17402386","6d2f7d54164b0beda68f128079adcde7bab855bb8a9d7a390bca94ee30ef2639","metadata-and-hash-if-small","cross"
"README.en.md","root-or-preview","True","29933","560a9955d3b5538a3cd8f2378f33c040b710d9c34422c52ea6394329096c30cc","enumerated","cross"
"README.md","root-or-preview","True","28010","95fee33957f1213bf5e64fe925b4fb1ac730278f783bfc72cf012afd5be80db7","deep-read","cross"
"scr_backup.png","historical-or-binary","False","284118","edb301da050bfe322fd1c679da140da647ab0ad50cfa4ab44c94aadc02de3558","enumerated","cross"
"scripts/ci-make-offline-bundle.sh","tool-or-website-source","True","7281","1d906b85fbbdf4599f5305f499bf8b624e5b8cbc413cec87dad56746b1cf3f9f","syntax-only","F"
"scripts/ci/android-build.yml","tool-or-website-source","True","3207","750a938ccd414d1e6f232b3b228a6863c4090d9313b35697b9c9df3fed556b3d","enumerated","F"
"scripts/fix-corrupt-session.py","tool-or-website-source","True","4112","88e65b88cd083af7867971201e1cd3ebc9eb0eccad70ab2b973d4238d603c264","syntax-only","F"
"scripts/generate-update-fixtures.py","tool-or-website-source","True","3301","b41db6c371e70ddab1d114031a4046cddd701be3debb4032c60b7b35e03b3f68","syntax-only","F"
"scripts/make-offline-bundle.sh","tool-or-website-source","True","591","cb1983421bc3b067da3a5b264ff52735df22e442fa7b028b35acefbc2a9459e9","syntax-only","F"
"scripts/offline-provision.sh","tool-or-website-source","True","2619","7d9805cf44270e43bd5fc371ddcc86b4ea992e319fc16ee9c3c1f47a87228692","syntax-only","F"
"scripts/prepare-dsh-alpha-runtime.sh","tool-or-website-source","True","10364","2e1dd857cca254fa8ddea1c594344fa7f937b7a9db0fdcc06d49cc158a86610d","syntax-only","F"
"scripts/provision-builtin-plugins.sh","tool-or-website-source","True","9068","f4dae923012b25c4061aa773c814195b78f41bac744f51a5a05fb415914cf50f","syntax-only","F"
"scripts/test-plugin-manager.py","test-or-gate","True","26531","b00d1d128ffd526d3c636fd0e059c70f82cf853fb097908d6328a373973f37f5","syntax-only","F"
"scripts/test-release-manifest.py","test-or-gate","True","2570","ded95e04517ed96e7e34bd8a800d255d9fd0bdc6ad853b54d4b9a943b5309af2","syntax-only","F"
"settings.gradle","root-or-preview","True","639","fc2088bfe4d720d161016032982f0b614a70c03b9a875475fb4ef2bc12235351","deep-read","F"
"THIRD_PARTY_NOTICES.md","documentation","True","9695","545e69ad105cf90719f8d603926464ba89f3e7c9e6a9e0494d104b6f9906f77e","enumerated","cross"
"tools/aidl-stub/com/deepseekharness/app/IShellService.java","tool-or-website-source","True","4141","b14bc4ef2efb241ddd5162f9a5f3de8779c9d6eb980510f9d1795ff26e2cf61e","enumerated","cross"
"tools/aidl-stub/README.md","tool-or-website-source","True","1575","8f77a799fbbfb103c293b06f6a041d7169046757793fdcf0bac4175f2d71d427","enumerated","cross"
"tools/apply-mobile-client-patches.mjs","tool-or-website-source","False","6628","ffc838f9f006d60d055a6ae3263468a938d19e9e87bc42124c7eb4c674696902","deep-read","E"
"tools/audit-standard-apk.py","tool-or-website-source","True","7949","41b20ab3119cee52ae880ea694909be07aec0a2533ae5fffd0d7eb71f9351f83","syntax-only","F"
"tools/backup-dependencies.lock.json","tool-or-website-source","True","757","6f21aa5fd867653c8a63c023265ac7c18d81aad348949bec92b42cc55ffa384e","syntax-only","B"
"tools/build-dsh-runtime.py","tool-or-website-source","True","38755","f15e89ceef0b00c6930146301d0417e34fef5118ffafac9239a7b64d0b6d2341","deep-read","F"
"tools/build-low-proot.py","tool-or-website-source","True","6207","40bffd6a99e7fd5abef38570559d627095e4258f63b063ccd0d6ad889d5112d7","syntax-only","cross"
"tools/build-standard-runtime.py","tool-or-website-source","True","4975","f5d1106fc70eba055428a51383501b5dddccc5cb61f32d88410134ba721b1cf9","syntax-only","cross"
"tools/control-adb-flow-audit.py","tool-or-website-source","True","6666","5a638ceecd60fb4760c0574f32067346ef99ac186630a58e4b16fd4464a5e4c5","syntax-only","cross"
"tools/control-functional-audit.py","tool-or-website-source","True","1788","92965eb1b339d81b028307880ca208acbd86f0b2b7c0e1529ff85522eda2a691","syntax-only","cross"
"tools/device-backup-audit.init.gradle","tool-or-website-source","True","5849","2282eb856cc737563c2168f8ffd3fb8824a3774e7085cfb4a77ed7c5aff9e36b","enumerated","C"
"tools/device-policy-device-audit.py","tool-or-website-source","True","10960","f5a8fc3ee29600bf9f8ce28cdbddbe5dfd8f427a7bd8f9602f6ccf78515d30a8","syntax-only","C"
"tools/device-startup-diagnostics.py","tool-or-website-source","True","3918","98143bf2eff170890f45db054aab01976a32f5f42c503e15c10573fd4268eb88","syntax-only","C"
"tools/device-startup-performance.py","tool-or-website-source","True","4928","69022ec09ec44c734d6c3114bd59637c13f14671c40e4bbdcf19611d39cadc01","syntax-only","C"
"tools/dns-compat-fixture.c","tool-or-website-source","True","1432","78a16156cdf473972ba3954a54b5be1aeaf048012842cd027e38f30566c5ddab","enumerated","cross"
"tools/dsh-runtime/package-lock.json","tool-or-website-source","True","416485","47cbce895098dcf0e108658c832e71ee7583435197710c91ff492ae88a4dfe64","syntax-only","E"
"tools/dsh-runtime/package.json","tool-or-website-source","True","7065","35107c3f644fe3deffe27d96d3d70ce6fafa9d05a8776318633523a93b69bed3","syntax-only","E"
"tools/fixtures/sessions/provenance.json","tool-or-website-source","False","382","9dd6da91a105694d028e381369cdf9307dd63c3789c0402cd9a80dc836bb0fc4","syntax-only","cross"
"tools/fixtures/sessions/released-v0-real-shapes.jsonl","tool-or-website-source","False","4143","79f44919a664f867c22d91eb42f97b3de1c88df1a66bd79c0aa3945926873668","enumerated","cross"
"tools/gen-star-history.py","tool-or-website-source","True","8059","9d96d0bcf2e06ed1d7552b22226a9d4bbea43864cb26783151c1003f5ea0b674","syntax-only","cross"
"tools/generate-backup-vector.mjs","tool-or-website-source","True","1731","1a507e981eb1b84414f177c769759072a797125ddfac403db49280997d1c2216","syntax-only","cross"
"tools/generate-release-manifest.py","tool-or-website-source","True","7128","fd74f521f9fb87fcbd78a5620827140fd4e292c3f945e2a6b721e6574fa0b927","syntax-only","cross"
"tools/i18n/messages.json","tool-or-website-source","True","785004","e6d1a83271d9abb284ce04e17cfe7aac6cc5ca9a2c26acbf4b9d18ece94366a6","syntax-only","cross"
"tools/inject-arm64-natives.py","tool-or-website-source","True","4080","8f9af620e97b7c9ec0d068c1fa6f6780807faaca17eab538c45b603cf37cd592","syntax-only","cross"
"tools/localize-android-ui.py","tool-or-website-source","True","7000","6efc01d16dfdcb31d571cf6cc4feb6e5190673b61bd5cb3e1a72e772649bcaf5","syntax-only","cross"
"tools/measure-rc1-sidebar.mjs","tool-or-website-source","True","3367","29f6c185796264f21ed3232bc32c584a3a3e14ec86ab5b37c3478ccb5e978599","syntax-only","cross"
"tools/measure-stability-device.py","tool-or-website-source","True","3576","5171d35d9d7aac651b930a06d6caaee16b086c223c9f6b1a28acf8a59ca73310","syntax-only","cross"
"tools/mobile-shortcut-guard.js","tool-or-website-source","False","3443","8f07810b3209cd64aea8e41c8c1ea5866cb7eb4cf42be08077adc82c104cd1a6","deep-read","cross"
"tools/native-session/build.ps1","tool-or-website-source","True","941","ead15e76a6454ccffd43d5b6005dfe2dd79ee45bfef463827de34fad59813ef0","syntax-only","cross"
"tools/native-session/session-launcher.c","tool-or-website-source","True","477","7639826657f031da7c1b8fef42ddfeea911fcde02d8f21f4c388e8818203b463","enumerated","cross"
"tools/overlay-bridge-test.mjs","tool-or-website-source","True","3947","fb6aef6be3c2924cc68371cef5d833651f1bd071d4295e5beaca207f4c26658a","syntax-only","cross"
"tools/prepare-app-icon.py","tool-or-website-source","True","1201","efa44abdbc8c69c567cba4af507775e003e146bf6d65a6bd4d539e75315484ac","syntax-only","F"
"tools/prepare-backup-assets.py","tool-or-website-source","True","1565","9a47521d4178a621890f85c95bbf2eb42feec20b3378807890a52435219f9f01","deep-read","F"
"tools/prepare-dsh-runtime.py","tool-or-website-source","True","2053","0f0c6fea4f9fb8e4d665b16842958f36f67fcb6bf9d0bd98b5d09518dd891804","syntax-only","F"
"tools/prepare-recovery-assets.py","tool-or-website-source","False","7375","31809e37a9afe0d1fa5817475ff510acb2a021d21c8d51ce21a7608620141dff","deep-read","F"
"tools/prepare-runtime-descriptor.py","tool-or-website-source","True","3887","9d1978d265a569761eed9494178032a738bef1c0cec6cc7b8fa19d673a821cc4","deep-read","F"
"tools/prepare-standard-assets.py","tool-or-website-source","True","14155","fd58cdaf2408c7d360d6943ad6dd670289ed2324c51585fcdfb43c97e9612b65","deep-read","F"
"tools/prepare-test-runtime.py","tool-or-website-source","True","6817","f6fbf185c1f9904a99c422c9b7ab49bcb521c320fbf4c443a332ea25f6624b75","syntax-only","F"
"tools/prepare-ubuntu-tools.py","tool-or-website-source","True","4013","4f36f206280bcc92a2868ee1914ec97ec9ff922245a29ed9fdeea853f40fb88c","syntax-only","F"
"tools/prepare-ui-languages.py","tool-or-website-source","True","2404","569f43452bb2550440a38ad19542a0020e81bee9dbd65a361bcc35536e041ee1","syntax-only","F"
"tools/prepare-web-compat.mjs","tool-or-website-source","True","1582","4db35b342d1e829c7a0fe7fb90b6992e1e3d50f15a58b32477706adeadf29d40","syntax-only","F"
"tools/rc1-browser-fixture.mjs","tool-or-website-source","True","3879","9dbc2c0a7bb831bb42d5e0032519db46c8e8b6179986b2fc5ff7bdc824425dd4","syntax-only","cross"
"tools/rebuild-dsh.py","tool-or-website-source","True","5416","5c8d25a8e06659096404634d332dcbe17ac2580e917bd75273c0ed5504e9c629","syntax-only","cross"
"tools/recovery_apk_assets.py","tool-or-website-source","False","1880","d314c730d9dc57cb8b70d9b618ccb069b21ffdc95d3256310d8a94f159af467e","syntax-only","cross"
"tools/recovery-runtime/lock.json","tool-or-website-source","False","488","db3ca071b299931d1c5ac78db53dd5e300a8a18551de341a73691c6c2a9ec356","syntax-only","cross"
"tools/recovery-runtime/README.md","tool-or-website-source","False","1395","b0b062b51ebfd702a547da1be408146f17aa0bee9939966935d373c535ff8ce8","enumerated","cross"
"tools/run-backup-device-audit.py","tool-or-website-source","True","7381","433f7721c7497dbedbaccfad0cd171ad4645458e84f67885139bc832a6398afe","syntax-only","cross"
"tools/run-unit-tests.py","tool-or-website-source","True","9866","1dacf632a4865aaed1c00890877424c08642f2fa1d7b3a7a67c3ea85a8a6c41b","syntax-only","cross"
"tools/smoke-dsh-runtime.mjs","tool-or-website-source","True","21803","2abb72bd708e3596871604d328c583eec1425173446edce22dc32d167ecbac58","syntax-only","E"
"tools/TarRepro.java","tool-or-website-source","True","5258","a01874d60e6f4879244c0959c88a50503278a15fb58c218d2d394450d4468ce1","enumerated","cross"
"tools/termux-jni/build.ps1","tool-or-website-source","True","7811","259b5f77bfe0d744894b33bcda122edc2f0929e127fea28666991e3dd9c2e002","deep-read","cross"
"tools/termux-jni/dsha-process.c","tool-or-website-source","True","425","38dc57e07c50b6a789c41d881e5aef302f4e0756409f8dae9a7426f4f4e9f452","deep-read","cross"
"tools/termux-jni/dsha-pty.c","tool-or-website-source","True","2937","0e6831f187b0e8c7c7c5b154dfac3a1d88cabf3ac5305b10746af457f04d7ebc","deep-read","cross"
"tools/termux-jni/dsha-pty.h","tool-or-website-source","True","168","5d4ea133eb6c51ec960f0a352dea0f34679fe2d594c7d7b8aefa97105914aeea","enumerated","cross"
"tools/termux-jni/LICENSE-2.0.txt","tool-or-website-source","True","11358","cfc7749b96f63bd31c3c42b5c471bf756814053e847c10f3eb003417bc523d30","enumerated","cross"
"tools/termux-jni/LICENSE.upstream.md","tool-or-website-source","True","533","a8992ad867b1b4ea442693acb2e1ee829a814758e79a099bd8243a04ae383304","enumerated","cross"
"tools/termux-jni/README.md","tool-or-website-source","True","3547","c29a880a9d7014d58b125bd57e6f7a52a4bae4bda64e76dd22a2819382f521ca","enumerated","cross"
"tools/termux-jni/termux.c","tool-or-website-source","True","7218","729112f2e66cdddb7e7311ddf8a89ad54037a54bddbf4d5291f2e1fff5b97373","enumerated","cross"
"tools/test_runtime_fixture.py","tool-or-website-source","True","1823","f397b83cdbe57fce717d52e298446d3cc38d69588745b468efb23ef84230a608","syntax-only","cross"
"tools/test-adb-flow-audit.py","test-or-gate","True","4644","a4f2faa9d47defd6b9f6802852e3c938180a5487c2ddf89c1caa64de9e0de92d","syntax-only","cross"
"tools/test-adb-flow.py","test-or-gate","True","19370","816f246d2a75263210b3d229680041260ec4badce2ec3da47f12f6de17708e5c","syntax-only","cross"
"tools/test-agent-preset-switch.mjs","test-or-gate","True","6401","ae7be7a37984487351cda5ee47d07606c0ff525c544b5c8e15325799aaf32a41","syntax-only","cross"
"tools/test-alpha1-startup.mjs","test-or-gate","True","1995","5049709b1857b5fca0075925dd8cef39080448152dbf6f0ff3fa9656f8926974","syntax-only","cross"
"tools/test-alpha2-upgrade.mjs","test-or-gate","True","14478","7faa6e155a6ce1e52331485274945cf307f2de38bb553564457f1c73cda14924","syntax-only","cross"
"tools/test-android-computer-use.mjs","test-or-gate","True","3442","3d372e3dd64ca35baa1279d82bb7934c2a681c850be00481b4a129e9bf7a774a","syntax-only","cross"
"tools/test-app-activity.mjs","test-or-gate","True","2280","1bd9bf1537875c6fbb1aea95c991ff204ae80b6f42fb2c71c10d93555f20f656","syntax-only","cross"
"tools/test-attachment-store.mjs","test-or-gate","True","4015","ec9a308912eb6f7aff6e4ded5621206fffdf498e08573f890cd96c6da57d95dd","syntax-only","cross"
"tools/test-backup-device.py","test-or-gate","True","2889","22e493dfd991df623e09089487c171d21c60085750adf304946b0f308809e0a1","syntax-only","cross"
"tools/test-backup-engine.py","test-or-gate","True","45427","51a0c31d608b4a2e9a3883d26288826a3634b459d8ca1cff679d45046feee81a","syntax-only","cross"
"tools/test-bridge-logic.ps1","test-or-gate","True","1532","f29c3be2400bd533c58337d71a05e0cbcbd705b5197014b6a5029836751dfd6d","syntax-only","cross"
"tools/test-bridge-routes.py","test-or-gate","True","6856","44125d885fbffa3cb734ee3769e23a1d4e5ab8bd3568285da228571c62725115","syntax-only","cross"
"tools/test-browser-compat.mjs","test-or-gate","True","3034","bdf78717e111f821fd9b1523f7bb8ee46ce52fe17c46243c67eadc8a0924e656","syntax-only","cross"
"tools/test-chat-render-performance.mjs","test-or-gate","True","3017","a8286256e81441f7f25d3e09b1131a22bb19c6c5ed27501e17a8d0a05a26a545","syntax-only","cross"
"tools/test-client-combo-cache.mjs","test-or-gate","True","5321","ad953b1b6d254cdd0a8fc797e18f3cd3c4c6db7ce2ebd6c5b7133725032ccc8f","syntax-only","cross"
"tools/test-composer-enter.mjs","test-or-gate","True","3908","0a0748fdfa89963b2d20c0d45a64bae3510202b1e2eebd00c54b27b040124b38","syntax-only","cross"
"tools/test-conversation-materialized.mjs","test-or-gate","True","2070","09bcf469730b6b0aa114c8ca567a64cab8953ccb2c71fc874d2946727ded9503","syntax-only","cross"
"tools/test-deepseek-messages-compat.mjs","test-or-gate","True","15203","cc16d216b900f50f747434f19462f097b6f94bb7729e95a7bea544486d6bf2e5","syntax-only","cross"
"tools/test-device-shell-policy.py","test-or-gate","True","8189","c20f0d63dae2044c9819a1ebb7386a7bf2f4623c2f6fdb713abc85beb2f9278d","syntax-only","cross"
"tools/test-dns-compat-device.mjs","test-or-gate","True","1448","038f3b90ba6c4cdc4e0030f11472bbbe7a42e38718eec9e3ac001b691b630a28","syntax-only","cross"
"tools/test-dns-compat.mjs","test-or-gate","True","4185","eaee9a0c18431aa5123287714b066d42c0ff64bf518115fdef638bbc601fb0e5","syntax-only","cross"
"tools/test-dsh-builtins.mjs","test-or-gate","True","2599","aa6e8260b98842eb46f8e1ab25a0ff2cf26f880d74e757ca54c3b9073fa4a131","syntax-only","cross"
"tools/test-dsh-sessions.mjs","test-or-gate","True","7898","c949fa6549cf8f66b47698e44ab167005d6abbcd375ad0de6e2b07a3388a99d3","syntax-only","cross"
"tools/test-dsha-ui-regressions.py","test-or-gate","True","15407","5b1e3b8570ce9135e00b9c0a344f6e0f7844c91ea57a8ad70c6d781774ad8996","syntax-only","cross"
"tools/test-environment-data.py","test-or-gate","True","11486","e5daca3937ebda5072df5ed6ba486cc4efbc09b1d1a1df0772ffd069d248e313","syntax-only","cross"
"tools/test-gecko-model-navigation.mjs","test-or-gate","True","1641","8fce7b499dbc640951a70d2a3163047936d45a505c344000e3bc892139d43d89","syntax-only","cross"
"tools/test-issue67-startup.mjs","test-or-gate","True","4728","a5acca25dc98f23387d655abfa2e94fcd96b0a6cb8bc12bd2ea7374400ce9e15","syntax-only","cross"
"tools/test-lexical-claim-compat.mjs","test-or-gate","True","1980","3d362ce68b4b4c371fcabc120851b6d5ba70e1bc89e406d4edec48d1d5212683","syntax-only","cross"
"tools/test-mobile-auth.mjs","test-or-gate","True","4277","c371c7654114c36bf63cd09e3c9f2e9c19de95a2406b0be23b9ec87447af2bc5","syntax-only","cross"
"tools/test-mobile-delete.mjs","test-or-gate","True","2416","825eb6df466ca18a3a53694d2d197e8a034b233e0568c864d91b2a322231e626","syntax-only","cross"
"tools/test-mobile-modal-behavior.mjs","test-or-gate","False","12971","fadd4449b34ae63db390df86ecd852729243a9ceff77a2fe422dc0a1231e887a","syntax-only","cross"
"tools/test-mobile-update.mjs","test-or-gate","True","4603","a7f1fef34d450c2acf822b66a7fa332fe4fcde6afb7f287440cac5eea43ce09f","syntax-only","cross"
"tools/test-native-plugin-manager.mjs","test-or-gate","True","8845","1a80d779fd57bb65ee1b42cfc4929fa13d2387eab085e3b586a4b34971f8fe66","syntax-only","E"
"tools/test-notification-actions.py","test-or-gate","True","1016","02ed8b06325c5ca4b5e440d313eca6608b9b77de48c864b637757e15fa29754b","syntax-only","cross"
"tools/test-office-fonts.mjs","test-or-gate","True","1418","ed0b4032a4d9cc69c462868828836a1295745780ccff1f4f862e9d922759fb2d","syntax-only","cross"
"tools/test-pdf-compat.mjs","test-or-gate","True","3175","519486557f7a2af187136f52726f14b94f767196a740c4be5c2fef5bd7ae77e8","syntax-only","cross"
"tools/test-plugin-dependencies.py","test-or-gate","True","11494","48179a58d890276b934d712d9e0eef872cb43a280e4b9d5d2e9501c67dbf3a3c","syntax-only","E"
"tools/test-plugin-discovery.py","test-or-gate","True","18012","5a91f5b53b1f81832d751ea3343b5f72be12525f818c29eb03cc17cd392c13f9","syntax-only","E"
"tools/test-plugin-review.py","test-or-gate","True","9874","4cd4e85cf6c51a7927c7ef5675ac0e66c5cb243e9d3ecbe8fb060f0631025003","syntax-only","E"
"tools/test-plugin-semver.cjs","test-or-gate","True","1414","43b4f4f29580e2ee7d0f2484d0f648cf0a87c2b7c17bb8732bc3d86fb57e1f08","syntax-only","E"
"tools/test-plugin-states.mjs","test-or-gate","True","3935","d8980d7aa8aa61fc9a6083c353d075726fb77dcb9ac5405a32d232be2112b5eb","syntax-only","E"
"tools/test-plugin-transactions.py","test-or-gate","True","9303","d588e81f554d7ebf88d755ce4ae079b46bf371dd3a111386ef54189e5a30ec39","syntax-only","E"
"tools/test-profile-settings-cli.mjs","test-or-gate","True","5701","fef6ec38d17076bbeb1e7ba8218a2f6032bc35ba2987080cfcd2b029eddd5b0b","syntax-only","cross"
"tools/test-profile-settings-review.mjs","test-or-gate","True","5927","5e96a20baf2e1bc35ac9b45b3981b0dfc989e61a5f5e813b9c6080a630ad06c6","syntax-only","cross"
"tools/test-rc1-browser-behavior.mjs","test-or-gate","True","3577","feb990f48357497dad37b34818d6e68c48fdb7cf61e06aff5b4eac053b0aced2","syntax-only","cross"
"tools/test-rc1-migration.py","test-or-gate","True","6720","f2dadf4e6812f68a52965f8c24a510e96be7b9aa58784b7d0ed51403c735f81f","syntax-only","E"
"tools/test-rc1-settings-migration.mjs","test-or-gate","True","6415","a67e18b2172e78a753dcd849a98327ec543692db1e44f9a066dbde84809b14b3","syntax-only","cross"
"tools/test-recovery-agent.mjs","test-or-gate","False","6936","100459787babe1e7e90c4638d0d55f4adb99ecf7dcf90093010d48f633e6d6f5","syntax-only","cross"
"tools/test-recovery-apk-assets.py","test-or-gate","False","3691","a43ba915a5ad20e742905d6bc3c4364ee8e7b4991c1eb64be5c94f87ad0f3d33","syntax-only","cross"
"tools/test-recovery-assets.py","test-or-gate","False","8798","8a67d3f9307deb41bc2f60d398d29ed998543e1ea974647d6b4fe78d375ff6de","syntax-only","cross"
"tools/test-recovery-profile-boot.mjs","test-or-gate","False","15906","88a291e59bff7c0b582eb5ee32bb86c5865bc30e07774fb9e5c9846a12f4edc7","syntax-only","cross"
"tools/test-restore-merge-plugins.py","test-or-gate","True","5517","5751e96bf896d05e5846e756d31fd529f31b4fda7fc950e3fd5c6cf36795251a","syntax-only","cross"
"tools/test-restore-merge-wsdir.py","test-or-gate","True","3451","4c884a94b13ea730aca444b9bfb5b579da614ca14fab025ff81a144299b60162","syntax-only","cross"
"tools/test-runtime-fixture.mjs","test-or-gate","True","2377","8b31272043f4a774b2c486b4f0428c0a651267fea06873e0c8e81f5eaa1a9050","syntax-only","cross"
"tools/test-runtime-publish.mjs","test-or-gate","True","4102","18e79f165a412d4d8605e549a8d3b66f20988f053029d37c828e1e1116d7f92d","syntax-only","cross"
"tools/test-runtime-trial.mjs","test-or-gate","True","12290","be35c77e05f4a0bae2c72cd7a5756f04f35c1b3045fdb4584cb0ac6022fd501c","syntax-only","cross"
"tools/test-session-interaction.mjs","test-or-gate","True","4423","7483be2c4a958fe66a5d02712c3ed384a1103e36bfdd0db387e7ee7ea54eb6b5","syntax-only","cross"
"tools/test-startup-checkpoints.py","test-or-gate","True","5867","eddcf4ca15993c0d0ffcd560468abe60c3e9fb427ffb45798ad7171f3f0508a8","syntax-only","cross"
"tools/test-startup-diagnostics.mjs","test-or-gate","True","5177","e86326046376be550b35638b5760a66c449852e25a6bef1e8adc1796780050c0","syntax-only","cross"
"tools/test-startup-recovery.py","test-or-gate","True","6810","6b34d1ced1033c58e7ba53ddfa7827ff61fd0949d6c2e9376f536344824b9b15","syntax-only","cross"
"tools/test-storage-json-proroot-dirent.mjs","test-or-gate","True","9583","313e08f519539314f3a8ec6e99b1a8511e40a269e7d69a856ad2fa6c236ccb07","syntax-only","cross"
"tools/test-subagent-touch.mjs","test-or-gate","True","3857","e27e5ffc42f5bd6e008587cafcd5533343af3f445f8e5b3e4f255c183118e7a2","syntax-only","cross"
"tools/test-tooltips.mjs","test-or-gate","True","6688","f2840891b3deaea4b1940df49e405f7fb1056ec10fc0ab95b0c49900843ba59c","syntax-only","cross"
"tools/test-ui-colors.py","test-or-gate","True","2073","dcf04cfae130c39fef5bcec9175a3238d5125ecfac6441922ea42065e36a4a57","syntax-only","cross"
"tools/test-ui-language.mjs","test-or-gate","True","2641","c8f7a190c7e9cec70408f0c3ed6da19c2dc6645e8f345cb22578a999925339eb","syntax-only","cross"
"tools/test-update-flow.ps1","test-or-gate","True","2948","6e64c07b48b913df801f33e05c1db852fcc5f1b3686c8647a7d095bdde0abacb","syntax-only","cross"
"tools/test-update-process.py","test-or-gate","True","4201","a41a54b471f843a91e9f0489a4d2390e8086dd5920b27005c8e87ef532438031","syntax-only","cross"
"tools/test-vscreen.mjs","test-or-gate","True","1432","28bb243245421c04ee8cbb6190459ea3eb04375ba6870e7a7042e337aff454bb","syntax-only","cross"
"tools/test-web-compat.mjs","test-or-gate","True","6892","7d33110302415ab221a4bc90fc56376c6946557c4c5d219eccc53228bd95e441","syntax-only","cross"
"tools/test-web-drafts.mjs","test-or-gate","True","6921","26edfa8c71db98faa9da46258fd83dbf98dc78c0cbc8177aa235ba08692af1f0","syntax-only","cross"
"tools/test-workflow-compat-alias.mjs","test-or-gate","True","1107","05c8e3745915739c77e5aeb9e343c8c56227ff4183605ddf3f1231a4993bfe08","syntax-only","cross"
"tools/ubuntu-tools/packages.lock.json","tool-or-website-source","True","13206","ad942fb7e88689b77f4920a4ce73ed8d638fd87bd0bef79dc930d10f0adfd762","syntax-only","cross"
"tools/vendor-plugin-semver.cjs","tool-or-website-source","True","2393","98ac7f3eb390da22eae7630c2bf6db120e121fac503169ff29058f165341fdad","syntax-only","E"
"tools/verify-backup-upgrade.py","test-or-gate","True","5290","9cb4f54128cc176d23e31eb97bbcb7ddae058d172d2d1f188d0f5ded0467fc5b","syntax-only","F"
"tools/verify-dsh-upgrade-apk.py","test-or-gate","True","10975","ff51ceae3017a007065ac2b29efbb41c835884562b0d2bcbf16da846324d3483","deep-read","F"
"tools/verify-plugin-upgrade-gate.py","test-or-gate","True","5199","4d760b557dfafe4f39a2c0efa127a40d2641f77062a2f35214970c1b473f69d8","deep-read","F"
"tools/verify-recovery-apk.py","test-or-gate","False","2205","4a07a4c6f6183b4345298be13ba9de226263389665987dbd980dd1e32d2c55d2","deep-read","F"
"tools/verify-stability.py","test-or-gate","True","14176","3548a8f6b95f36e83b7a8e87446a04292f5e2590b203abcca9b30af6c4788973","deep-read","F"
"tools/web-compat/entry.cjs","tool-or-website-source","True","997","001e3b9bdf17cc633ce22caf830c0e86a510aeaf2aaa6de0520916da2230d837","syntax-only","cross"
"tools/web-compat/package-lock.json","tool-or-website-source","True","14557","2b7787112947ce7a706dcfbeb3e854b856ef6ec46f2f431d874789f59670bc7e","syntax-only","cross"
"tools/web-compat/package.json","tool-or-website-source","True","154","d94d5034497123d2975d13e09ae74b833b8be07595a1870760d3748dab5a8054","syntax-only","cross"
"ui-preview/完整交互稿说明.md","root-or-preview","False","8472","2e914881ccffe828401ae7bc7c1a4e4da01d5ae0acfe7938ff5fbcc728f38275","enumerated","D"
"ui-preview/audit-complete.mjs","root-or-preview","False","4366","a19a01a7e59e441acde732d05cf1a4fca9e342aa86ce335ebc23855b885606c2","syntax-only","F"
"ui-preview/build-complete.mjs","root-or-preview","False","2131","d043ce8293b3f29e442b1df6de695fb964a8e3bb3a05e75cfee711f7b5d434b6","syntax-only","D"
"ui-preview/complete.css","root-or-preview","False","24039","16d93e341f040ad01dc1da4d3e25437ec23b3d30f75a3b404d20476670fe3948","enumerated","D"
"ui-preview/complete.js","root-or-preview","False","117440","3b950fc856e96ed1c7b68002849c7629532ad296efa9b4eb7a40b117c85f85d6","syntax-only","D"
"ui-preview/device-a44cc03a-prebuild141.png","root-or-preview","False","147762","0938130b20d2945068a3ade94d6bd5813931a2615fcc31e5a8aec36c5cf35ebc","enumerated","D"
"ui-preview/dsha-0.1.5-rc2.1-ui-v2.html","root-or-preview","False","268892","cb2f8123452b9a1b8a23759ccc0d3b9b09a92407f50d4d4a4b14291f4de3d311","enumerated","D"
"ui-preview/fonts.css","root-or-preview","False","103509","fc42ea5e8e042849ed231fe92036daf0c1af28c683a1c20c4b740cea7b19e495","enumerated","D"
"ui-preview/iteration.css","root-or-preview","False","19669","99c875a4a6904fb36ab057261d1cfe8900f37ec8b20d39b23db468fda9abc3db","enumerated","D"
"ui-preview/native-ui-build133-review.html","root-or-preview","False","5044932","dcce146b475181a12f64f06d07d697ef32f9d517d2190a9380977e69c0ed8438","enumerated","D"
"ui-preview/native-ui-build134-review.html","root-or-preview","False","4167034","b8ad66f7f799a70e075123330c53655a3930ec5b813d9f251f0b846656c8a15f","enumerated","D"
"ui-preview/native-ui-build135-review.html","root-or-preview","False","4636159","ad57055598158824f062e22624477e683c9fb91d6b3c0f9d58317640814ba15a","enumerated","D"
"ui-preview/reference-readable.txt","root-or-preview","False","121588","836c68577b20dfe52c33dcb3aecfdf1ee04bbcffcc3dcad2b17f728634ae3f51","enumerated","D"
"ui-preview/reference.html","root-or-preview","False","222329","3eb141bd88f76d94f5d7dc8e8da20f6f0b0afea44f6e2ef7d17fcb3dbc626dfe","enumerated","D"
"ui-preview/serve-complete.mjs","root-or-preview","False","684","bd099f087c0a549d0ededcfdc0e4775c3dedef06d52143c3a22f068a79799341","syntax-only","D"
"ui-preview/shell.html","root-or-preview","False","4149","0b512a0a6274590cb53874ebb031397d5cbf3e4483723020ccd24f8486297270","enumerated","D"
"website/data/catalog.mjs","tool-or-website-source","True","19355","7cd2a2c43338397758522478645ee6ae49d39747a6569f79e72cb02253f09d07","syntax-only","F"
"website/data/current-release-notes.txt","tool-or-website-source","True","1863","96782e9d8801f4b28d17fe09ad527b492daf85ae303e1f3f1c19c56ac083c743","enumerated","F"
"website/deploy/nginx-dsha-https.conf","tool-or-website-source","True","2238","bb2209361ce6a39681651bba9fc1d75ba7cfd02e0b00fa90f6e827b4aaff02cb","enumerated","F"
"website/deploy/PUBLISHING.md","tool-or-website-source","True","2006","06c04311c2906e202d9af8adae8410c6ee0f60b9d393a78dad77f89966602f56","enumerated","F"
"website/deploy/update-web-release.sh","tool-or-website-source","True","2506","2fc9716f3a253f493f432725efe5a6e48a2c9035132bf2910581d924ee7ac2cf","syntax-only","F"
"website/package-lock.json","tool-or-website-source","True","19867","c2e1c0a160e32b41babdc37b8a4e3a99584deaaa9988577431fb71e127815767","syntax-only","F"
"website/package.json","tool-or-website-source","True","380","4628a3a14b229b64543b5c1d75c1690231f36b910441f6cb75883302c042d45a","syntax-only","F"
"website/README.md","tool-or-website-source","True","2882","4644c20d1aa9bc1596dccac94666d5fcf2f607b359d83b509a17554d0d69e798","enumerated","F"
"website/scripts/build.mjs","tool-or-website-source","True","42481","a167afa2eb5d067d00479a8160684e67c88190a9ee28aaf985ffdee964212c41","syntax-only","F"
"website/scripts/http-check.mjs","tool-or-website-source","True","1309","feed67e79c85842ff6bfca59e3753f3e89bf9cd9e2674ce89625d84c4ca832c6","syntax-only","F"
"website/scripts/install-page.mjs","tool-or-website-source","True","2334","76076510fe506f90e0e03550af6d991e2c328f9735dede46252e97938954e2f6","syntax-only","F"
"website/scripts/interactions.test.mjs","tool-or-website-source","True","8114","5179b36c1a4217c41ca5555dab7119bba72b7b639596230bd428375ffed59f22","syntax-only","F"
"website/scripts/package.mjs","tool-or-website-source","True","1535","af1ff09308e01b1329798cbfa7a4d0b573418923043f0027f2fb3dcc9c027ad8","syntax-only","F"
"website/scripts/serve.mjs","tool-or-website-source","True","2716","57322de6ffd1effac3b401ff2f757da73893bbd9b415903cbcbf8e3f276a020d","syntax-only","F"
"website/scripts/site.test.mjs","tool-or-website-source","True","9208","c3a61e18954b8e4f76b68bddb9295fc0cbd3f6550ffe695f3045889b96c9e404","syntax-only","F"
"website/scripts/verify-copy.mjs","test-or-gate","True","798","f4830ec483a1853048f845e6b5f54a6405eb1a7d880f34dda0322503e8fb8606","syntax-only","F"
"website/src/app.js","tool-or-website-source","True","10571","3f0ff251e971e2dcab3f326be1cd16543cc3e968cbb990f117e4823c440990b5","syntax-only","F"
"website/src/community/dsh-session-health.png","tool-or-website-source","True","238957","be9e4326879c221016b58cdbda6a63c6843696018318e5f4bf3c334a132aeebb","enumerated","F"
"website/src/community/dsh-subagent-model-picker.png","tool-or-website-source","True","190070","edc53332b0afaaade3bc78e7ca24e323b416ca75ed9dc6ebb03619f41f6f7d44","enumerated","F"
"website/src/install.js","tool-or-website-source","True","6184","0bf52a4b13e3bafa530d2081ac4801407f00a474e5c7d1eadfb7c2e37da576dc","syntax-only","F"
"website/src/qrcode-LICENSE.txt","tool-or-website-source","True","1071","3a850fa5f08101db6f40676c2786e10bd2cd5fff7b12ffdf1e0c434d4e49d90c","enumerated","F"
"website/src/skills/device-shell/SKILL.md","tool-or-website-source","True","2738","dbfac86cec7b8c2ed14218402562a1b2dc2395376936929dac1a827a45a7037d","enumerated","F"
"website/src/skills/screen-ocr-operator/SKILL.md","tool-or-website-source","True","3071","8c6ccd0192dce244db5b361608bccf0c34c4cce45bdff0bde853eba552b28129","enumerated","F"
"website/src/styles.css","tool-or-website-source","True","18945","5494309cb6bbd22ccd4b5c307b887fdf4a31db1541e254af868b666ec7819d68","enumerated","F"
"website/src/theme.js","tool-or-website-source","True","570","8aab4ab7ad87de1abe78638718c2b97f6b81978fc7b209dbce8a35f03addee4c","syntax-only","F"
